object={
	name="cerulean_grass_01_generator_1_0"
	render_pass=Map
	clamp_to_water_level=no
	generated_content=yes
	layer="grass_layer"
	pdxmesh="cerulean_grass_06_grass_mesh"
	count=1531
	transform="2779.672607 0.000000 563.527100 0.000000 0.570217 0.000000 0.821494 0.549459 0.549459 0.549459
2782.332764 0.000000 558.680542 0.000000 0.087656 0.000000 0.996151 0.480041 0.480041 0.480041
2780.917480 0.000000 571.508118 0.000000 0.088925 0.000000 0.996038 0.311457 0.311457 0.311457
2782.480225 0.000000 563.801514 0.000000 0.111375 0.000000 0.993778 0.464483 0.464483 0.464483
2780.085205 0.000000 574.894104 0.000000 0.381183 0.000000 0.924500 0.516945 0.516945 0.516945
2781.649658 0.000000 567.952271 0.000000 0.325716 0.000000 0.945468 0.416259 0.416259 0.416259
2780.716797 0.000000 564.459167 0.000000 0.564951 0.000000 0.825124 0.383410 0.383410 0.383410
2778.067627 0.000000 565.663635 0.000000 0.713757 0.000000 0.700394 0.519800 0.519800 0.519800
2778.938232 0.000000 566.757141 0.000000 0.667016 0.000000 0.745043 0.490453 0.490453 0.490453
2781.863770 0.000000 566.808228 0.000000 0.530048 0.000000 0.847968 0.449905 0.449905 0.449905
2783.191162 0.000000 570.374756 0.000000 0.301386 0.000000 0.953502 0.363205 0.363205 0.363205
2781.740967 0.000000 564.557251 0.000000 0.591667 0.000000 0.806182 0.390720 0.390720 0.390720
2780.377930 0.000000 573.937561 0.000000 0.238437 0.000000 0.971158 0.384831 0.384831 0.384831
2781.663330 0.000000 563.751404 0.000000 0.396114 0.000000 0.918201 0.352513 0.352513 0.352513
2782.293457 0.000000 571.441040 0.000000 0.260077 0.000000 0.965588 0.355146 0.355146 0.355146
2797.503906 0.000000 547.564209 0.000000 0.589260 0.000000 0.807944 0.390054 0.390054 0.390054
2803.479980 0.000000 574.695251 0.000000 0.142686 0.000000 0.989768 0.221490 0.221490 0.221490
2787.600830 0.000000 568.662109 0.000000 0.587348 0.000000 0.809334 0.410715 0.410715 0.410715
2795.828125 0.000000 554.896606 0.000000 0.212335 0.000000 0.977197 0.457729 0.457729 0.457729
2783.571289 0.000000 569.286194 0.000000 0.498678 0.000000 0.866787 0.493178 0.493178 0.493178
2790.033447 0.000000 571.951416 0.000000 0.057218 0.000000 0.998362 0.259922 0.259922 0.259922
2797.572266 0.000000 575.211487 0.000000 0.708889 0.000000 0.705320 0.397125 0.397125 0.397125
2788.500977 0.000000 574.575867 0.000000 0.083684 0.000000 0.996492 0.265884 0.265884 0.265884
2805.791992 0.000000 572.838135 0.000000 0.486141 0.000000 0.873880 0.399346 0.399346 0.399346
2791.507812 0.000000 574.795654 0.000000 0.417075 0.000000 0.908872 0.347143 0.347143 0.347143
2805.635498 0.000000 550.060669 0.000000 0.575464 0.000000 0.817827 0.567008 0.567008 0.567008
2798.133057 0.000000 553.437866 0.000000 0.238920 0.000000 0.971039 0.506397 0.506397 0.506397
2794.204346 0.000000 570.900635 0.000000 0.717393 0.000000 0.696669 0.393341 0.393341 0.393341
2806.080566 0.000000 546.195129 0.000000 0.684042 0.000000 0.729443 0.508157 0.508157 0.508157
2799.651123 0.000000 551.432983 0.000000 0.448932 0.000000 0.893566 0.411267 0.411267 0.411267
2793.711182 0.000000 552.652710 0.000000 0.131083 0.000000 0.991371 0.438298 0.438298 0.438298
2789.573975 0.000000 570.172485 0.000000 0.435719 0.000000 0.900083 0.301384 0.301384 0.301384
2789.211426 0.000000 560.313232 0.000000 0.627164 0.000000 0.778888 0.499689 0.499689 0.499689
2814.910156 0.000000 547.185364 0.000000 0.684276 0.000000 0.729223 0.505745 0.505745 0.505745
2785.954834 0.000000 564.565857 0.000000 0.372063 0.000000 0.928207 0.525161 0.525161 0.525161
2808.744629 0.000000 575.714233 0.000000 0.366474 0.000000 0.930428 0.349275 0.349275 0.349275
2790.132324 0.000000 573.735107 0.000000 0.221876 0.000000 0.975075 0.325580 0.325580 0.325580
2808.822510 0.000000 548.817627 0.000000 0.725441 0.000000 0.688285 0.514717 0.514717 0.514717
2807.172607 0.000000 574.827454 0.000000 0.352864 0.000000 0.935675 0.333527 0.333527 0.333527
2794.712158 0.000000 553.811646 0.000000 0.248874 0.000000 0.968536 0.451786 0.451786 0.451786
2801.927002 0.000000 574.720337 0.000000 0.132574 0.000000 0.991173 0.130478 0.130478 0.130478
2788.063965 0.000000 550.375183 0.000000 0.313170 0.000000 0.949697 0.459314 0.459314 0.459314
2786.020508 0.000000 557.825256 0.000000 0.416397 0.000000 0.909183 0.471779 0.471779 0.471779
2784.280518 0.000000 570.561829 0.000000 0.395892 0.000000 0.918297 0.343746 0.343746 0.343746
2807.198486 0.000000 573.241882 0.000000 0.366391 0.000000 0.930461 0.419106 0.419106 0.419106
2794.447510 0.000000 555.290894 0.000000 0.588392 0.000000 0.808576 0.501255 0.501255 0.501255
2789.850342 0.000000 575.077209 0.000000 0.269132 0.000000 0.963103 0.308285 0.308285 0.308285
2814.551270 0.000000 573.066895 0.000000 0.038334 0.000000 0.999265 0.427837 0.427837 0.427837
2787.199707 0.000000 569.940186 0.000000 0.703977 0.000000 0.710222 0.441467 0.441467 0.441467
2792.771484 0.000000 557.310669 0.000000 0.223489 0.000000 0.974706 0.483112 0.483112 0.483112
2792.214355 0.000000 573.665222 0.000000 0.559699 0.000000 0.828696 0.228363 0.228363 0.228363
2805.007080 0.000000 573.942139 0.000000 0.041669 0.000000 0.999131 0.311396 0.311396 0.311396
2806.104492 0.000000 547.487488 0.000000 0.404183 0.000000 0.914678 0.470274 0.470274 0.470274
2797.230957 0.000000 552.587341 0.000000 0.561968 0.000000 0.827159 0.490573 0.490573 0.490573
2806.250732 0.000000 574.005188 0.000000 0.310721 0.000000 0.950501 0.323689 0.323689 0.323689
2784.814209 0.000000 566.348694 0.000000 0.734395 0.000000 0.678723 0.516188 0.516188 0.516188
2804.307373 0.000000 575.571228 0.000000 0.260919 0.000000 0.965361 0.306371 0.306371 0.306371
2798.676514 0.000000 550.702576 0.000000 0.201223 0.000000 0.979545 0.366363 0.366363 0.366363
2808.405518 0.000000 547.645203 0.000000 0.273693 0.000000 0.961817 0.454675 0.454675 0.454675
2790.957275 0.000000 572.902710 0.000000 0.018045 0.000000 0.999837 0.283676 0.283676 0.283676
2796.498047 0.000000 572.727844 0.000000 0.594344 0.000000 0.804211 0.293491 0.293491 0.293491
2803.856934 0.000000 548.346863 0.000000 0.424223 0.000000 0.905558 0.345496 0.345496 0.345496
2794.824707 0.000000 573.993652 0.000000 0.696417 0.000000 0.717638 0.294268 0.294268 0.294268
2792.630615 0.000000 568.879089 0.000000 0.391659 0.000000 0.920110 0.494993 0.494993 0.494993
2783.383545 0.000000 561.871216 0.000000 0.185570 0.000000 0.982631 0.444499 0.444499 0.444499
2789.891357 0.000000 550.590271 0.000000 0.446341 0.000000 0.894863 0.475508 0.475508 0.475508
2809.202637 0.000000 574.741089 0.000000 0.334970 0.000000 0.942229 0.342220 0.342220 0.342220
2808.906494 0.000000 546.677795 0.000000 0.186189 0.000000 0.982514 0.444570 0.444570 0.444570
2800.994873 0.000000 575.181274 0.000000 0.191771 0.000000 0.981440 0.150072 0.150072 0.150072
2787.931152 0.000000 567.704590 0.000000 0.427524 0.000000 0.904004 0.413965 0.413965 0.413965
2788.600586 0.000000 558.616028 0.000000 0.300494 0.000000 0.953784 0.457818 0.457818 0.457818
2786.878662 0.000000 552.269897 0.000000 0.382201 0.000000 0.924079 0.467588 0.467588 0.467588
2792.021729 0.000000 570.885254 0.000000 0.706148 0.000000 0.708064 0.377264 0.377264 0.377264
2795.578125 0.000000 572.901917 0.000000 0.545573 0.000000 0.838063 0.220426 0.220426 0.220426
2813.400879 0.000000 546.055664 0.000000 0.651883 0.000000 0.758320 0.436257 0.436257 0.436257
2786.490967 0.000000 565.361328 0.000000 0.021315 0.000000 0.999773 0.379504 0.379504 0.379504
2810.043945 0.000000 575.614197 0.000000 0.726893 0.000000 0.686751 0.445783 0.445783 0.445783
2789.359131 0.000000 574.255066 0.000000 0.136963 0.000000 0.990576 0.277930 0.277930 0.277930
2807.622803 0.000000 574.027588 0.000000 0.076745 0.000000 0.997051 0.271033 0.271033 0.271033
2797.296631 0.000000 572.261719 0.000000 0.317485 0.000000 0.948263 0.190690 0.190690 0.190690
2796.200684 0.000000 549.239563 0.000000 0.400007 0.000000 0.916512 0.410721 0.410721 0.410721
2799.717041 0.000000 573.796936 0.000000 0.504691 0.000000 0.863300 0.261371 0.261371 0.261371
2801.403320 0.000000 551.141541 0.000000 0.232277 0.000000 0.972650 0.377800 0.377800 0.377800
2788.460449 0.000000 568.787476 0.000000 0.557660 0.000000 0.830070 0.425448 0.425448 0.425448
2801.451660 0.000000 550.048401 0.000000 0.439829 0.000000 0.898081 0.414544 0.414544 0.414544
2800.165527 0.000000 575.247559 0.000000 0.001904 0.000000 0.999998 0.087680 0.087680 0.087680
2792.467529 0.000000 575.271973 0.000000 0.337550 0.000000 0.941308 0.162750 0.162750 0.162750
2807.404053 0.000000 575.623108 0.000000 0.154190 0.000000 0.988041 0.288205 0.288205 0.288205
2783.340576 0.000000 575.170532 0.000000 0.321098 0.000000 0.947046 0.322371 0.322371 0.322371
2787.898926 0.000000 570.344910 0.000000 0.650004 0.000000 0.759931 0.403461 0.403461 0.403461
2785.462158 0.000000 568.301270 0.000000 0.087841 0.000000 0.996134 0.329015 0.329015 0.329015
2784.238525 0.000000 569.760010 0.000000 0.507659 0.000000 0.861558 0.410248 0.410248 0.410248
2793.227783 0.000000 573.836914 0.000000 0.129555 0.000000 0.991572 0.051784 0.051784 0.051784
2784.490723 0.000000 571.413879 0.000000 0.433470 0.000000 0.901168 0.352840 0.352840 0.352840
2802.906250 0.000000 546.719727 0.000000 0.728475 0.000000 0.685072 0.459819 0.459819 0.459819
2799.029297 0.000000 573.439148 0.000000 0.497244 0.000000 0.867611 0.258574 0.258574 0.258574
2801.452393 0.000000 547.126282 0.000000 0.548311 0.000000 0.836274 0.377456 0.377456 0.377456
2782.040039 0.000000 586.126831 0.000000 0.368537 0.000000 0.929613 0.533860 0.533860 0.533860
2782.148682 0.000000 576.122070 0.000000 0.713956 0.000000 0.700190 0.471030 0.471030 0.471030
2782.332275 0.000000 580.851868 0.000000 0.282399 0.000000 0.959297 0.536505 0.536505 0.536505
2782.654541 0.000000 587.872620 0.000000 0.490141 0.000000 0.871643 0.541332 0.541332 0.541332
2784.071777 0.000000 583.643738 0.000000 0.355097 0.000000 0.934829 0.462503 0.462503 0.462503
2797.503906 0.000000 579.548584 0.000000 0.085581 0.000000 0.996331 0.099467 0.099467 0.099467
2784.308594 0.000000 597.218689 0.000000 0.564307 0.000000 0.825565 0.490891 0.490891 0.490891
2801.919922 0.000000 598.671570 0.000000 0.228313 0.000000 0.973588 0.206451 0.206451 0.206451
2791.854492 0.000000 584.424133 0.000000 0.211391 0.000000 0.977402 0.294917 0.294917 0.294917
2801.993408 0.000000 592.279114 0.000000 0.191865 0.000000 0.981421 0.290438 0.290438 0.290438
2783.509033 0.000000 577.363220 0.000000 0.346603 0.000000 0.938012 0.397674 0.397674 0.397674
2783.677734 0.000000 592.796631 0.000000 0.233801 0.000000 0.972285 0.518022 0.518022 0.518022
2795.828125 0.000000 586.880981 0.000000 0.564922 0.000000 0.825144 0.229313 0.229313 0.229313
2804.089844 0.000000 583.921509 0.000000 0.069661 0.000000 0.997571 0.388640 0.388640 0.388640
2791.422363 0.000000 589.008301 0.000000 0.470663 0.000000 0.882313 0.405733 0.405733 0.405733
2790.033447 0.000000 603.935791 0.000000 0.391635 0.000000 0.920121 0.493240 0.493240 0.493240
2809.760010 0.000000 579.367920 0.000000 0.252021 0.000000 0.967722 0.458065 0.458065 0.458065
2804.036621 0.000000 576.752380 0.000000 0.029668 0.000000 0.999560 0.366842 0.366842 0.366842
2800.151611 0.000000 596.147522 0.000000 0.641447 0.000000 0.767167 0.411388 0.411388 0.411388
2795.061523 0.000000 578.367981 0.000000 0.501725 0.000000 0.865027 0.279043 0.279043 0.279043
2786.734619 0.000000 583.167358 0.000000 0.085443 0.000000 0.996343 0.181738 0.181738 0.181738
2789.373291 0.000000 578.519592 0.000000 0.249291 0.000000 0.968429 0.303669 0.303669 0.303669
2800.867188 0.000000 588.519226 0.000000 0.601285 0.000000 0.799035 0.496004 0.496004 0.496004
2798.105225 0.000000 587.531372 0.000000 0.391806 0.000000 0.920048 0.358516 0.358516 0.358516
2795.465332 0.000000 580.677856 0.000000 0.568400 0.000000 0.822752 0.303293 0.303293 0.303293
2795.963135 0.000000 584.691528 0.000000 0.269693 0.000000 0.962946 0.104307 0.104307 0.104307
2799.861084 0.000000 591.843689 0.000000 0.505081 0.000000 0.863072 0.409702 0.409702 0.409702
2804.165527 0.000000 603.491943 0.000000 0.688129 0.000000 0.725588 0.426090 0.426090 0.426090
2805.589355 0.000000 607.091919 0.000000 0.629438 0.000000 0.777051 0.422697 0.422697 0.422697
2796.049561 0.000000 576.548035 0.000000 0.148883 0.000000 0.988855 0.304056 0.304056 0.304056
2783.383301 0.000000 581.959595 0.000000 0.602919 0.000000 0.797803 0.554343 0.554343 0.554343
2793.502930 0.000000 577.531921 0.000000 0.639863 0.000000 0.768489 0.361052 0.361052 0.361052
2812.506348 0.000000 576.702881 0.000000 0.226162 0.000000 0.974090 0.487372 0.487372 0.487372
2804.495605 0.000000 601.474548 0.000000 0.339559 0.000000 0.940585 0.279052 0.279052 0.279052
2805.476807 0.000000 575.793396 0.000000 0.374823 0.000000 0.927096 0.333386 0.333386 0.333386
2796.833496 0.000000 577.990112 0.000000 0.728132 0.000000 0.685437 0.442758 0.442758 0.442758
2803.653564 0.000000 578.361145 0.000000 0.579699 0.000000 0.814830 0.492999 0.492999 0.492999
2784.993164 0.000000 582.247131 0.000000 0.453023 0.000000 0.891499 0.474700 0.474700 0.474700
2783.588623 0.000000 575.791870 0.000000 0.415065 0.000000 0.909792 0.344941 0.344941 0.344941
2800.810059 0.000000 577.569458 0.000000 0.624431 0.000000 0.781080 0.389191 0.389191 0.389191
2805.501221 0.000000 592.250122 0.000000 0.019000 0.000000 0.999820 0.525617 0.525617 0.525617
2783.358398 0.000000 591.251831 0.000000 0.573991 0.000000 0.818861 0.531017 0.531017 0.531017
2802.114258 0.000000 582.581848 0.000000 0.139466 0.000000 0.990227 0.278498 0.278498 0.278498
2784.504883 0.000000 594.109131 0.000000 0.332588 0.000000 0.943072 0.461619 0.461619 0.461619
2794.712158 0.000000 585.796021 0.000000 0.411889 0.000000 0.911234 0.162157 0.162157 0.162157
2793.864258 0.000000 581.599731 0.000000 0.359911 0.000000 0.932987 0.329783 0.329783 0.329783
2800.670166 0.000000 597.787842 0.000000 0.534394 0.000000 0.845235 0.382787 0.382787 0.382787
2804.584229 0.000000 589.453369 0.000000 0.293890 0.000000 0.955839 0.519943 0.519943 0.519943
2791.727295 0.000000 599.988953 0.000000 0.455025 0.000000 0.890478 0.473311 0.473311 0.473311
2799.366943 0.000000 588.364929 0.000000 0.402776 0.000000 0.915298 0.438926 0.438926 0.438926
2783.451172 0.000000 589.660522 0.000000 0.653881 0.000000 0.756598 0.503598 0.503598 0.503598
2805.888184 0.000000 600.444580 0.000000 0.733546 0.000000 0.679640 0.404112 0.404112 0.404112
2805.660889 0.000000 603.345459 0.000000 0.501277 0.000000 0.865287 0.376002 0.376002 0.376002
2802.057373 0.000000 587.542297 0.000000 0.110397 0.000000 0.993888 0.435957 0.435957 0.435957
2792.888184 0.000000 587.972961 0.000000 0.645295 0.000000 0.763934 0.323917 0.323917 0.323917
2795.018311 0.000000 599.389160 0.000000 0.018362 0.000000 0.999831 0.353504 0.353504 0.353504
2795.446533 0.000000 588.378784 0.000000 0.065639 0.000000 0.997843 0.025090 0.025090 0.025090
2807.198486 0.000000 605.226257 0.000000 0.306957 0.000000 0.951724 0.513263 0.513263 0.513263
2789.210205 0.000000 584.953308 0.000000 0.220146 0.000000 0.975467 0.189848 0.189848 0.189848
2800.288574 0.000000 593.267822 0.000000 0.561328 0.000000 0.827593 0.380971 0.380971 0.380971
2799.699707 0.000000 594.730530 0.000000 0.647185 0.000000 0.762333 0.475337 0.475337 0.475337
2798.285645 0.000000 578.344543 0.000000 0.615787 0.000000 0.787913 0.368930 0.368930 0.368930
2794.453857 0.000000 579.653931 0.000000 0.302553 0.000000 0.953132 0.212033 0.212033 0.212033
2796.996582 0.000000 595.096802 0.000000 0.447058 0.000000 0.894505 0.475598 0.475598 0.475598
2799.079590 0.000000 580.019775 0.000000 0.423026 0.000000 0.906118 0.307828 0.307828 0.307828
2784.667969 0.000000 587.429504 0.000000 0.155339 0.000000 0.987861 0.441052 0.441052 0.441052
2803.285889 0.000000 598.724426 0.000000 0.247083 0.000000 0.968994 0.154735 0.154735 0.154735
2803.092285 0.000000 575.742981 0.000000 0.174453 0.000000 0.984666 0.230021 0.230021 0.230021
2786.191406 0.000000 593.394775 0.000000 0.116537 0.000000 0.993186 0.473677 0.473677 0.473677
2801.548340 0.000000 595.586487 0.000000 0.335978 0.000000 0.941870 0.324047 0.324047 0.324047
2797.415283 0.000000 590.558594 0.000000 0.154764 0.000000 0.987952 0.243810 0.243810 0.243810
2785.452881 0.000000 583.522644 0.000000 0.658253 0.000000 0.752797 0.502972 0.502972 0.502972
2790.561768 0.000000 599.282715 0.000000 0.179374 0.000000 0.983781 0.439625 0.439625 0.439625
2801.161865 0.000000 591.274292 0.000000 0.337759 0.000000 0.941233 0.454889 0.454889 0.454889
2806.104492 0.000000 579.471863 0.000000 0.031017 0.000000 0.999519 0.427015 0.427015 0.427015
2788.533936 0.000000 593.453796 0.000000 0.013754 0.000000 0.999905 0.406416 0.406416 0.406416
2793.585693 0.000000 596.022888 0.000000 0.063566 0.000000 0.997978 0.261351 0.261351 0.261351
2802.614014 0.000000 605.654663 0.000000 0.251774 0.000000 0.967786 0.197773 0.197773 0.197773
2792.077393 0.000000 595.467468 0.000000 0.087402 0.000000 0.996173 0.233394 0.233394 0.233394
2791.188477 0.000000 601.456116 0.000000 0.573074 0.000000 0.819504 0.492088 0.492088 0.492088
2798.120605 0.000000 592.451477 0.000000 0.453910 0.000000 0.891048 0.430339 0.430339 0.430339
2804.307373 0.000000 607.555603 0.000000 0.380454 0.000000 0.924800 0.364814 0.364814 0.364814
2798.676514 0.000000 582.686951 0.000000 0.587401 0.000000 0.809296 0.361292 0.361292 0.361292
2799.934082 0.000000 580.884644 0.000000 0.474188 0.000000 0.880424 0.322581 0.322581 0.322581
2808.405518 0.000000 579.629578 0.000000 0.173614 0.000000 0.984814 0.449408 0.449408 0.449408
2805.178955 0.000000 596.927307 0.000000 0.098527 0.000000 0.995134 0.439027 0.439027 0.439027
2812.504639 0.000000 577.873840 0.000000 0.300320 0.000000 0.953839 0.493822 0.493822 0.493822
2795.141357 0.000000 594.879822 0.000000 0.058274 0.000000 0.998301 0.271488 0.271488 0.271488
2790.099609 0.000000 591.583801 0.000000 0.091697 0.000000 0.995787 0.305353 0.305353 0.305353
2803.856934 0.000000 580.331238 0.000000 0.081288 0.000000 0.996691 0.388051 0.388051 0.388051
2799.697266 0.000000 597.214478 0.000000 0.702556 0.000000 0.711628 0.505114 0.505114 0.505114
2795.195801 0.000000 575.788696 0.000000 0.016992 0.000000 0.999856 0.104245 0.104245 0.104245
2804.778320 0.000000 604.409302 0.000000 0.086912 0.000000 0.996216 0.244386 0.244386 0.244386
2796.103027 0.000000 585.785522 0.000000 0.290520 0.000000 0.956869 0.141265 0.141265 0.141265
2784.340576 0.000000 576.587463 0.000000 0.229139 0.000000 0.973394 0.369237 0.369237 0.369237
2803.074463 0.000000 603.635254 0.000000 0.590903 0.000000 0.806742 0.313179 0.313179 0.313179
2787.006592 0.000000 582.131897 0.000000 0.325183 0.000000 0.945651 0.250918 0.250918 0.250918
2790.931396 0.000000 585.346436 0.000000 0.088587 0.000000 0.996068 0.266989 0.266989 0.266989
2786.364502 0.000000 576.858276 0.000000 0.487282 0.000000 0.873244 0.361420 0.361420 0.361420
2791.508545 0.000000 582.024048 0.000000 0.495700 0.000000 0.868494 0.363592 0.363592 0.363592
2800.562744 0.000000 584.540710 0.000000 0.478546 0.000000 0.878062 0.338307 0.338307 0.338307
2786.590088 0.000000 599.951965 0.000000 0.103367 0.000000 0.994643 0.435163 0.435163 0.435163
2800.994873 0.000000 607.165649 0.000000 0.367060 0.000000 0.930197 0.467544 0.467544 0.467544
2795.877930 0.000000 599.968506 0.000000 0.267695 0.000000 0.963504 0.393618 0.393618 0.393618
2788.063965 0.000000 596.618530 0.000000 0.357291 0.000000 0.933993 0.464576 0.464576 0.464576
2786.003174 0.000000 582.263489 0.000000 0.541077 0.000000 0.840973 0.318649 0.318649 0.318649
2783.972168 0.000000 578.275024 0.000000 0.605799 0.000000 0.795618 0.496640 0.496640 0.496640
2791.532471 0.000000 576.588074 0.000000 0.137034 0.000000 0.990566 0.269358 0.269358 0.269358
2785.329102 0.000000 597.342102 0.000000 0.588193 0.000000 0.808721 0.494174 0.494174 0.494174
2802.316650 0.000000 594.903015 0.000000 0.381770 0.000000 0.924257 0.335072 0.335072 0.335072
2790.569336 0.000000 580.252930 0.000000 0.424328 0.000000 0.905509 0.345522 0.345522 0.345522
2788.263672 0.000000 583.359070 0.000000 0.664806 0.000000 0.747016 0.371289 0.371289 0.371289
2786.982910 0.000000 596.551819 0.000000 0.436559 0.000000 0.899675 0.474283 0.474283 0.474283
2788.603271 0.000000 595.638428 0.000000 0.553621 0.000000 0.832769 0.489443 0.489443 0.489443
2807.032227 0.000000 579.125671 0.000000 0.606861 0.000000 0.794808 0.496790 0.496790 0.496790
2792.302734 0.000000 579.673523 0.000000 0.329949 0.000000 0.943999 0.322611 0.322611 0.322611
2786.978760 0.000000 585.290955 0.000000 0.020999 0.000000 0.999780 0.244813 0.244813 0.244813
2792.812500 0.000000 584.157043 0.000000 0.551511 0.000000 0.834168 0.323635 0.323635 0.323635
2788.670410 0.000000 585.813782 0.000000 0.634345 0.000000 0.773050 0.331304 0.331304 0.331304
2804.962646 0.000000 600.661316 0.000000 0.617406 0.000000 0.786644 0.362672 0.362672 0.362672
2801.757080 0.000000 577.693909 0.000000 0.479417 0.000000 0.877587 0.348173 0.348173 0.348173
2801.463623 0.000000 576.823486 0.000000 0.170501 0.000000 0.985358 0.270883 0.270883 0.270883
2791.170166 0.000000 595.144531 0.000000 0.719203 0.000000 0.694800 0.487239 0.487239 0.487239
2799.123779 0.000000 587.485962 0.000000 0.079123 0.000000 0.996865 0.291667 0.291667 0.291667
2797.973877 0.000000 577.484619 0.000000 0.493656 0.000000 0.869658 0.380439 0.380439 0.380439
2792.213623 0.000000 588.592590 0.000000 0.525392 0.000000 0.850860 0.261600 0.261600 0.261600
2788.950195 0.000000 582.555298 0.000000 0.502404 0.000000 0.864633 0.316832 0.316832 0.316832
2790.977051 0.000000 593.179138 0.000000 0.052577 0.000000 0.998617 0.270249 0.270249 0.270249
2799.958740 0.000000 577.883850 0.000000 0.547565 0.000000 0.836763 0.371316 0.371316 0.371316
2798.779297 0.000000 575.998047 0.000000 0.029684 0.000000 0.999559 0.163699 0.163699 0.163699
2804.119141 0.000000 600.357788 0.000000 0.048773 0.000000 0.998810 0.201026 0.201026 0.201026
2793.616943 0.000000 593.504822 0.000000 0.687994 0.000000 0.725716 0.355497 0.355497 0.355497
2793.588623 0.000000 589.572388 0.000000 0.420314 0.000000 0.907379 0.221900 0.221900 0.221900
2787.494873 0.000000 581.416199 0.000000 0.609772 0.000000 0.792577 0.421817 0.421817 0.421817
2795.013672 0.000000 586.607849 0.000000 0.095833 0.000000 0.995397 0.036662 0.036662 0.036662
2803.071777 0.000000 604.865845 0.000000 0.507826 0.000000 0.861460 0.282769 0.282769 0.282769
2791.208252 0.000000 583.849060 0.000000 0.621699 0.000000 0.783256 0.397805 0.397805 0.397805
2803.513672 0.000000 594.633057 0.000000 0.694077 0.000000 0.719901 0.419426 0.419426 0.419426
2801.451660 0.000000 582.032776 0.000000 0.393683 0.000000 0.919246 0.303039 0.303039 0.303039
2794.218506 0.000000 583.582764 0.000000 0.680087 0.000000 0.733131 0.338674 0.338674 0.338674
2788.253662 0.000000 585.060669 0.000000 0.577239 0.000000 0.816575 0.309466 0.309466 0.309466
2795.239502 0.000000 587.553528 0.000000 0.649439 0.000000 0.760414 0.269996 0.269996 0.269996
2789.766602 0.000000 588.328369 0.000000 0.165348 0.000000 0.986235 0.318048 0.318048 0.318048
2795.392090 0.000000 585.286377 0.000000 0.343590 0.000000 0.939120 0.133972 0.133972 0.133972
2786.584473 0.000000 576.047302 0.000000 0.734307 0.000000 0.678817 0.432348 0.432348 0.432348
2800.277588 0.000000 585.303650 0.000000 0.249814 0.000000 0.968294 0.278119 0.278119 0.278119
2790.436523 0.000000 590.502625 0.000000 0.547297 0.000000 0.836938 0.402436 0.402436 0.402436
2810.058105 0.000000 575.846069 0.000000 0.649087 0.000000 0.760714 0.423903 0.423903 0.423903
2784.724365 0.000000 575.833618 0.000000 0.684559 0.000000 0.728957 0.416474 0.416474 0.416474
2808.229736 0.000000 577.866333 0.000000 0.638735 0.000000 0.769427 0.402735 0.402735 0.402735
2793.781982 0.000000 594.342957 0.000000 0.540295 0.000000 0.841475 0.352840 0.352840 0.352840
2797.324219 0.000000 587.283508 0.000000 0.299725 0.000000 0.954026 0.142832 0.142832 0.142832
2801.068848 0.000000 593.084900 0.000000 0.080964 0.000000 0.996717 0.265270 0.265270 0.265270
2803.994629 0.000000 605.967285 0.000000 0.159959 0.000000 0.987124 0.169091 0.169091 0.169091
2792.760742 0.000000 577.961914 0.000000 0.251562 0.000000 0.967841 0.241091 0.241091 0.241091
2794.756836 0.000000 589.220825 0.000000 0.682770 0.000000 0.730633 0.287070 0.287070 0.287070
2800.762695 0.000000 598.625305 0.000000 0.263181 0.000000 0.964747 0.217013 0.217013 0.217013
2799.648193 0.000000 586.742615 0.000000 0.700352 0.000000 0.713798 0.435682 0.435682 0.435682
2790.833252 0.000000 587.110474 0.000000 0.645325 0.000000 0.763908 0.404667 0.404667 0.404667
2797.604004 0.000000 588.130432 0.000000 0.724078 0.000000 0.689718 0.348044 0.348044 0.348044
2804.923584 0.000000 603.613220 0.000000 0.330453 0.000000 0.943823 0.335670 0.335670 0.335670
2791.095703 0.000000 575.958313 0.000000 0.620053 0.000000 0.784560 0.400035 0.400035 0.400035
2801.452393 0.000000 579.110657 0.000000 0.719854 0.000000 0.694126 0.427617 0.427617 0.427617
2805.550537 0.000000 604.100708 0.000000 0.487533 0.000000 0.873105 0.345583 0.345583 0.345583
2812.522949 0.000000 614.464783 0.000000 0.715821 0.000000 0.698284 0.506210 0.506210 0.506210
2813.952148 0.000000 625.773926 0.000000 0.450584 0.000000 0.892734 0.267791 0.267791 0.267791
2810.077637 0.000000 622.809998 0.000000 0.677114 0.000000 0.735878 0.474888 0.474888 0.474888
2814.032227 0.000000 618.111206 0.000000 0.591831 0.000000 0.806062 0.500298 0.500298 0.500298
2814.400879 0.000000 633.239746 0.000000 0.598512 0.000000 0.801114 0.561029 0.561029 0.561029
2811.664795 0.000000 627.495850 0.000000 0.047136 0.000000 0.998888 0.574895 0.574895 0.574895
2808.845215 0.000000 617.064392 0.000000 0.282197 0.000000 0.959356 0.419106 0.419106 0.419106
2811.206543 0.000000 625.343750 0.000000 0.128169 0.000000 0.991752 0.498460 0.498460 0.498460
2814.646729 0.000000 619.856995 0.000000 0.478540 0.000000 0.878066 0.486010 0.486010 0.486010
2808.822510 0.000000 612.786377 0.000000 0.039960 0.000000 0.999201 0.384452 0.384452 0.384452
2803.653564 0.000000 610.345520 0.000000 0.377100 0.000000 0.926172 0.541466 0.541466 0.541466
2813.114014 0.000000 627.047668 0.000000 0.185814 0.000000 0.982585 0.309783 0.309783 0.309783
2812.212402 0.000000 622.260132 0.000000 0.137791 0.000000 0.990461 0.125760 0.125760 0.125760
2815.290527 0.000000 618.641968 0.000000 0.602967 0.000000 0.797766 0.501774 0.501774 0.501774
2805.791504 0.000000 612.651123 0.000000 0.260135 0.000000 0.965572 0.478558 0.478558 0.478558
2809.292236 0.000000 608.114746 0.000000 0.354123 0.000000 0.935199 0.496789 0.496789 0.496789
2812.055908 0.000000 626.276001 0.000000 0.371291 0.000000 0.928517 0.350362 0.350362 0.350362
2810.256836 0.000000 616.932007 0.000000 0.434548 0.000000 0.900649 0.225456 0.225456 0.225456
2804.897461 0.000000 610.268494 0.000000 0.046317 0.000000 0.998927 0.300857 0.300857 0.300857
2814.861328 0.000000 626.566895 0.000000 0.364342 0.000000 0.931265 0.185511 0.185511 0.185511
2814.719238 0.000000 630.089111 0.000000 0.154679 0.000000 0.987965 0.407052 0.407052 0.407052
2813.733154 0.000000 628.526001 0.000000 0.502270 0.000000 0.864711 0.481083 0.481083 0.481083
2814.921387 0.000000 625.195496 0.000000 0.060134 0.000000 0.998190 0.120284 0.120284 0.120284
2807.925781 0.000000 613.238159 0.000000 0.388929 0.000000 0.921268 0.368397 0.368397 0.368397
2807.974365 0.000000 609.027832 0.000000 0.169580 0.000000 0.985516 0.314714 0.314714 0.314714
2804.312988 0.000000 610.933899 0.000000 0.596663 0.000000 0.802492 0.417221 0.417221 0.417221
2813.802734 0.000000 620.704468 0.000000 0.269640 0.000000 0.962961 0.127613 0.127613 0.127613
2814.298096 0.000000 629.257080 0.000000 0.141444 0.000000 0.989946 0.126981 0.126981 0.126981
2814.935547 0.000000 624.292847 0.000000 0.323110 0.000000 0.946362 0.205658 0.205658 0.205658
2812.766357 0.000000 622.816833 0.000000 0.396765 0.000000 0.917920 0.215062 0.215062 0.215062
2749.608398 0.000000 734.009216 0.000000 0.433022 0.000000 0.901383 0.211434 0.211434 0.211434
2741.807617 0.000000 732.760010 0.000000 0.239798 0.000000 0.970823 0.492529 0.492529 0.492529
2748.925293 0.000000 731.429993 0.000000 0.151019 0.000000 0.988531 0.374659 0.374659 0.374659
2741.604980 0.000000 735.029419 0.000000 0.649285 0.000000 0.760545 0.269918 0.269918 0.269918
2744.760254 0.000000 735.636108 0.000000 0.034313 0.000000 0.999411 0.013109 0.013109 0.013109
2743.214111 0.000000 733.163757 0.000000 0.576489 0.000000 0.817105 0.419495 0.419495 0.419495
2748.636963 0.000000 732.900757 0.000000 0.027476 0.000000 0.999622 0.010496 0.010496 0.010496
2744.256836 0.000000 732.268799 0.000000 0.074525 0.000000 0.997219 0.129347 0.129347 0.129347
2747.394287 0.000000 733.756165 0.000000 0.346355 0.000000 0.938103 0.135097 0.135097 0.135097
2749.119873 0.000000 735.410034 0.000000 0.650927 0.000000 0.759140 0.301732 0.301732 0.301732
2740.322998 0.000000 735.493103 0.000000 0.396532 0.000000 0.918021 0.155744 0.155744 0.155744
2751.198975 0.000000 730.296631 0.000000 0.223816 0.000000 0.974631 0.323970 0.323970 0.323970
2745.218262 0.000000 734.662964 0.000000 0.137805 0.000000 0.990459 0.052806 0.052806 0.052806
2744.157959 0.000000 734.745056 0.000000 0.668356 0.000000 0.743841 0.279602 0.279602 0.279602
2746.059570 0.000000 735.536072 0.000000 0.530505 0.000000 0.847682 0.213597 0.213597 0.213597
2740.481934 0.000000 734.584900 0.000000 0.066507 0.000000 0.997786 0.025422 0.025422 0.025422
2748.278320 0.000000 732.116821 0.000000 0.104331 0.000000 0.994543 0.039924 0.039924 0.039924
2749.790283 0.000000 734.894287 0.000000 0.504498 0.000000 0.863413 0.239447 0.239447 0.239447
2738.771973 0.000000 740.068176 0.000000 0.255942 0.000000 0.966692 0.505668 0.505668 0.505668
2741.492432 0.000000 735.715271 0.000000 0.340738 0.000000 0.940158 0.132812 0.132812 0.132812
2745.307861 0.000000 736.052246 0.000000 0.510698 0.000000 0.859760 0.240387 0.240387 0.240387
2744.167236 0.000000 736.010620 0.000000 0.337618 0.000000 0.941283 0.173798 0.173798 0.173798
2747.966797 0.000000 735.666260 0.000000 0.322013 0.000000 0.946735 0.125231 0.125231 0.125231
2743.047852 0.000000 739.047546 0.000000 0.474031 0.000000 0.880508 0.212839 0.212839 0.212839
2742.287354 0.000000 737.083374 0.000000 0.103054 0.000000 0.994676 0.039434 0.039434 0.039434
2738.109131 0.000000 739.441284 0.000000 0.208726 0.000000 0.977974 0.335064 0.335064 0.335064
2740.308105 0.000000 744.763367 0.000000 0.305968 0.000000 0.952042 0.392413 0.392413 0.392413
2739.550049 0.000000 737.373535 0.000000 0.374292 0.000000 0.927311 0.276352 0.276352 0.276352
2739.203613 0.000000 736.528809 0.000000 0.205066 0.000000 0.978748 0.228070 0.228070 0.228070
2746.073730 0.000000 735.767944 0.000000 0.369149 0.000000 0.929370 0.144421 0.144421 0.144421
2743.110107 0.000000 738.288208 0.000000 0.070646 0.000000 0.997501 0.060713 0.060713 0.060713
2759.547607 0.000000 726.329346 0.000000 0.259928 0.000000 0.965628 0.596082 0.596082 0.596082
2755.608643 0.000000 728.583984 0.000000 0.588357 0.000000 0.808601 0.576018 0.576018 0.576018
2766.113037 0.000000 715.468872 0.000000 0.104098 0.000000 0.994567 0.461606 0.461606 0.461606
2767.429443 0.000000 735.521301 0.000000 0.344004 0.000000 0.938968 0.134140 0.134140 0.134140
2769.934814 0.000000 734.642212 0.000000 0.577153 0.000000 0.816636 0.260768 0.260768 0.260768
2763.026123 0.000000 727.326660 0.000000 0.359232 0.000000 0.933248 0.405326 0.405326 0.405326
2764.228027 0.000000 730.081848 0.000000 0.630569 0.000000 0.776133 0.260614 0.260614 0.260614
2765.859131 0.000000 726.879150 0.000000 0.003164 0.000000 0.999995 0.250118 0.250118 0.250118
2763.035400 0.000000 729.995605 0.000000 0.483140 0.000000 0.875543 0.216569 0.216569 0.216569
2763.885742 0.000000 727.906006 0.000000 0.441662 0.000000 0.897182 0.419887 0.419887 0.419887
2766.244385 0.000000 730.628662 0.000000 0.467398 0.000000 0.884047 0.247499 0.247499 0.247499
2755.527588 0.000000 731.930908 0.000000 0.595225 0.000000 0.803559 0.426655 0.426655 0.426655
2764.090332 0.000000 729.118042 0.000000 0.510029 0.000000 0.860157 0.204438 0.204438 0.204438
2764.909424 0.000000 729.472290 0.000000 0.489064 0.000000 0.872248 0.195194 0.195194 0.195194
2753.059082 0.000000 730.729065 0.000000 0.190991 0.000000 0.981592 0.296433 0.296433 0.296433
2765.148682 0.000000 726.430176 0.000000 0.136461 0.000000 0.990645 0.279964 0.279964 0.279964
2811.637695 0.000000 729.826721 0.000000 0.671543 0.000000 0.740965 0.412495 0.412495 0.412495
2809.166504 0.000000 722.068237 0.000000 0.419490 0.000000 0.907760 0.581250 0.581250 0.581250
2813.952148 0.000000 721.727051 0.000000 0.406684 0.000000 0.913569 0.553409 0.553409 0.553409
2811.144775 0.000000 732.524414 0.000000 0.270039 0.000000 0.962849 0.563076 0.563076 0.563076
2814.996582 0.000000 731.684204 0.000000 0.470015 0.000000 0.882658 0.382921 0.382921 0.382921
2811.206543 0.000000 721.296875 0.000000 0.412013 0.000000 0.911178 0.529610 0.529610 0.529610
2804.165527 0.000000 731.429443 0.000000 0.016215 0.000000 0.999869 0.006194 0.006194 0.006194
2807.579102 0.000000 721.571289 0.000000 0.282937 0.000000 0.959139 0.546149 0.546149 0.546149
2803.940186 0.000000 733.113281 0.000000 0.684853 0.000000 0.728681 0.288160 0.288160 0.288160
2801.927002 0.000000 734.642212 0.000000 0.153426 0.000000 0.988160 0.213758 0.213758 0.213758
2813.641846 0.000000 727.874146 0.000000 0.439973 0.000000 0.898011 0.252529 0.252529 0.252529
2810.645508 0.000000 724.438782 0.000000 0.590558 0.000000 0.806995 0.241311 0.241311 0.241311
2802.050781 0.000000 730.995789 0.000000 0.003529 0.000000 0.999994 0.001348 0.001348 0.001348
2811.704102 0.000000 731.457642 0.000000 0.283990 0.000000 0.958827 0.357877 0.357877 0.357877
2809.818115 0.000000 730.094238 0.000000 0.028848 0.000000 0.999584 0.371337 0.371337 0.371337
2813.855957 0.000000 726.730103 0.000000 0.295343 0.000000 0.955391 0.204001 0.204001 0.204001
2804.778320 0.000000 732.346802 0.000000 0.108657 0.000000 0.994079 0.407292 0.407292 0.407292
2803.804443 0.000000 730.325928 0.000000 0.517441 0.000000 0.855719 0.207738 0.207738 0.207738
2814.719238 0.000000 726.042236 0.000000 0.170171 0.000000 0.985415 0.260320 0.260320 0.260320
2808.884521 0.000000 729.758362 0.000000 0.245663 0.000000 0.969355 0.302828 0.302828 0.302828
2808.637451 0.000000 728.729431 0.000000 0.020748 0.000000 0.999785 0.251721 0.251721 0.251721
2808.017578 0.000000 730.728394 0.000000 0.693540 0.000000 0.720418 0.480711 0.480711 0.480711
2813.606445 0.000000 729.821228 0.000000 0.274041 0.000000 0.961718 0.309431 0.309431 0.309431
2814.063965 0.000000 722.925110 0.000000 0.680096 0.000000 0.733123 0.415103 0.415103 0.415103
2808.898193 0.000000 726.400330 0.000000 0.064913 0.000000 0.997891 0.234587 0.234587 0.234587
2800.165527 0.000000 735.169434 0.000000 0.460382 0.000000 0.887721 0.302194 0.302194 0.302194
2813.655518 0.000000 723.673279 0.000000 0.223814 0.000000 0.974632 0.370311 0.370311 0.370311
2810.863525 0.000000 723.645325 0.000000 0.480787 0.000000 0.876837 0.420615 0.420615 0.420615
2802.057861 0.000000 730.194336 0.000000 0.291597 0.000000 0.956541 0.113024 0.113024 0.113024
2803.994629 0.000000 733.904785 0.000000 0.007689 0.000000 0.999970 0.002937 0.002937 0.002937
2770.570312 0.000000 745.973694 0.000000 0.715836 0.000000 0.698269 0.576843 0.576843 0.576843
2763.473145 0.000000 740.599731 0.000000 0.458739 0.000000 0.888571 0.237767 0.237767 0.237767
2771.444336 0.000000 741.655212 0.000000 0.184235 0.000000 0.982882 0.429818 0.429818 0.429818
2769.970703 0.000000 750.156128 0.000000 0.294160 0.000000 0.955756 0.114048 0.114048 0.114048
2754.074463 0.000000 744.798340 0.000000 0.546348 0.000000 0.837558 0.220779 0.220779 0.220779
2770.764160 0.000000 740.068176 0.000000 0.093611 0.000000 0.995609 0.418574 0.418574 0.418574
2751.596436 0.000000 735.713745 0.000000 0.599667 0.000000 0.800250 0.549973 0.549973 0.549973
2755.903564 0.000000 744.236328 0.000000 0.511390 0.000000 0.859349 0.205043 0.205043 0.205043
2768.926514 0.000000 739.581299 0.000000 0.445898 0.000000 0.895084 0.252928 0.252928 0.252928
2767.583984 0.000000 736.287048 0.000000 0.338499 0.000000 0.940967 0.131903 0.131903 0.131903
2754.294434 0.000000 746.231567 0.000000 0.292407 0.000000 0.956294 0.481677 0.481677 0.481677
2755.572266 0.000000 747.270691 0.000000 0.236307 0.000000 0.971678 0.476273 0.476273 0.476273
2767.531738 0.000000 744.783630 0.000000 0.684483 0.000000 0.729029 0.287966 0.287966 0.287966
2767.087402 0.000000 739.941650 0.000000 0.203919 0.000000 0.978988 0.078441 0.078441 0.078441
2764.008057 0.000000 739.329651 0.000000 0.460943 0.000000 0.887430 0.261483 0.261483 0.261483
2764.781250 0.000000 747.809509 0.000000 0.731322 0.000000 0.682032 0.313316 0.313316 0.313316
2769.274902 0.000000 745.243652 0.000000 0.129525 0.000000 0.991576 0.049614 0.049614 0.049614
2764.690674 0.000000 740.403076 0.000000 0.605725 0.000000 0.795674 0.262323 0.262323 0.262323
2766.684326 0.000000 742.608826 0.000000 0.439236 0.000000 0.898372 0.267319 0.267319 0.267319
2767.941895 0.000000 740.806519 0.000000 0.204185 0.000000 0.978932 0.262588 0.262588 0.262588
2765.865723 0.000000 740.606750 0.000000 0.035556 0.000000 0.999368 0.036581 0.036581 0.036581
2769.462158 0.000000 746.401733 0.000000 0.268022 0.000000 0.963413 0.103644 0.103644 0.103644
2760.932617 0.000000 745.294189 0.000000 0.480059 0.000000 0.877236 0.191262 0.191262 0.191262
2759.943848 0.000000 743.219727 0.000000 0.247245 0.000000 0.968953 0.121154 0.121154 0.121154
2768.570557 0.000000 744.462585 0.000000 0.513288 0.000000 0.858216 0.205887 0.205887 0.205887
2769.884766 0.000000 753.262756 0.000000 0.525595 0.000000 0.850735 0.211389 0.211389 0.211389
2769.722412 0.000000 740.354004 0.000000 0.238822 0.000000 0.971063 0.368961 0.368961 0.368961
2765.970459 0.000000 741.891357 0.000000 0.671496 0.000000 0.741008 0.293719 0.293719 0.293719
2770.120605 0.000000 735.918091 0.000000 0.231919 0.000000 0.972735 0.417786 0.417786 0.417786
2762.344971 0.000000 740.623535 0.000000 0.263469 0.000000 0.964668 0.168261 0.168261 0.168261
2771.373779 0.000000 739.275085 0.000000 0.125236 0.000000 0.992127 0.348877 0.348877 0.348877
2759.097900 0.000000 746.284851 0.000000 0.110504 0.000000 0.993876 0.042296 0.042296 0.042296
2759.120850 0.000000 747.986816 0.000000 0.173402 0.000000 0.984851 0.066571 0.066571 0.066571
2753.545166 0.000000 745.627380 0.000000 0.616169 0.000000 0.787614 0.354109 0.354109 0.354109
2768.613525 0.000000 743.454834 0.000000 0.372701 0.000000 0.927951 0.233144 0.233144 0.233144
2769.471436 0.000000 736.745361 0.000000 0.526957 0.000000 0.849892 0.212000 0.212000 0.212000
2770.101318 0.000000 739.441284 0.000000 0.268210 0.000000 0.963360 0.374241 0.374241 0.374241
2764.497803 0.000000 743.861755 0.000000 0.317428 0.000000 0.948282 0.263564 0.263564 0.263564
2761.783691 0.000000 745.642090 0.000000 0.147078 0.000000 0.989125 0.056384 0.056384 0.056384
2764.190186 0.000000 751.761841 0.000000 0.097459 0.000000 0.995240 0.191756 0.191756 0.191756
2767.060059 0.000000 745.550598 0.000000 0.560337 0.000000 0.828265 0.227194 0.227194 0.227194
2764.208496 0.000000 741.145813 0.000000 0.501105 0.000000 0.865386 0.216155 0.216155 0.216155
2771.542236 0.000000 737.373535 0.000000 0.086777 0.000000 0.996228 0.244353 0.244353 0.244353
2762.515137 0.000000 744.879944 0.000000 0.584134 0.000000 0.811657 0.283671 0.283671 0.283671
2769.411133 0.000000 743.047791 0.000000 0.584850 0.000000 0.811141 0.308058 0.308058 0.308058
2762.184326 0.000000 746.385254 0.000000 0.345057 0.000000 0.938582 0.134569 0.134569 0.134569
2768.285400 0.000000 745.225525 0.000000 0.073652 0.000000 0.997284 0.028158 0.028158 0.028158
2758.605225 0.000000 742.097534 0.000000 0.491196 0.000000 0.871049 0.216718 0.216718 0.216718
2768.250977 0.000000 751.040100 0.000000 0.546508 0.000000 0.837454 0.220852 0.220852 0.220852
2768.456543 0.000000 741.745605 0.000000 0.246350 0.000000 0.969181 0.370310 0.370310 0.370310
2765.533203 0.000000 738.455750 0.000000 0.137750 0.000000 0.990467 0.155790 0.155790 0.155790
2769.105957 0.000000 750.412537 0.000000 0.384600 0.000000 0.923083 0.150793 0.150793 0.150793
2764.840820 0.000000 751.008362 0.000000 0.056958 0.000000 0.998377 0.180498 0.180498 0.180498
2764.345947 0.000000 742.136230 0.000000 0.177163 0.000000 0.984181 0.224492 0.224492 0.224492
2800.247803 0.000000 735.681274 0.000000 0.690510 0.000000 0.723323 0.379556 0.379556 0.379556
2823.414551 0.000000 557.023926 0.000000 0.445625 0.000000 0.895220 0.415619 0.415619 0.415619
2818.103516 0.000000 575.693604 0.000000 0.545405 0.000000 0.838172 0.553846 0.553846 0.553846
2820.897949 0.000000 556.265869 0.000000 0.405076 0.000000 0.914283 0.513589 0.513589 0.513589
2822.303711 0.000000 568.557800 0.000000 0.677986 0.000000 0.735075 0.512176 0.512176 0.512176
2815.962891 0.000000 572.000366 0.000000 0.697825 0.000000 0.716268 0.510300 0.510300 0.510300
2821.614990 0.000000 558.546753 0.000000 0.079831 0.000000 0.996808 0.528537 0.528537 0.528537
2821.341309 0.000000 566.555359 0.000000 0.180409 0.000000 0.983592 0.483452 0.483452 0.483452
2818.308594 0.000000 549.317688 0.000000 0.513717 0.000000 0.857960 0.498044 0.498044 0.498044
2824.687500 0.000000 564.908020 0.000000 0.022490 0.000000 0.999747 0.426056 0.426056 0.426056
2815.375488 0.000000 549.975220 0.000000 0.315265 0.000000 0.949004 0.369682 0.369682 0.369682
2821.566162 0.000000 570.172485 0.000000 0.261384 0.000000 0.965235 0.453240 0.453240 0.453240
2817.057373 0.000000 574.375793 0.000000 0.474888 0.000000 0.880046 0.493627 0.493627 0.493627
2815.327393 0.000000 547.073914 0.000000 0.678723 0.000000 0.734395 0.504870 0.504870 0.504870
2816.985352 0.000000 550.262756 0.000000 0.193718 0.000000 0.981057 0.445431 0.445431 0.445431
2822.364014 0.000000 565.389526 0.000000 0.694372 0.000000 0.719616 0.509759 0.509759 0.509759
2821.202393 0.000000 552.968933 0.000000 0.190527 0.000000 0.981682 0.445066 0.445066 0.445066
2821.999023 0.000000 557.145874 0.000000 0.420796 0.000000 0.907155 0.514882 0.514882 0.514882
2822.087891 0.000000 561.365784 0.000000 0.224901 0.000000 0.974382 0.449014 0.449014 0.449014
2822.463867 0.000000 552.385437 0.000000 0.605273 0.000000 0.796018 0.496566 0.496566 0.496566
2824.763672 0.000000 557.310669 0.000000 0.293589 0.000000 0.955932 0.474165 0.474165 0.474165
2817.445068 0.000000 551.538269 0.000000 0.730261 0.000000 0.683168 0.515507 0.515507 0.515507
2816.144775 0.000000 575.153015 0.000000 0.403606 0.000000 0.914933 0.485779 0.485779 0.485779
2819.092285 0.000000 548.473206 0.000000 0.722115 0.000000 0.691773 0.524474 0.524474 0.524474
2818.998779 0.000000 550.147522 0.000000 0.048391 0.000000 0.998828 0.428968 0.428968 0.428968
2816.291748 0.000000 549.482178 0.000000 0.309398 0.000000 0.950933 0.458869 0.458869 0.458869
2820.255859 0.000000 551.374695 0.000000 0.573116 0.000000 0.819475 0.492094 0.492094 0.492094
2823.105225 0.000000 556.080566 0.000000 0.236162 0.000000 0.971714 0.378465 0.378465 0.378465
2819.511963 0.000000 572.009033 0.000000 0.115706 0.000000 0.993283 0.436558 0.436558 0.436558
2827.987305 0.000000 555.833801 0.000000 0.558527 0.000000 0.829486 0.415378 0.415378 0.415378
2829.564453 0.000000 639.180237 0.000000 0.480942 0.000000 0.876753 0.564770 0.564770 0.564770
2820.493164 0.000000 638.544617 0.000000 0.341124 0.000000 0.940018 0.462638 0.462638 0.462638
2816.694092 0.000000 622.469727 0.000000 0.445942 0.000000 0.895062 0.560147 0.560147 0.560147
2823.999756 0.000000 636.354187 0.000000 0.219181 0.000000 0.975684 0.351302 0.351302 0.351302
2826.552734 0.000000 639.049316 0.000000 0.429784 0.000000 0.902932 0.475126 0.475126 0.475126
2815.416748 0.000000 630.914734 0.000000 0.552402 0.000000 0.833578 0.465658 0.465658 0.465658
2821.566162 0.000000 634.141235 0.000000 0.116895 0.000000 0.993144 0.273384 0.273384 0.273384
2823.041016 0.000000 634.755676 0.000000 0.086196 0.000000 0.996278 0.342055 0.342055 0.342055
2825.047852 0.000000 638.618469 0.000000 0.279330 0.000000 0.960195 0.455334 0.455334 0.455334
2816.681396 0.000000 632.479248 0.000000 0.192135 0.000000 0.981368 0.362716 0.362716 0.362716
2817.258545 0.000000 635.614685 0.000000 0.559575 0.000000 0.828780 0.466834 0.466834 0.466834
2820.415039 0.000000 633.605713 0.000000 0.130178 0.000000 0.991491 0.297966 0.297966 0.297966
2822.949463 0.000000 636.871460 0.000000 0.478358 0.000000 0.878165 0.402487 0.402487 0.402487
2822.851074 0.000000 639.657227 0.000000 0.341954 0.000000 0.939717 0.462737 0.462737 0.462737
2815.339355 0.000000 629.725464 0.000000 0.064480 0.000000 0.997919 0.101360 0.101360 0.101360
2823.102783 0.000000 635.844116 0.000000 0.689359 0.000000 0.724420 0.459221 0.459221 0.459221
2817.321289 0.000000 629.326477 0.000000 0.152183 0.000000 0.988352 0.251649 0.251649 0.251649
2819.923340 0.000000 631.673340 0.000000 0.504691 0.000000 0.863300 0.333154 0.333154 0.333154
2818.761719 0.000000 634.719788 0.000000 0.673712 0.000000 0.738994 0.413154 0.413154 0.413154
2817.086914 0.000000 628.478638 0.000000 0.575424 0.000000 0.817855 0.364738 0.364738 0.364738
2820.452637 0.000000 632.756226 0.000000 0.375873 0.000000 0.926671 0.351398 0.351398 0.351398
2819.086182 0.000000 637.500061 0.000000 0.238169 0.000000 0.971224 0.388772 0.388772 0.388772
2815.874268 0.000000 627.725403 0.000000 0.212411 0.000000 0.977180 0.130533 0.130533 0.130533
2815.324951 0.000000 624.038574 0.000000 0.722717 0.000000 0.691144 0.357678 0.357678 0.357678
2823.585938 0.000000 634.145264 0.000000 0.662425 0.000000 0.749128 0.452870 0.452870 0.452870
2816.194580 0.000000 628.435059 0.000000 0.673960 0.000000 0.738767 0.395797 0.395797 0.395797
2875.622070 0.000000 633.873596 0.000000 0.015217 0.000000 0.999884 0.005813 0.005813 0.005813
2872.483643 0.000000 637.892029 0.000000 0.707666 0.000000 0.706547 0.569443 0.569443 0.569443
2878.385254 0.000000 633.239746 0.000000 0.036697 0.000000 0.999326 0.014021 0.014021 0.014021
2878.980957 0.000000 635.731079 0.000000 0.120372 0.000000 0.992729 0.046091 0.046091 0.046091
2879.095947 0.000000 631.122253 0.000000 0.629956 0.000000 0.776630 0.260313 0.260313 0.260313
2873.556885 0.000000 632.969543 0.000000 0.614664 0.000000 0.788789 0.252850 0.252850 0.252850
2876.918457 0.000000 633.238647 0.000000 0.259537 0.000000 0.965733 0.100284 0.100284 0.100284
2876.693359 0.000000 628.427917 0.000000 0.604156 0.000000 0.796866 0.247787 0.247787 0.247787
2878.535645 0.000000 637.035645 0.000000 0.238250 0.000000 0.971204 0.482437 0.482437 0.482437
2870.235107 0.000000 637.973938 0.000000 0.677955 0.000000 0.735103 0.395892 0.395892 0.395892
2876.472412 0.000000 630.297974 0.000000 0.508708 0.000000 0.860939 0.203852 0.203852 0.203852
2868.291748 0.000000 639.539978 0.000000 0.021595 0.000000 0.999767 0.031455 0.031455 0.031455
2873.802490 0.000000 634.141113 0.000000 0.269517 0.000000 0.962996 0.104237 0.104237 0.104237
2877.878662 0.000000 636.078369 0.000000 0.212762 0.000000 0.977104 0.474029 0.474029 0.474029
2874.653564 0.000000 633.226257 0.000000 0.215897 0.000000 0.976416 0.083121 0.083121 0.083121
2876.667725 0.000000 634.411987 0.000000 0.597227 0.000000 0.802073 0.244477 0.244477 0.244477
2878.703613 0.000000 630.089111 0.000000 0.042321 0.000000 0.999104 0.016170 0.016170 0.016170
2870.663574 0.000000 636.381287 0.000000 0.259153 0.000000 0.965836 0.276556 0.276556 0.276556
2876.716553 0.000000 632.301636 0.000000 0.351754 0.000000 0.936092 0.137298 0.137298 0.137298
2876.386719 0.000000 629.335510 0.000000 0.344594 0.000000 0.938752 0.134380 0.134380 0.134380
2875.403564 0.000000 634.725464 0.000000 0.648531 0.000000 0.761188 0.269540 0.269540 0.269540
2878.282471 0.000000 629.257080 0.000000 0.732728 0.000000 0.680522 0.314104 0.314104 0.314104
2866.781494 0.000000 639.166016 0.000000 0.073018 0.000000 0.997331 0.043620 0.043620 0.043620
2875.363037 0.000000 631.456238 0.000000 0.551702 0.000000 0.834042 0.223226 0.223226 0.223226
2874.908936 0.000000 635.755615 0.000000 0.696144 0.000000 0.717902 0.294123 0.294123 0.294123
2868.907959 0.000000 635.597595 0.000000 0.061581 0.000000 0.998102 0.156915 0.156915 0.156915
2878.270020 0.000000 635.409790 0.000000 0.689651 0.000000 0.724142 0.290683 0.290683 0.290683
2883.577393 0.000000 632.630859 0.000000 0.066645 0.000000 0.997777 0.266550 0.266550 0.266550
2879.547852 0.000000 633.254944 0.000000 0.431592 0.000000 0.902069 0.170458 0.170458 0.170458
2881.425781 0.000000 631.377502 0.000000 0.721221 0.000000 0.692705 0.428060 0.428060 0.428060
2879.947266 0.000000 635.969116 0.000000 0.487549 0.000000 0.873096 0.194531 0.194531 0.194531
2887.984131 0.000000 636.354187 0.000000 0.729231 0.000000 0.684268 0.514208 0.514208 0.514208
2881.931396 0.000000 628.534607 0.000000 0.684694 0.000000 0.728831 0.288077 0.288077 0.288077
2881.976318 0.000000 630.082031 0.000000 0.731433 0.000000 0.681914 0.431399 0.431399 0.431399
2879.323730 0.000000 629.725464 0.000000 0.482000 0.000000 0.876171 0.192107 0.192107 0.192107
2879.329346 0.000000 635.042419 0.000000 0.373484 0.000000 0.927637 0.146204 0.146204 0.146204
2881.947510 0.000000 637.955505 0.000000 0.565640 0.000000 0.824652 0.470739 0.470739 0.470739
2885.667725 0.000000 636.812805 0.000000 0.426811 0.000000 0.904341 0.231055 0.231055 0.231055
2880.223145 0.000000 637.892883 0.000000 0.197733 0.000000 0.980256 0.417124 0.417124 0.417124
2881.198486 0.000000 639.402527 0.000000 0.566391 0.000000 0.824137 0.335916 0.335916 0.335916
2885.335693 0.000000 638.223816 0.000000 0.489595 0.000000 0.871950 0.285861 0.285861 0.285861
2883.779785 0.000000 637.918457 0.000000 0.584645 0.000000 0.811289 0.456825 0.456825 0.456825
2881.438721 0.000000 632.270020 0.000000 0.640895 0.000000 0.767628 0.349621 0.349621 0.349621
2880.215088 0.000000 633.728760 0.000000 0.117167 0.000000 0.993112 0.184188 0.184188 0.184188
2843.629883 0.000000 665.857971 0.000000 0.603132 0.000000 0.797642 0.496264 0.496264 0.496264
2841.158691 0.000000 658.099487 0.000000 0.497226 0.000000 0.867621 0.481993 0.481993 0.481993
2826.100342 0.000000 639.862671 0.000000 0.442124 0.000000 0.896954 0.476646 0.476646 0.476646
2840.491455 0.000000 669.876404 0.000000 0.015617 0.000000 0.999878 0.425284 0.425284 0.425284
2838.255371 0.000000 661.332031 0.000000 0.706173 0.000000 0.708040 0.528115 0.528115 0.528115
2833.073242 0.000000 645.257141 0.000000 0.291215 0.000000 0.956658 0.456727 0.456727 0.456727
2835.275391 0.000000 652.475220 0.000000 0.549548 0.000000 0.835462 0.444452 0.444452 0.444452
2829.698730 0.000000 647.339722 0.000000 0.229824 0.000000 0.973232 0.341281 0.341281 0.341281
2842.069824 0.000000 654.794373 0.000000 0.099208 0.000000 0.995067 0.434693 0.434693 0.434693
2826.676758 0.000000 646.844238 0.000000 0.585985 0.000000 0.810322 0.420283 0.420283 0.420283
2830.064697 0.000000 640.547363 0.000000 0.468497 0.000000 0.883465 0.541588 0.541588 0.541588
2832.143799 0.000000 660.116272 0.000000 0.031309 0.000000 0.999510 0.556185 0.556185 0.556185
2843.656982 0.000000 659.480225 0.000000 0.624335 0.000000 0.781156 0.499281 0.499281 0.499281
2837.784180 0.000000 668.791260 0.000000 0.160463 0.000000 0.987042 0.441635 0.441635 0.441635
2834.025146 0.000000 642.557251 0.000000 0.168359 0.000000 0.985726 0.555910 0.555910 0.555910
2839.237305 0.000000 644.122009 0.000000 0.297461 0.000000 0.954734 0.520178 0.520178 0.520178
2839.431885 0.000000 663.780823 0.000000 0.634901 0.000000 0.772594 0.500809 0.500809 0.500809
2835.890625 0.000000 654.760254 0.000000 0.416155 0.000000 0.909293 0.471749 0.471749 0.471749
2831.659668 0.000000 642.707703 0.000000 0.058089 0.000000 0.998311 0.430059 0.430059 0.430059
2840.261230 0.000000 656.025635 0.000000 0.604999 0.000000 0.796226 0.496527 0.496527 0.496527
2829.644775 0.000000 665.885742 0.000000 0.268962 0.000000 0.963151 0.566934 0.566934 0.566934
2824.500732 0.000000 646.338562 0.000000 0.361481 0.000000 0.932380 0.524445 0.524445 0.524445
2836.018311 0.000000 656.899048 0.000000 0.335620 0.000000 0.941997 0.461981 0.461981 0.461981
2828.041748 0.000000 640.516785 0.000000 0.093517 0.000000 0.995618 0.434051 0.434051 0.434051
2842.304688 0.000000 670.713135 0.000000 0.680164 0.000000 0.733060 0.507562 0.507562 0.507562
2844.361084 0.000000 648.581848 0.000000 0.704442 0.000000 0.709762 0.490064 0.490064 0.490064
2831.643311 0.000000 647.386108 0.000000 0.541038 0.000000 0.840998 0.397956 0.397956 0.397956
2823.334473 0.000000 643.462952 0.000000 0.382487 0.000000 0.923961 0.467623 0.467623 0.467623
2839.571289 0.000000 657.602539 0.000000 0.003358 0.000000 0.999994 0.423907 0.423907 0.423907
2842.495117 0.000000 667.068176 0.000000 0.197836 0.000000 0.980235 0.445903 0.445903 0.445903
2841.493896 0.000000 668.588257 0.000000 0.629023 0.000000 0.777387 0.499957 0.499957 0.499957
2822.517334 0.000000 640.469543 0.000000 0.466638 0.000000 0.884448 0.478071 0.478071 0.478071
2846.103027 0.000000 656.223755 0.000000 0.406790 0.000000 0.913522 0.470595 0.470595 0.470595
2845.634033 0.000000 663.905396 0.000000 0.230685 0.000000 0.973028 0.449681 0.449681 0.449681
2828.197510 0.000000 647.040283 0.000000 0.431483 0.000000 0.902121 0.382679 0.382679 0.382679
2825.856445 0.000000 645.568481 0.000000 0.017150 0.000000 0.999853 0.425456 0.425456 0.425456
2827.010498 0.000000 663.357910 0.000000 0.710819 0.000000 0.703375 0.554425 0.554425 0.554425
2832.280762 0.000000 657.236572 0.000000 0.160059 0.000000 0.987108 0.441589 0.441589 0.441589
2827.708008 0.000000 661.522644 0.000000 0.088166 0.000000 0.996106 0.495627 0.495627 0.495627
2826.446045 0.000000 643.622681 0.000000 0.639548 0.000000 0.768751 0.501487 0.501487 0.501487
2841.596924 0.000000 646.379700 0.000000 0.646447 0.000000 0.762959 0.467398 0.467398 0.467398
2831.516113 0.000000 648.830505 0.000000 0.596128 0.000000 0.802889 0.390561 0.390561 0.390561
2844.701172 0.000000 660.412292 0.000000 0.017607 0.000000 0.999845 0.425508 0.425508 0.425508
2829.166260 0.000000 650.429932 0.000000 0.173259 0.000000 0.984876 0.443093 0.443093 0.443093
2838.921631 0.000000 656.309937 0.000000 0.251320 0.000000 0.967904 0.452070 0.452070 0.452070
2843.065430 0.000000 655.791626 0.000000 0.450872 0.000000 0.892589 0.476078 0.476078 0.476078
2835.278076 0.000000 662.693176 0.000000 0.465397 0.000000 0.885102 0.484425 0.484425 0.484425
2838.708008 0.000000 646.983154 0.000000 0.089550 0.000000 0.995982 0.324891 0.324891 0.324891
2840.744629 0.000000 663.805664 0.000000 0.359857 0.000000 0.933008 0.464885 0.464885 0.464885
2842.052002 0.000000 661.616760 0.000000 0.679081 0.000000 0.734063 0.507396 0.507396 0.507396
2830.892334 0.000000 650.486328 0.000000 0.104492 0.000000 0.994526 0.351837 0.351837 0.351837
2846.601807 0.000000 671.038574 0.000000 0.216361 0.000000 0.976313 0.448030 0.448030 0.448030
2836.999268 0.000000 669.895264 0.000000 0.409003 0.000000 0.912533 0.470867 0.470867 0.470867
2833.154053 0.000000 655.243042 0.000000 0.519657 0.000000 0.854375 0.512539 0.512539 0.512539
2842.922607 0.000000 662.710266 0.000000 0.501387 0.000000 0.865223 0.482533 0.482533 0.482533
2840.233398 0.000000 668.300049 0.000000 0.279706 0.000000 0.960086 0.455378 0.455378 0.455378
2843.370850 0.000000 669.787415 0.000000 0.383920 0.000000 0.923366 0.467797 0.467797 0.467797
2838.242920 0.000000 669.958313 0.000000 0.281714 0.000000 0.959498 0.455613 0.455613 0.455613
2821.574951 0.000000 641.285095 0.000000 0.663022 0.000000 0.748600 0.504962 0.504962 0.504962
2832.142090 0.000000 651.371582 0.000000 0.675416 0.000000 0.737437 0.413673 0.413673 0.413673
2845.096436 0.000000 671.441284 0.000000 0.530899 0.000000 0.847435 0.486404 0.486404 0.486404
2836.299561 0.000000 671.524353 0.000000 0.526079 0.000000 0.850436 0.485767 0.485767 0.485767
2845.439209 0.000000 651.886597 0.000000 0.592524 0.000000 0.805552 0.334838 0.334838 0.334838
2831.926270 0.000000 644.853394 0.000000 0.196287 0.000000 0.980547 0.445725 0.445725 0.445725
2845.848145 0.000000 662.761353 0.000000 0.729803 0.000000 0.683658 0.515431 0.515431 0.515431
2837.171143 0.000000 660.896057 0.000000 0.411636 0.000000 0.911348 0.471192 0.471192 0.471192
2833.446533 0.000000 650.448608 0.000000 0.650290 0.000000 0.759686 0.406131 0.406131 0.406131
2834.858643 0.000000 661.580750 0.000000 0.474722 0.000000 0.880136 0.479100 0.479100 0.479100
2845.327393 0.000000 654.154419 0.000000 0.234302 0.000000 0.972164 0.406128 0.406128 0.406128
2838.206299 0.000000 658.972595 0.000000 0.124325 0.000000 0.992242 0.437533 0.437533 0.437533
2840.769287 0.000000 657.054993 0.000000 0.499308 0.000000 0.866425 0.482263 0.482263 0.482263
2836.770508 0.000000 668.378052 0.000000 0.091724 0.000000 0.995784 0.433849 0.433849 0.433849
2846.711426 0.000000 662.073486 0.000000 0.004345 0.000000 0.999991 0.424018 0.424018 0.424018
2833.104492 0.000000 653.540771 0.000000 0.291163 0.000000 0.956674 0.458631 0.458631 0.458631
2834.963379 0.000000 660.454712 0.000000 0.601351 0.000000 0.798985 0.496013 0.496013 0.496013
2845.429199 0.000000 655.218628 0.000000 0.038938 0.000000 0.999242 0.377424 0.377424 0.377424
2840.395752 0.000000 650.105896 0.000000 0.030736 0.000000 0.999528 0.253966 0.253966 0.253966
2833.869141 0.000000 657.309631 0.000000 0.705293 0.000000 0.708916 0.511477 0.511477 0.511477
2841.194824 0.000000 670.694214 0.000000 0.690284 0.000000 0.723539 0.509123 0.509123 0.509123
2833.706787 0.000000 644.400879 0.000000 0.229198 0.000000 0.973380 0.449510 0.449510 0.449510
2840.167725 0.000000 658.494690 0.000000 0.301190 0.000000 0.953564 0.457900 0.457900 0.457900
2829.109619 0.000000 640.961060 0.000000 0.528838 0.000000 0.848723 0.486131 0.486131 0.486131
2829.954834 0.000000 645.938232 0.000000 0.678451 0.000000 0.734645 0.507299 0.507299 0.507299
2823.524658 0.000000 640.556824 0.000000 0.276607 0.000000 0.960983 0.455015 0.455015 0.455015
2838.494385 0.000000 671.564880 0.000000 0.728339 0.000000 0.685217 0.515191 0.515191 0.515191
2832.658447 0.000000 658.998352 0.000000 0.018561 0.000000 0.999828 0.425615 0.425615 0.425615
2839.078369 0.000000 658.489868 0.000000 0.721394 0.000000 0.692525 0.514058 0.514058 0.514058
2841.992432 0.000000 649.810730 0.000000 0.579811 0.000000 0.814751 0.386028 0.386028 0.386028
2846.376465 0.000000 650.961487 0.000000 0.678738 0.000000 0.734381 0.438160 0.438160 0.438160
2828.482178 0.000000 647.908630 0.000000 0.033236 0.000000 0.999448 0.302894 0.302894 0.302894
2841.739746 0.000000 651.381958 0.000000 0.702746 0.000000 0.711441 0.422148 0.422148 0.422148
2839.648682 0.000000 653.141602 0.000000 0.205465 0.000000 0.978664 0.318071 0.318071 0.318071
2836.922607 0.000000 648.159607 0.000000 0.273878 0.000000 0.961765 0.309393 0.309393 0.309393
2839.441650 0.000000 648.520630 0.000000 0.114997 0.000000 0.993366 0.272955 0.272955 0.272955
2845.794922 0.000000 652.688843 0.000000 0.101171 0.000000 0.994869 0.175181 0.175181 0.175181
2835.358887 0.000000 650.275574 0.000000 0.206344 0.000000 0.978479 0.293758 0.293758 0.293758
2833.443848 0.000000 646.001526 0.000000 0.530778 0.000000 0.847511 0.393984 0.393984 0.393984
2834.291504 0.000000 647.872375 0.000000 0.233048 0.000000 0.972465 0.339920 0.339920 0.339920
2844.174561 0.000000 650.366028 0.000000 0.105775 0.000000 0.994390 0.185296 0.185296 0.185296
2839.069824 0.000000 647.695801 0.000000 0.657812 0.000000 0.753182 0.441582 0.441582 0.441582
2838.230713 0.000000 647.631531 0.000000 0.455205 0.000000 0.890387 0.396018 0.396018 0.396018
2838.452393 0.000000 646.219421 0.000000 0.399726 0.000000 0.916635 0.384616 0.384616 0.384616
2835.085938 0.000000 649.412109 0.000000 0.232231 0.000000 0.972661 0.299719 0.299719 0.299719
2841.860352 0.000000 648.176880 0.000000 0.339245 0.000000 0.940698 0.324827 0.324827 0.324827
2836.667480 0.000000 647.365845 0.000000 0.658935 0.000000 0.752200 0.436758 0.436758 0.436758
2830.848389 0.000000 647.442871 0.000000 0.586280 0.000000 0.810109 0.409036 0.409036 0.409036
2840.489990 0.000000 648.346924 0.000000 0.333700 0.000000 0.942679 0.323504 0.323504 0.323504
2835.540283 0.000000 648.454285 0.000000 0.530923 0.000000 0.847420 0.372815 0.372815 0.372815
2841.233887 0.000000 649.733521 0.000000 0.238441 0.000000 0.971157 0.301155 0.301155 0.301155
2845.653076 0.000000 653.456421 0.000000 0.338019 0.000000 0.941139 0.245567 0.245567 0.245567
2861.488281 0.000000 643.517334 0.000000 0.110695 0.000000 0.993854 0.525649 0.525649 0.525649
2855.524170 0.000000 662.360596 0.000000 0.063732 0.000000 0.997967 0.202696 0.202696 0.202696
2876.507324 0.000000 646.449158 0.000000 0.505638 0.000000 0.862746 0.202491 0.202491 0.202491
2862.959717 0.000000 667.647461 0.000000 0.644716 0.000000 0.764422 0.511368 0.511368 0.511368
2851.707275 0.000000 649.847900 0.000000 0.712709 0.000000 0.701460 0.594177 0.594177 0.594177
2854.017822 0.000000 667.904541 0.000000 0.657799 0.000000 0.753194 0.497793 0.497793 0.497793
2873.639160 0.000000 662.841125 0.000000 0.438449 0.000000 0.898756 0.494596 0.494596 0.494596
2862.660400 0.000000 657.586792 0.000000 0.246711 0.000000 0.969089 0.451535 0.451535 0.451535
2862.651855 0.000000 664.014832 0.000000 0.627305 0.000000 0.778773 0.522442 0.522442 0.522442
2847.356201 0.000000 670.215881 0.000000 0.177365 0.000000 0.984145 0.443561 0.443561 0.443561
2852.485352 0.000000 670.528992 0.000000 0.140350 0.000000 0.990102 0.465053 0.465053 0.465053
2858.335693 0.000000 661.992981 0.000000 0.170208 0.000000 0.985408 0.421778 0.421778 0.421778
2870.589355 0.000000 648.349487 0.000000 0.161392 0.000000 0.986890 0.374217 0.374217 0.374217
2851.387939 0.000000 656.774231 0.000000 0.685901 0.000000 0.727695 0.508444 0.508444 0.508444
2864.851562 0.000000 652.487976 0.000000 0.138394 0.000000 0.990377 0.475592 0.475592 0.475592
2854.988037 0.000000 660.011902 0.000000 0.326848 0.000000 0.945077 0.349686 0.349686 0.349686
2874.358643 0.000000 647.576721 0.000000 0.181801 0.000000 0.983335 0.069831 0.069831 0.069831
2859.903076 0.000000 669.720642 0.000000 0.379829 0.000000 0.925057 0.403604 0.403604 0.403604
2868.010498 0.000000 656.899048 0.000000 0.264125 0.000000 0.964488 0.553139 0.553139 0.553139
2857.077637 0.000000 656.746094 0.000000 0.167601 0.000000 0.985855 0.503368 0.503368 0.503368
2875.190918 0.000000 657.328125 0.000000 0.727502 0.000000 0.686105 0.537706 0.537706 0.537706
2856.778076 0.000000 654.604309 0.000000 0.647095 0.000000 0.762410 0.502594 0.502594 0.502594
2858.188721 0.000000 666.853760 0.000000 0.603622 0.000000 0.797270 0.427221 0.427221 0.427221
2863.635498 0.000000 647.386108 0.000000 0.193322 0.000000 0.981135 0.455693 0.455693 0.455693
2858.544922 0.000000 671.033691 0.000000 0.490684 0.000000 0.871338 0.451039 0.451039 0.451039
2855.610107 0.000000 651.193665 0.000000 0.499689 0.000000 0.866205 0.482313 0.482313 0.482313
2849.939209 0.000000 660.518982 0.000000 0.086859 0.000000 0.996221 0.433300 0.433300 0.433300
2876.061768 0.000000 670.847229 0.000000 0.642664 0.000000 0.766148 0.449645 0.449645 0.449645
2849.049561 0.000000 670.328918 0.000000 0.308384 0.000000 0.951262 0.458749 0.458749 0.458749
2858.412354 0.000000 657.816467 0.000000 0.336991 0.000000 0.941508 0.462144 0.462144 0.462144
2864.794434 0.000000 641.538208 0.000000 0.191294 0.000000 0.981533 0.461670 0.461670 0.461670
2871.572998 0.000000 652.261658 0.000000 0.147257 0.000000 0.989098 0.429476 0.429476 0.429476
2850.931152 0.000000 670.328369 0.000000 0.481940 0.000000 0.876204 0.480024 0.480024 0.480024
2848.489258 0.000000 658.077881 0.000000 0.276315 0.000000 0.961067 0.518789 0.518789 0.518789
2876.616455 0.000000 644.930542 0.000000 0.646066 0.000000 0.763281 0.291718 0.291718 0.291718
2860.189697 0.000000 647.040283 0.000000 0.497542 0.000000 0.867440 0.482034 0.482034 0.482034
2868.568604 0.000000 653.422119 0.000000 0.157683 0.000000 0.987490 0.386309 0.386309 0.386309
2854.356201 0.000000 661.342651 0.000000 0.437152 0.000000 0.899387 0.373844 0.373844 0.373844
2859.430908 0.000000 652.347534 0.000000 0.612396 0.000000 0.790551 0.497574 0.497574 0.497574
2854.196533 0.000000 651.564758 0.000000 0.453348 0.000000 0.891333 0.476390 0.476390 0.476390
2862.487305 0.000000 655.274536 0.000000 0.395437 0.000000 0.918493 0.469202 0.469202 0.469202
2850.270996 0.000000 650.278442 0.000000 0.394590 0.000000 0.918857 0.516223 0.516223 0.516223
2860.204590 0.000000 666.113098 0.000000 0.282043 0.000000 0.959402 0.311303 0.311303 0.311303
2871.909180 0.000000 647.822998 0.000000 0.173404 0.000000 0.984851 0.424283 0.424283 0.424283
2861.661865 0.000000 652.879333 0.000000 0.039835 0.000000 0.999206 0.428006 0.428006 0.428006
2852.885498 0.000000 664.008789 0.000000 0.665095 0.000000 0.746759 0.487591 0.487591 0.487591
2851.548828 0.000000 651.317566 0.000000 0.105188 0.000000 0.994452 0.494636 0.494636 0.494636
2876.715576 0.000000 657.055420 0.000000 0.520093 0.000000 0.854110 0.257999 0.257999 0.257999
2859.003662 0.000000 653.960571 0.000000 0.468764 0.000000 0.883323 0.478341 0.478341 0.478341
2863.063965 0.000000 643.988525 0.000000 0.693134 0.000000 0.720809 0.495097 0.495097 0.495097
2856.881592 0.000000 667.251709 0.000000 0.576366 0.000000 0.817191 0.483943 0.483943 0.483943
2853.834717 0.000000 671.030334 0.000000 0.629836 0.000000 0.776728 0.516063 0.516063 0.516063
2860.181152 0.000000 671.051270 0.000000 0.688744 0.000000 0.725004 0.381321 0.381321 0.381321
2856.755859 0.000000 653.263794 0.000000 0.330717 0.000000 0.943730 0.461397 0.461397 0.461397
2854.546143 0.000000 663.251465 0.000000 0.031987 0.000000 0.999488 0.194317 0.194317 0.194317
2861.331299 0.000000 661.720825 0.000000 0.702484 0.000000 0.711699 0.490867 0.490867 0.490867
2871.606934 0.000000 649.346680 0.000000 0.160040 0.000000 0.987110 0.373997 0.373997 0.373997
2867.195557 0.000000 655.909912 0.000000 0.018181 0.000000 0.999835 0.006945 0.006945 0.006945
2876.784912 0.000000 649.858887 0.000000 0.010082 0.000000 0.999949 0.153473 0.153473 0.153473
2848.798584 0.000000 662.301819 0.000000 0.098220 0.000000 0.995165 0.434582 0.434582 0.434582
2860.667236 0.000000 644.449951 0.000000 0.574234 0.000000 0.818691 0.492247 0.492247 0.492247
2877.088623 0.000000 671.441284 0.000000 0.017687 0.000000 0.999844 0.332459 0.332459 0.332459
2877.059814 0.000000 647.497375 0.000000 0.183991 0.000000 0.982928 0.070682 0.070682 0.070682
2858.402344 0.000000 656.617737 0.000000 0.672656 0.000000 0.739955 0.506417 0.506417 0.506417
2847.324463 0.000000 668.973938 0.000000 0.327498 0.000000 0.944852 0.461014 0.461014 0.461014
2857.932861 0.000000 654.453613 0.000000 0.392910 0.000000 0.919577 0.468893 0.468893 0.468893
2861.089111 0.000000 670.038452 0.000000 0.341941 0.000000 0.939721 0.270566 0.270566 0.270566
2859.992432 0.000000 659.737610 0.000000 0.275418 0.000000 0.961325 0.464551 0.464551 0.464551
2863.072266 0.000000 662.872559 0.000000 0.302116 0.000000 0.953271 0.450437 0.450437 0.450437
2854.083984 0.000000 655.552551 0.000000 0.221029 0.000000 0.975267 0.404147 0.404147 0.404147
2879.167725 0.000000 666.327881 0.000000 0.419330 0.000000 0.907834 0.291436 0.291436 0.291436
2857.954834 0.000000 663.047058 0.000000 0.694250 0.000000 0.719734 0.396614 0.396614 0.396614
2856.614990 0.000000 664.832214 0.000000 0.200543 0.000000 0.979685 0.284224 0.284224 0.284224
2847.367920 0.000000 657.824341 0.000000 0.723384 0.000000 0.690446 0.514382 0.514382 0.514382
2849.622314 0.000000 655.008240 0.000000 0.332091 0.000000 0.943247 0.367421 0.367421 0.367421
2847.692627 0.000000 663.934753 0.000000 0.599658 0.000000 0.800257 0.495775 0.495775 0.495775
2856.909180 0.000000 649.341064 0.000000 0.000344 0.000000 1.000000 0.423568 0.423568 0.423568
2849.074951 0.000000 657.177307 0.000000 0.193909 0.000000 0.981019 0.445453 0.445453 0.445453
2866.858643 0.000000 656.904358 0.000000 0.089936 0.000000 0.995948 0.072106 0.072106 0.072106
2863.817383 0.000000 667.034668 0.000000 0.057673 0.000000 0.998336 0.445878 0.445878 0.445878
2879.267334 0.000000 647.428650 0.000000 0.010534 0.000000 0.999945 0.004024 0.004024 0.004024
2875.708740 0.000000 645.545471 0.000000 0.695454 0.000000 0.718571 0.339392 0.339392 0.339392
2863.025391 0.000000 660.316101 0.000000 0.196062 0.000000 0.980591 0.458044 0.458044 0.458044
2850.574463 0.000000 663.920715 0.000000 0.100120 0.000000 0.994975 0.412769 0.412769 0.412769
2847.337158 0.000000 667.026794 0.000000 0.079356 0.000000 0.996846 0.432454 0.432454 0.432454
2852.843018 0.000000 661.468384 0.000000 0.517181 0.000000 0.855876 0.409197 0.409197 0.409197
2869.719482 0.000000 653.619324 0.000000 0.673494 0.000000 0.739193 0.474146 0.474146 0.474146
2856.300781 0.000000 663.130798 0.000000 0.286631 0.000000 0.958041 0.275946 0.275946 0.275946
2856.292725 0.000000 661.755615 0.000000 0.528376 0.000000 0.849011 0.438979 0.438979 0.438979
2873.662598 0.000000 655.652771 0.000000 0.500283 0.000000 0.865862 0.200125 0.200125 0.200125
2859.490967 0.000000 660.584534 0.000000 0.134929 0.000000 0.990855 0.417232 0.417232 0.417232
2863.754150 0.000000 662.223022 0.000000 0.594354 0.000000 0.804203 0.489434 0.489434 0.489434
2854.123535 0.000000 666.932617 0.000000 0.477414 0.000000 0.878678 0.471407 0.471407 0.471407
2873.984619 0.000000 649.810730 0.000000 0.301159 0.000000 0.953574 0.429476 0.429476 0.429476
2859.562500 0.000000 668.855042 0.000000 0.336396 0.000000 0.941721 0.395869 0.395869 0.395869
2860.066895 0.000000 665.149292 0.000000 0.627832 0.000000 0.778349 0.439656 0.439656 0.439656
2862.554932 0.000000 671.124695 0.000000 0.606645 0.000000 0.794973 0.477488 0.477488 0.477488
2878.368652 0.000000 650.961487 0.000000 0.217983 0.000000 0.975953 0.425955 0.425955 0.425955
2854.420898 0.000000 662.251526 0.000000 0.646468 0.000000 0.762941 0.371204 0.371204 0.371204
2875.326172 0.000000 644.667908 0.000000 0.355273 0.000000 0.934763 0.207472 0.207472 0.207472
2861.547119 0.000000 664.967346 0.000000 0.247691 0.000000 0.968839 0.362638 0.362638 0.362638
2868.585938 0.000000 639.982178 0.000000 0.701652 0.000000 0.712519 0.308945 0.308945 0.308945
2848.318848 0.000000 653.664795 0.000000 0.336440 0.000000 0.941705 0.373809 0.373809 0.373809
2847.928223 0.000000 652.880554 0.000000 0.081425 0.000000 0.996679 0.198449 0.198449 0.198449
2867.518799 0.000000 641.420410 0.000000 0.576613 0.000000 0.817017 0.277722 0.277722 0.277722
2867.172363 0.000000 640.575684 0.000000 0.173414 0.000000 0.984849 0.129332 0.129332 0.129332
2869.149170 0.000000 652.785706 0.000000 0.716896 0.000000 0.697180 0.483286 0.483286 0.483286
2849.181396 0.000000 652.131470 0.000000 0.624252 0.000000 0.781223 0.434801 0.434801 0.434801
2860.918213 0.000000 663.568176 0.000000 0.568013 0.000000 0.823019 0.398720 0.398720 0.398720
2877.517090 0.000000 644.979919 0.000000 0.533125 0.000000 0.846037 0.241971 0.241971 0.241971
2871.388428 0.000000 671.576233 0.000000 0.427914 0.000000 0.903819 0.366700 0.366700 0.366700
2878.919922 0.000000 656.277222 0.000000 0.070121 0.000000 0.997539 0.118967 0.118967 0.118967
2853.568848 0.000000 661.148743 0.000000 0.641999 0.000000 0.766705 0.437717 0.437717 0.437717
2870.839111 0.000000 665.593994 0.000000 0.651401 0.000000 0.758734 0.335495 0.335495 0.335495
2878.516602 0.000000 647.178589 0.000000 0.628660 0.000000 0.777680 0.259676 0.259676 0.259676
2851.340576 0.000000 655.944824 0.000000 0.510823 0.000000 0.859686 0.396971 0.396971 0.396971
2854.915771 0.000000 664.021790 0.000000 0.054249 0.000000 0.998527 0.288785 0.288785 0.288785
2875.033691 0.000000 647.215759 0.000000 0.631674 0.000000 0.775234 0.261158 0.261158 0.261158
2878.270020 0.000000 667.394165 0.000000 0.614628 0.000000 0.788817 0.353579 0.353579 0.353579
2851.387939 0.000000 655.152344 0.000000 0.303980 0.000000 0.952678 0.352373 0.352373 0.352373
2861.125244 0.000000 662.461426 0.000000 0.493246 0.000000 0.869890 0.380341 0.380341 0.380341
2842.836670 0.000000 672.048096 0.000000 0.702517 0.000000 0.711667 0.572718 0.572718 0.572718
2827.146484 0.000000 696.873230 0.000000 0.180046 0.000000 0.983658 0.583346 0.583346 0.583346
2842.995850 0.000000 681.933289 0.000000 0.071334 0.000000 0.997452 0.431550 0.431550 0.431550
2834.785400 0.000000 697.859497 0.000000 0.704844 0.000000 0.709362 0.401549 0.401549 0.401549
2844.361084 0.000000 680.566223 0.000000 0.442131 0.000000 0.896950 0.474980 0.474980 0.474980
2843.262451 0.000000 673.948730 0.000000 0.461557 0.000000 0.887110 0.562411 0.562411 0.562411
2844.488525 0.000000 683.138306 0.000000 0.391255 0.000000 0.920282 0.468691 0.468691 0.468691
2839.571289 0.000000 689.586914 0.000000 0.625226 0.000000 0.780444 0.551716 0.551716 0.551716
2828.783691 0.000000 696.416199 0.000000 0.585579 0.000000 0.810615 0.396118 0.396118 0.396118
2846.350830 0.000000 673.645752 0.000000 0.370314 0.000000 0.928907 0.492918 0.492918 0.492918
2832.662354 0.000000 693.740967 0.000000 0.316069 0.000000 0.948736 0.122836 0.122836 0.122836
2830.510254 0.000000 697.133911 0.000000 0.334860 0.000000 0.942268 0.342195 0.342195 0.342195
2826.816895 0.000000 701.931152 0.000000 0.408114 0.000000 0.912931 0.162299 0.162299 0.162299
2835.496094 0.000000 696.964050 0.000000 0.553959 0.000000 0.832544 0.352454 0.352454 0.352454
2843.496826 0.000000 682.763855 0.000000 0.003941 0.000000 0.999992 0.423972 0.423972 0.423972
2827.570312 0.000000 700.839417 0.000000 0.078820 0.000000 0.996889 0.032373 0.032373 0.032373
2828.074707 0.000000 697.133667 0.000000 0.677160 0.000000 0.735836 0.421636 0.421636 0.421636
2837.491211 0.000000 695.572327 0.000000 0.089408 0.000000 0.995995 0.091887 0.091887 0.091887
2832.582031 0.000000 695.902222 0.000000 0.194852 0.000000 0.980833 0.140801 0.140801 0.140801
2837.911865 0.000000 694.059265 0.000000 0.651611 0.000000 0.758554 0.304624 0.304624 0.304624
2827.591553 0.000000 700.062866 0.000000 0.667549 0.000000 0.744566 0.280446 0.280446 0.280446
2865.977783 0.000000 688.232239 0.000000 0.260400 0.000000 0.965501 0.437458 0.437458 0.437458
2860.787598 0.000000 692.568970 0.000000 0.167116 0.000000 0.985937 0.455001 0.455001 0.455001
2851.707275 0.000000 681.832275 0.000000 0.286941 0.000000 0.957948 0.511818 0.511818 0.511818
2862.660400 0.000000 689.571167 0.000000 0.524255 0.000000 0.851561 0.210787 0.210787 0.210787
2877.134033 0.000000 674.860168 0.000000 0.059583 0.000000 0.998223 0.070309 0.070309 0.070309
2878.016602 0.000000 682.079956 0.000000 0.301371 0.000000 0.953507 0.391618 0.391618 0.391618
2859.045898 0.000000 674.321106 0.000000 0.104261 0.000000 0.994550 0.430871 0.430871 0.430871
2854.675537 0.000000 677.251587 0.000000 0.665069 0.000000 0.746782 0.567160 0.567160 0.567160
2848.686279 0.000000 686.438477 0.000000 0.311501 0.000000 0.950246 0.526741 0.526741 0.526741
2874.358643 0.000000 679.561096 0.000000 0.349827 0.000000 0.936814 0.461862 0.461862 0.461862
2859.449707 0.000000 676.630981 0.000000 0.337758 0.000000 0.941233 0.381414 0.381414 0.381414
2849.391357 0.000000 672.296753 0.000000 0.110069 0.000000 0.993924 0.499364 0.499364 0.499364
2850.051025 0.000000 680.829590 0.000000 0.191256 0.000000 0.981540 0.505025 0.505025 0.505025
2878.631104 0.000000 683.825745 0.000000 0.655261 0.000000 0.755403 0.458911 0.458911 0.458911
2851.757324 0.000000 700.988037 0.000000 0.011543 0.000000 0.999933 0.396798 0.396798 0.396798
2874.917480 0.000000 683.558533 0.000000 0.411323 0.000000 0.911489 0.417896 0.417896 0.417896
2863.560547 0.000000 672.318298 0.000000 0.155100 0.000000 0.987899 0.436785 0.436785 0.436785
2879.245361 0.000000 681.176453 0.000000 0.339322 0.000000 0.940670 0.378042 0.378042 0.378042
2853.194580 0.000000 680.906433 0.000000 0.378906 0.000000 0.925435 0.419376 0.419376 0.419376
2863.684082 0.000000 690.683655 0.000000 0.580694 0.000000 0.814122 0.383422 0.383422 0.383422
2860.980957 0.000000 691.049927 0.000000 0.360545 0.000000 0.932742 0.166097 0.166097 0.166097
2870.700195 0.000000 678.967529 0.000000 0.658030 0.000000 0.752991 0.449299 0.449299 0.449299
2875.181152 0.000000 678.448669 0.000000 0.663810 0.000000 0.747901 0.503815 0.503815 0.503815
2859.610596 0.000000 677.900269 0.000000 0.128718 0.000000 0.991681 0.343008 0.343008 0.343008
2857.570068 0.000000 691.976013 0.000000 0.005167 0.000000 0.999987 0.313885 0.313885 0.313885
2877.597412 0.000000 677.867432 0.000000 0.537604 0.000000 0.843197 0.350547 0.350547 0.350547
2868.291748 0.000000 703.508728 0.000000 0.455671 0.000000 0.890148 0.182365 0.182365 0.182365
2861.842285 0.000000 676.638000 0.000000 0.206905 0.000000 0.978361 0.202052 0.202052 0.202052
2872.135986 0.000000 672.041870 0.000000 0.304797 0.000000 0.952417 0.275093 0.275093 0.275093
2875.238281 0.000000 680.368469 0.000000 0.393629 0.000000 0.919269 0.297784 0.297784 0.297784
2864.793213 0.000000 688.279602 0.000000 0.054955 0.000000 0.998489 0.411542 0.411542 0.411542
2863.329102 0.000000 688.759827 0.000000 0.502741 0.000000 0.864437 0.201210 0.201210 0.201210
2877.457520 0.000000 673.082520 0.000000 0.424553 0.000000 0.905403 0.218367 0.218367 0.218367
2873.187012 0.000000 702.678589 0.000000 0.419792 0.000000 0.907621 0.381886 0.381886 0.381886
2872.890869 0.000000 674.615295 0.000000 0.041298 0.000000 0.999147 0.226557 0.226557 0.226557
2864.650635 0.000000 690.982727 0.000000 0.532384 0.000000 0.846503 0.214445 0.214445 0.214445
2870.663574 0.000000 700.350037 0.000000 0.308254 0.000000 0.951304 0.445549 0.445549 0.445549
2875.489014 0.000000 682.763855 0.000000 0.596732 0.000000 0.802440 0.452116 0.452116 0.452116
2874.367920 0.000000 682.710938 0.000000 0.727468 0.000000 0.686142 0.479935 0.479935 0.479935
2870.256104 0.000000 673.114624 0.000000 0.735479 0.000000 0.677547 0.440542 0.440542 0.440542
2877.410400 0.000000 682.841309 0.000000 0.484711 0.000000 0.874674 0.220404 0.220404 0.220404
2878.368652 0.000000 682.945862 0.000000 0.655150 0.000000 0.755499 0.458887 0.458887 0.458887
2861.958252 0.000000 673.437744 0.000000 0.597906 0.000000 0.801566 0.391059 0.391059 0.391059
2878.441650 0.000000 680.762695 0.000000 0.624155 0.000000 0.781300 0.437465 0.437465 0.437465
2868.450684 0.000000 702.600525 0.000000 0.047002 0.000000 0.998895 0.020243 0.020243 0.020243
2850.866455 0.000000 685.528564 0.000000 0.207198 0.000000 0.978299 0.175616 0.175616 0.175616
2872.888184 0.000000 678.920837 0.000000 0.337680 0.000000 0.941261 0.138918 0.138918 0.138918
2850.940674 0.000000 683.952515 0.000000 0.592900 0.000000 0.805276 0.384050 0.384050 0.384050
2870.284668 0.000000 672.027771 0.000000 0.688480 0.000000 0.725256 0.426194 0.426194 0.426194
2853.015625 0.000000 703.205383 0.000000 0.207457 0.000000 0.978244 0.175698 0.175698 0.175698
2851.144775 0.000000 682.511841 0.000000 0.648583 0.000000 0.761144 0.400443 0.400443 0.400443
2878.797363 0.000000 681.858032 0.000000 0.681665 0.000000 0.731664 0.451238 0.451238 0.451238
2871.062012 0.000000 679.680176 0.000000 0.437105 0.000000 0.899411 0.402313 0.402313 0.402313
2869.534912 0.000000 700.053833 0.000000 0.485480 0.000000 0.874248 0.309961 0.309961 0.309961
2880.048340 0.000000 647.612488 0.000000 0.196427 0.000000 0.980518 0.075521 0.075521 0.075521
2884.136230 0.000000 644.807495 0.000000 0.120811 0.000000 0.992676 0.074489 0.074489 0.074489
2889.116943 0.000000 644.196655 0.000000 0.470677 0.000000 0.882306 0.352313 0.352313 0.352313
2883.699463 0.000000 649.847900 0.000000 0.453616 0.000000 0.891197 0.244099 0.244099 0.244099
2886.010010 0.000000 667.904541 0.000000 0.135610 0.000000 0.990762 0.563464 0.563464 0.563464
2881.923340 0.000000 658.698303 0.000000 0.642204 0.000000 0.766534 0.528042 0.528042 0.528042
2891.038086 0.000000 642.336731 0.000000 0.055594 0.000000 0.998453 0.121110 0.121110 0.121110
2881.977539 0.000000 651.846680 0.000000 0.566281 0.000000 0.824212 0.517281 0.517281 0.517281
2882.711182 0.000000 647.136108 0.000000 0.377210 0.000000 0.926128 0.147740 0.147740 0.147740
2881.752686 0.000000 666.391235 0.000000 0.606561 0.000000 0.795037 0.275099 0.275099 0.275099
2885.349854 0.000000 642.488342 0.000000 0.277265 0.000000 0.960794 0.489870 0.489870 0.489870
2887.318848 0.000000 643.462952 0.000000 0.429379 0.000000 0.903124 0.410927 0.410927 0.410927
2883.515381 0.000000 659.644836 0.000000 0.342177 0.000000 0.939635 0.457274 0.457274 0.457274
2889.840820 0.000000 645.568481 0.000000 0.109193 0.000000 0.994021 0.265075 0.265075 0.265075
2885.284424 0.000000 645.669922 0.000000 0.209735 0.000000 0.977758 0.107186 0.107186 0.107186
2880.644531 0.000000 651.398254 0.000000 0.475289 0.000000 0.879830 0.508171 0.508171 0.508171
2881.242920 0.000000 667.599060 0.000000 0.628495 0.000000 0.777814 0.284958 0.284958 0.284958
2889.029053 0.000000 640.400635 0.000000 0.489435 0.000000 0.872040 0.423861 0.423861 0.423861
2879.360107 0.000000 657.824341 0.000000 0.115541 0.000000 0.993303 0.133591 0.133591 0.133591
2887.912598 0.000000 647.266602 0.000000 0.696108 0.000000 0.717937 0.334890 0.334890 0.334890
2879.329346 0.000000 667.026794 0.000000 0.534672 0.000000 0.845059 0.327065 0.327065 0.327065
2882.452881 0.000000 659.573669 0.000000 0.573977 0.000000 0.818871 0.487900 0.487900 0.487900
2884.579834 0.000000 659.607178 0.000000 0.720485 0.000000 0.693471 0.461110 0.461110 0.461110
2884.646973 0.000000 649.782532 0.000000 0.253553 0.000000 0.967322 0.403105 0.403105 0.403105
2881.254883 0.000000 645.343567 0.000000 0.227457 0.000000 0.973788 0.087649 0.087649 0.087649
2889.216797 0.000000 671.497986 0.000000 0.626101 0.000000 0.779742 0.423182 0.423182 0.423182
2882.898926 0.000000 668.639832 0.000000 0.650415 0.000000 0.759579 0.360941 0.360941 0.360941
2889.409180 0.000000 661.539490 0.000000 0.474411 0.000000 0.880304 0.345221 0.345221 0.345221
2885.047607 0.000000 644.838684 0.000000 0.143618 0.000000 0.989633 0.082830 0.082830 0.082830
2889.873047 0.000000 640.728760 0.000000 0.480142 0.000000 0.877191 0.422094 0.422094 0.422094
2885.932373 0.000000 644.867920 0.000000 0.569577 0.000000 0.821938 0.250259 0.250259 0.250259
2879.343262 0.000000 648.055176 0.000000 0.037995 0.000000 0.999278 0.138501 0.138501 0.138501
2884.052979 0.000000 639.929504 0.000000 0.394638 0.000000 0.918837 0.254436 0.254436 0.254436
2888.444092 0.000000 671.225098 0.000000 0.274132 0.000000 0.961692 0.344318 0.344318 0.344318
2880.700928 0.000000 639.802368 0.000000 0.418840 0.000000 0.908060 0.289584 0.289584 0.289584
2885.348145 0.000000 659.310669 0.000000 0.146802 0.000000 0.989166 0.341998 0.341998 0.341998
2883.875488 0.000000 666.298035 0.000000 0.461106 0.000000 0.887345 0.282796 0.282796 0.282796
2888.256836 0.000000 670.397400 0.000000 0.206201 0.000000 0.978510 0.330478 0.330478 0.330478
2880.467285 0.000000 667.367004 0.000000 0.724358 0.000000 0.689424 0.331086 0.331086 0.331086
2890.782227 0.000000 687.383118 0.000000 0.522041 0.000000 0.852920 0.546443 0.546443 0.546443
2897.969971 0.000000 688.232239 0.000000 0.250888 0.000000 0.968016 0.104759 0.104759 0.104759
2884.982666 0.000000 690.570618 0.000000 0.538930 0.000000 0.842351 0.361441 0.361441 0.361441
2889.108398 0.000000 690.776245 0.000000 0.104501 0.000000 0.994525 0.426507 0.426507 0.426507
2894.652588 0.000000 689.571167 0.000000 0.549417 0.000000 0.835548 0.222180 0.222180 0.222180
2896.128174 0.000000 692.100647 0.000000 0.390882 0.000000 0.920441 0.584238 0.584238 0.584238
2891.998779 0.000000 690.032043 0.000000 0.526591 0.000000 0.850119 0.516278 0.516278 0.516278
2881.977539 0.000000 683.831055 0.000000 0.576102 0.000000 0.817378 0.280377 0.280377 0.280377
2886.097168 0.000000 682.059937 0.000000 0.502418 0.000000 0.864625 0.560889 0.560889 0.560889
2886.980225 0.000000 691.996277 0.000000 0.727649 0.000000 0.685950 0.430155 0.430155 0.430155
2898.539062 0.000000 682.004944 0.000000 0.165577 0.000000 0.986197 0.063538 0.063538 0.063538
2893.081299 0.000000 687.792236 0.000000 0.424381 0.000000 0.905484 0.167410 0.167410 0.167410
2899.413086 0.000000 677.686462 0.000000 0.506104 0.000000 0.862473 0.389663 0.389663 0.389663
2895.837646 0.000000 687.796814 0.000000 0.616833 0.000000 0.787094 0.435773 0.435773 0.435773
2889.069824 0.000000 688.730469 0.000000 0.338555 0.000000 0.940946 0.271430 0.271430 0.271430
2897.939453 0.000000 686.187378 0.000000 0.627746 0.000000 0.778419 0.542536 0.542536 0.542536
2898.732910 0.000000 676.099426 0.000000 0.632649 0.000000 0.774439 0.420868 0.420868 0.420868
2879.565186 0.000000 671.744995 0.000000 0.341510 0.000000 0.939878 0.296074 0.296074 0.296074
2896.300537 0.000000 686.250916 0.000000 0.658700 0.000000 0.752406 0.545141 0.545141 0.545141
2881.997070 0.000000 685.762756 0.000000 0.150587 0.000000 0.988597 0.525572 0.525572 0.525572
2898.769531 0.000000 689.960327 0.000000 0.645556 0.000000 0.763713 0.268049 0.268049 0.268049
2891.752930 0.000000 688.575073 0.000000 0.307732 0.000000 0.951473 0.166593 0.166593 0.166593
2881.976318 0.000000 694.050781 0.000000 0.335331 0.000000 0.942100 0.391999 0.391999 0.391999
2911.096680 0.000000 693.002197 0.000000 0.573129 0.000000 0.819465 0.541012 0.541012 0.541012
2906.622070 0.000000 692.454407 0.000000 0.670711 0.000000 0.741718 0.400978 0.400978 0.400978
2897.524902 0.000000 691.539612 0.000000 0.716438 0.000000 0.697651 0.410322 0.410322 0.410322
2890.743896 0.000000 673.035583 0.000000 0.127605 0.000000 0.991825 0.489775 0.489775 0.489775
2900.428955 0.000000 678.604370 0.000000 0.266944 0.000000 0.963712 0.444146 0.444146 0.444146
2906.036377 0.000000 693.601135 0.000000 0.652022 0.000000 0.758200 0.395043 0.395043 0.395043
2880.790771 0.000000 694.286194 0.000000 0.637331 0.000000 0.770590 0.451086 0.451086 0.451086
2888.053955 0.000000 691.420593 0.000000 0.641597 0.000000 0.767042 0.496548 0.496548 0.496548
2898.965088 0.000000 679.385803 0.000000 0.221973 0.000000 0.975053 0.347794 0.347794 0.347794
2890.394531 0.000000 688.602112 0.000000 0.572830 0.000000 0.819674 0.268967 0.268967 0.268967
2894.097168 0.000000 688.404602 0.000000 0.492547 0.000000 0.870286 0.196721 0.196721 0.196721
2879.468262 0.000000 682.770081 0.000000 0.709034 0.000000 0.705175 0.471038 0.471038 0.471038
2899.833496 0.000000 676.284363 0.000000 0.349242 0.000000 0.937032 0.354498 0.354498 0.354498
2879.684814 0.000000 695.919128 0.000000 0.079836 0.000000 0.996808 0.249384 0.249384 0.249384
2895.321289 0.000000 688.759827 0.000000 0.391402 0.000000 0.920220 0.153612 0.153612 0.153612
2879.948730 0.000000 674.228149 0.000000 0.509804 0.000000 0.860290 0.323813 0.323813 0.323813
2888.874756 0.000000 677.340881 0.000000 0.246197 0.000000 0.969220 0.174230 0.174230 0.174230
2881.316895 0.000000 682.586182 0.000000 0.548333 0.000000 0.836260 0.269160 0.269160 0.269160
2884.579834 0.000000 691.591553 0.000000 0.497423 0.000000 0.867508 0.349880 0.349880 0.349880
2894.716309 0.000000 690.542603 0.000000 0.071128 0.000000 0.997467 0.027192 0.027192 0.027192
2908.378906 0.000000 693.304260 0.000000 0.361782 0.000000 0.932263 0.420156 0.420156 0.420156
2884.032227 0.000000 690.754944 0.000000 0.589856 0.000000 0.807508 0.376140 0.376140 0.376140
2882.586914 0.000000 683.134949 0.000000 0.412332 0.000000 0.911034 0.217264 0.217264 0.217264
2894.647705 0.000000 684.903442 0.000000 0.391541 0.000000 0.920161 0.398714 0.398714 0.398714
2892.158936 0.000000 687.793091 0.000000 0.009038 0.000000 0.999959 0.003452 0.003452 0.003452
2879.593994 0.000000 681.788879 0.000000 0.627699 0.000000 0.778456 0.438289 0.438289 0.438289
2899.334229 0.000000 678.589172 0.000000 0.409050 0.000000 0.912512 0.384788 0.384788 0.384788
2889.593506 0.000000 689.457947 0.000000 0.266034 0.000000 0.963964 0.251024 0.251024 0.251024
2883.471436 0.000000 677.369324 0.000000 0.140273 0.000000 0.990113 0.317239 0.317239 0.317239
2899.343262 0.000000 682.259949 0.000000 0.713180 0.000000 0.700981 0.303295 0.303295 0.303295
2879.384766 0.000000 679.085754 0.000000 0.348044 0.000000 0.937478 0.381546 0.381546 0.381546
2880.787354 0.000000 680.048889 0.000000 0.049591 0.000000 0.998770 0.233141 0.233141 0.233141
2884.436523 0.000000 674.469849 0.000000 0.616033 0.000000 0.787720 0.253514 0.253514 0.253514
2902.753662 0.000000 689.496582 0.000000 0.553408 0.000000 0.832910 0.224008 0.224008 0.224008
2885.164551 0.000000 683.446350 0.000000 0.114583 0.000000 0.993414 0.312118 0.312118 0.312118
2897.045410 0.000000 689.038025 0.000000 0.479060 0.000000 0.877782 0.197245 0.197245 0.197245
2884.567139 0.000000 676.130615 0.000000 0.045305 0.000000 0.998973 0.017311 0.017311 0.017311
2899.524658 0.000000 680.438660 0.000000 0.327320 0.000000 0.944914 0.134788 0.134788 0.134788
2889.559082 0.000000 676.841736 0.000000 0.570359 0.000000 0.821395 0.289587 0.289587 0.289587
2839.449707 0.000000 714.624084 0.000000 0.373457 0.000000 0.927647 0.559068 0.559068 0.559068
2828.795410 0.000000 724.553345 0.000000 0.263374 0.000000 0.964694 0.439795 0.439795 0.439795
2826.100342 0.000000 703.831421 0.000000 0.294324 0.000000 0.955706 0.500917 0.500917 0.500917
2845.538330 0.000000 725.555176 0.000000 0.431142 0.000000 0.902284 0.426422 0.426422 0.426422
2815.669922 0.000000 720.734131 0.000000 0.271567 0.000000 0.962420 0.588354 0.588354 0.588354
2815.563477 0.000000 729.208069 0.000000 0.679268 0.000000 0.733890 0.397568 0.397568 0.397568
2841.646973 0.000000 726.809875 0.000000 0.355296 0.000000 0.934754 0.138744 0.138744 0.138744
2842.069824 0.000000 718.763123 0.000000 0.640344 0.000000 0.768089 0.586880 0.586880 0.586880
2824.352051 0.000000 729.871765 0.000000 0.069540 0.000000 0.997579 0.543783 0.543783 0.543783
2843.656982 0.000000 723.448975 0.000000 0.112013 0.000000 0.993707 0.311606 0.311606 0.311606
2828.014404 0.000000 722.016418 0.000000 0.574018 0.000000 0.818843 0.233539 0.233539 0.233539
2819.395752 0.000000 720.742981 0.000000 0.642319 0.000000 0.766438 0.560757 0.560757 0.560757
2844.144531 0.000000 727.497559 0.000000 0.329324 0.000000 0.944217 0.396472 0.396472 0.396472
2815.330078 0.000000 723.051514 0.000000 0.163962 0.000000 0.986467 0.284066 0.284066 0.284066
2834.554688 0.000000 713.989319 0.000000 0.587803 0.000000 0.809004 0.570354 0.570354 0.570354
2815.962891 0.000000 731.922241 0.000000 0.376653 0.000000 0.926354 0.362221 0.362221 0.362221
2840.261230 0.000000 719.994385 0.000000 0.402664 0.000000 0.915348 0.158299 0.158299 0.158299
2825.198242 0.000000 727.818970 0.000000 0.693844 0.000000 0.720126 0.292901 0.292901 0.292901
2827.955322 0.000000 712.629028 0.000000 0.040790 0.000000 0.999168 0.473950 0.473950 0.473950
2836.018311 0.000000 720.867798 0.000000 0.031320 0.000000 0.999509 0.171081 0.171081 0.171081
2825.085449 0.000000 720.714844 0.000000 0.180262 0.000000 0.983619 0.225341 0.225341 0.225341
2843.198730 0.000000 721.296875 0.000000 0.510249 0.000000 0.860027 0.333256 0.333256 0.333256
2828.041748 0.000000 704.485535 0.000000 0.043715 0.000000 0.999044 0.433017 0.433017 0.433017
2821.566162 0.000000 730.094360 0.000000 0.559871 0.000000 0.828580 0.226979 0.226979 0.226979
2819.531006 0.000000 723.613586 0.000000 0.097720 0.000000 0.995214 0.037386 0.037386 0.037386
2819.765137 0.000000 732.972412 0.000000 0.503698 0.000000 0.863880 0.201633 0.201633 0.201633
2828.825684 0.000000 705.927612 0.000000 0.491322 0.000000 0.870978 0.484398 0.484398 0.484398
2826.420166 0.000000 721.785217 0.000000 0.388906 0.000000 0.921278 0.299963 0.299963 0.299963
2837.493408 0.000000 720.187622 0.000000 0.269545 0.000000 0.962988 0.238393 0.238393 0.238393
2823.041016 0.000000 730.708801 0.000000 0.581661 0.000000 0.813432 0.506077 0.506077 0.506077
2827.708008 0.000000 725.491394 0.000000 0.648583 0.000000 0.761144 0.269566 0.269566 0.269566
2818.571045 0.000000 731.575134 0.000000 0.409027 0.000000 0.912522 0.214332 0.214332 0.214332
2828.988770 0.000000 723.034302 0.000000 0.639336 0.000000 0.768927 0.264949 0.264949 0.264949
2827.011475 0.000000 717.929321 0.000000 0.334472 0.000000 0.942406 0.434213 0.434213 0.434213
2847.112305 0.000000 724.986572 0.000000 0.371420 0.000000 0.928465 0.485893 0.485893 0.485893
2825.031006 0.000000 726.350281 0.000000 0.183196 0.000000 0.983076 0.070373 0.070373 0.070373
2816.681396 0.000000 728.432373 0.000000 0.251133 0.000000 0.967953 0.195598 0.195598 0.195598
2841.491699 0.000000 717.551819 0.000000 0.418080 0.000000 0.908410 0.511244 0.511244 0.511244
2829.407471 0.000000 718.496094 0.000000 0.390839 0.000000 0.920459 0.272477 0.272477 0.272477
2830.892334 0.000000 714.455078 0.000000 0.718172 0.000000 0.695865 0.488174 0.488174 0.488174
2822.553955 0.000000 727.220215 0.000000 0.622279 0.000000 0.782795 0.256552 0.256552 0.256552
2833.154053 0.000000 719.211792 0.000000 0.314560 0.000000 0.949238 0.195299 0.195299 0.195299
2842.922607 0.000000 726.679016 0.000000 0.323602 0.000000 0.946193 0.194668 0.194668 0.194668
2822.222168 0.000000 722.933777 0.000000 0.434927 0.000000 0.900466 0.366628 0.366628 0.366628
2838.928711 0.000000 717.681519 0.000000 0.403520 0.000000 0.914971 0.175964 0.175964 0.175964
2820.415039 0.000000 729.558838 0.000000 0.724688 0.000000 0.689078 0.309619 0.309619 0.309619
2843.799316 0.000000 728.642700 0.000000 0.402104 0.000000 0.915594 0.158065 0.158065 0.158065
2840.824463 0.000000 718.956970 0.000000 0.545077 0.000000 0.838386 0.220199 0.220199 0.220199
2825.940674 0.000000 718.422363 0.000000 0.178270 0.000000 0.983982 0.293583 0.293583 0.293583
2838.359863 0.000000 724.033569 0.000000 0.053630 0.000000 0.998561 0.195483 0.195483 0.195483
2822.091797 0.000000 719.521301 0.000000 0.699324 0.000000 0.714805 0.480713 0.480713 0.480713
2820.125488 0.000000 726.312561 0.000000 0.050864 0.000000 0.998706 0.128719 0.128719 0.128719
2817.010498 0.000000 729.505554 0.000000 0.614778 0.000000 0.788700 0.320963 0.320963 0.320963
2821.198730 0.000000 731.142700 0.000000 0.156587 0.000000 0.987664 0.060059 0.060059 0.060059
2815.700439 0.000000 727.903503 0.000000 0.206171 0.000000 0.978516 0.269215 0.269215 0.269215
2832.013916 0.000000 717.192017 0.000000 0.723645 0.000000 0.690172 0.388913 0.388913 0.388913
2834.866455 0.000000 720.873108 0.000000 0.010740 0.000000 0.999942 0.041492 0.041492 0.041492
2818.582275 0.000000 727.889465 0.000000 0.576021 0.000000 0.817435 0.343415 0.343415 0.343415
2815.339355 0.000000 725.678589 0.000000 0.322552 0.000000 0.946552 0.138476 0.138476 0.138476
2820.850830 0.000000 725.437134 0.000000 0.109271 0.000000 0.994012 0.166591 0.166591 0.166591
2840.167725 0.000000 722.463440 0.000000 0.409989 0.000000 0.912091 0.269730 0.269730 0.269730
2845.725342 0.000000 724.479126 0.000000 0.731158 0.000000 0.682208 0.484165 0.484165 0.484165
2821.931885 0.000000 723.881348 0.000000 0.207051 0.000000 0.978330 0.095988 0.095988 0.095988
2820.595459 0.000000 723.575928 0.000000 0.264324 0.000000 0.964434 0.117796 0.117796 0.117796
2830.731934 0.000000 722.526978 0.000000 0.108437 0.000000 0.994103 0.188244 0.188244 0.188244
2843.712402 0.000000 724.606934 0.000000 0.156634 0.000000 0.987657 0.227347 0.227347 0.227347
2841.670410 0.000000 719.621521 0.000000 0.596117 0.000000 0.802897 0.243949 0.243949 0.243949
2838.122314 0.000000 720.898376 0.000000 0.660026 0.000000 0.751243 0.346642 0.346642 0.346642
2829.499512 0.000000 723.836792 0.000000 0.605470 0.000000 0.795868 0.248418 0.248418 0.248418
2845.008545 0.000000 727.153076 0.000000 0.695560 0.000000 0.718468 0.467919 0.467919 0.467919
2822.229248 0.000000 729.410217 0.000000 0.069349 0.000000 0.997592 0.197433 0.197433 0.197433
2817.029785 0.000000 722.804626 0.000000 0.203921 0.000000 0.978987 0.156164 0.156164 0.156164
2828.305664 0.000000 716.629822 0.000000 0.251868 0.000000 0.967762 0.213575 0.213575 0.213575
2831.115967 0.000000 715.423462 0.000000 0.407697 0.000000 0.913117 0.432780 0.432780 0.432780
2822.969238 0.000000 721.116638 0.000000 0.709445 0.000000 0.704761 0.301265 0.301265 0.301265
2821.648193 0.000000 727.332886 0.000000 0.046771 0.000000 0.998906 0.127449 0.127449 0.127449
2823.501221 0.000000 719.272339 0.000000 0.367589 0.000000 0.929988 0.421090 0.421090 0.421090
2818.483154 0.000000 725.283203 0.000000 0.096079 0.000000 0.995374 0.224504 0.224504 0.224504
2830.663330 0.000000 716.887817 0.000000 0.570912 0.000000 0.821011 0.387912 0.387912 0.387912
2837.346680 0.000000 715.373291 0.000000 0.652449 0.000000 0.757833 0.388736 0.388736 0.388736
2837.806152 0.000000 714.409058 0.000000 0.539220 0.000000 0.842165 0.354024 0.354024 0.354024
2820.681152 0.000000 727.100769 0.000000 0.707208 0.000000 0.707006 0.356515 0.356515 0.356515
2822.224854 0.000000 720.394043 0.000000 0.303550 0.000000 0.952816 0.117806 0.117806 0.117806
2823.968994 0.000000 724.289673 0.000000 0.007362 0.000000 0.999973 0.115224 0.115224 0.115224
2817.545166 0.000000 723.520874 0.000000 0.406741 0.000000 0.913544 0.225570 0.225570 0.225570
2831.541504 0.000000 721.715637 0.000000 0.583908 0.000000 0.811820 0.238173 0.238173 0.238173
2839.757568 0.000000 720.702454 0.000000 0.497045 0.000000 0.867725 0.286827 0.286827 0.286827
2840.890381 0.000000 726.400330 0.000000 0.716278 0.000000 0.697815 0.304987 0.304987 0.304987
2826.915283 0.000000 725.194519 0.000000 0.411538 0.000000 0.911393 0.162010 0.162010 0.162010
2843.773193 0.000000 726.736389 0.000000 0.232271 0.000000 0.972651 0.163606 0.163606 0.163606
2830.861084 0.000000 720.002136 0.000000 0.677516 0.000000 0.735508 0.284332 0.284332 0.284332
2838.863281 0.000000 716.747131 0.000000 0.623504 0.000000 0.781820 0.270595 0.270595 0.270595
2836.018311 0.000000 716.804749 0.000000 0.404470 0.000000 0.914551 0.159053 0.159053 0.159053
2825.774170 0.000000 722.280457 0.000000 0.564206 0.000000 0.825634 0.418128 0.418128 0.418128
2815.511230 0.000000 730.100220 0.000000 0.296363 0.000000 0.955075 0.345100 0.345100 0.345100
2823.363281 0.000000 727.191711 0.000000 0.569927 0.000000 0.821695 0.231634 0.231634 0.231634
2846.927734 0.000000 720.245972 0.000000 0.564406 0.000000 0.825497 0.229074 0.229074 0.229074
2833.061035 0.000000 721.022400 0.000000 0.678018 0.000000 0.735045 0.292015 0.292015 0.292015
2816.230713 0.000000 729.681885 0.000000 0.155227 0.000000 0.987879 0.165507 0.165507 0.165507
2830.632812 0.000000 716.032227 0.000000 0.183838 0.000000 0.982957 0.294829 0.294829 0.294829
2830.228271 0.000000 718.493469 0.000000 0.158100 0.000000 0.987423 0.071220 0.071220 0.071220
2828.825195 0.000000 719.023987 0.000000 0.299651 0.000000 0.954049 0.245246 0.245246 0.245246
2816.482910 0.000000 731.335754 0.000000 0.005834 0.000000 0.999983 0.260091 0.260091 0.260091
2827.784912 0.000000 718.038269 0.000000 0.378666 0.000000 0.925533 0.380370 0.380370 0.380370
2822.923584 0.000000 727.990540 0.000000 0.223013 0.000000 0.974815 0.085907 0.085907 0.085907
2829.596191 0.000000 716.067932 0.000000 0.196369 0.000000 0.980530 0.196853 0.196853 0.196853
2818.451904 0.000000 722.056580 0.000000 0.154240 0.000000 0.988033 0.059151 0.059151 0.059151
2816.194580 0.000000 724.388184 0.000000 0.066032 0.000000 0.997818 0.146954 0.146954 0.146954
2840.939453 0.000000 731.983704 0.000000 0.156757 0.000000 0.987637 0.060125 0.060125 0.060125
2857.786377 0.000000 733.172180 0.000000 0.347048 0.000000 0.937847 0.441482 0.441482 0.441482
2868.795898 0.000000 707.627014 0.000000 0.366919 0.000000 0.930253 0.143505 0.143505 0.143505
2866.777588 0.000000 729.843872 0.000000 0.677061 0.000000 0.735927 0.362143 0.362143 0.362143
2850.700928 0.000000 705.997742 0.000000 0.621358 0.000000 0.783527 0.256103 0.256103 0.256103
2854.988037 0.000000 723.980652 0.000000 0.634751 0.000000 0.772717 0.262677 0.262677 0.262677
2847.322266 0.000000 723.051514 0.000000 0.683518 0.000000 0.729934 0.421056 0.421056 0.421056
2867.420898 0.000000 709.670837 0.000000 0.720661 0.000000 0.693288 0.307394 0.307394 0.307394
2857.077637 0.000000 720.714844 0.000000 0.095466 0.000000 0.995433 0.047570 0.047570 0.047570
2856.679688 0.000000 724.829895 0.000000 0.441522 0.000000 0.897251 0.193021 0.193021 0.193021
2849.513184 0.000000 720.159973 0.000000 0.087545 0.000000 0.996161 0.033482 0.033482 0.033482
2847.408936 0.000000 726.867859 0.000000 0.247905 0.000000 0.968784 0.376522 0.376522 0.376522
2853.195801 0.000000 720.235107 0.000000 0.450043 0.000000 0.893007 0.371791 0.371791 0.371791
2866.740723 0.000000 708.083801 0.000000 0.452192 0.000000 0.891921 0.179229 0.179229 0.179229
2851.916748 0.000000 707.103760 0.000000 0.646361 0.000000 0.763031 0.486884 0.486884 0.486884
2862.734619 0.000000 734.131836 0.000000 0.094530 0.000000 0.995522 0.237375 0.237375 0.237375
2855.711670 0.000000 727.926453 0.000000 0.496771 0.000000 0.867881 0.486657 0.486657 0.486657
2852.128418 0.000000 705.643188 0.000000 0.119303 0.000000 0.992858 0.432617 0.432617 0.432617
2859.700195 0.000000 725.491394 0.000000 0.323376 0.000000 0.946271 0.198309 0.198309 0.198309
2869.437256 0.000000 711.444275 0.000000 0.564307 0.000000 0.825565 0.434154 0.434154 0.434154
2854.080078 0.000000 721.287659 0.000000 0.664713 0.000000 0.747099 0.316913 0.316913 0.316913
2861.835693 0.000000 726.879150 0.000000 0.656772 0.000000 0.754089 0.349193 0.349193 0.349193
2866.035156 0.000000 730.995789 0.000000 0.702081 0.000000 0.712097 0.510969 0.510969 0.510969
2868.436768 0.000000 710.588745 0.000000 0.242057 0.000000 0.970262 0.373514 0.373514 0.373514
2868.614014 0.000000 709.156250 0.000000 0.434830 0.000000 0.900512 0.171830 0.171830 0.171830
2856.198730 0.000000 733.587097 0.000000 0.005261 0.000000 0.999986 0.395980 0.395980 0.395980
2870.088867 0.000000 707.409363 0.000000 0.516132 0.000000 0.856509 0.207154 0.207154 0.207154
2865.743896 0.000000 729.252136 0.000000 0.467301 0.000000 0.884098 0.305948 0.305948 0.305948
2871.147217 0.000000 705.540222 0.000000 0.516165 0.000000 0.856489 0.207169 0.207169 0.207169
2859.992432 0.000000 723.706360 0.000000 0.414505 0.000000 0.910047 0.178669 0.178669 0.178669
2866.358643 0.000000 709.208252 0.000000 0.060005 0.000000 0.998198 0.022934 0.022934 0.022934
2872.135986 0.000000 704.026245 0.000000 0.167932 0.000000 0.985799 0.064451 0.064451 0.064451
2873.905762 0.000000 706.217529 0.000000 0.271120 0.000000 0.962546 0.479616 0.479616 0.479616
2849.622314 0.000000 718.976990 0.000000 0.149565 0.000000 0.988752 0.270151 0.270151 0.270151
2847.692627 0.000000 727.903503 0.000000 0.708785 0.000000 0.705425 0.467461 0.467461 0.467461
2858.247314 0.000000 728.177368 0.000000 0.572238 0.000000 0.820088 0.286003 0.286003 0.286003
2849.074951 0.000000 721.146057 0.000000 0.153909 0.000000 0.988085 0.059023 0.059023 0.059023
2863.817383 0.000000 731.003418 0.000000 0.673247 0.000000 0.739417 0.456643 0.456643 0.456643
2862.656738 0.000000 732.651245 0.000000 0.300259 0.000000 0.953858 0.427453 0.427453 0.427453
2865.698975 0.000000 708.369629 0.000000 0.442327 0.000000 0.896854 0.268346 0.268346 0.268346
2857.240479 0.000000 730.294922 0.000000 0.641531 0.000000 0.767097 0.487371 0.487371 0.487371
2853.859131 0.000000 703.665710 0.000000 0.312093 0.000000 0.950052 0.209479 0.209479 0.209479
2849.252197 0.000000 707.489075 0.000000 0.239107 0.000000 0.970993 0.203737 0.203737 0.203737
2860.793701 0.000000 730.840088 0.000000 0.177001 0.000000 0.984211 0.287040 0.287040 0.287040
2863.867676 0.000000 731.936035 0.000000 0.213017 0.000000 0.977048 0.366390 0.366390 0.366390
2856.073730 0.000000 722.374756 0.000000 0.507430 0.000000 0.861693 0.203285 0.203285 0.203285
2861.281006 0.000000 732.183594 0.000000 0.625256 0.000000 0.780420 0.426991 0.426991 0.426991
2861.936035 0.000000 733.819641 0.000000 0.201494 0.000000 0.979490 0.335674 0.335674 0.335674
2865.436035 0.000000 709.970276 0.000000 0.501783 0.000000 0.864993 0.288457 0.288457 0.288457
2852.060791 0.000000 703.898254 0.000000 0.519246 0.000000 0.854625 0.280695 0.280695 0.280695
2847.961670 0.000000 726.230713 0.000000 0.159540 0.000000 0.987191 0.361238 0.361238 0.361238
2857.456055 0.000000 728.614075 0.000000 0.069252 0.000000 0.997599 0.233393 0.233393 0.233393
2853.311523 0.000000 721.036560 0.000000 0.116090 0.000000 0.993239 0.299346 0.299346 0.299346
2836.914795 0.000000 746.526672 0.000000 0.629060 0.000000 0.777357 0.371914 0.371914 0.371914
2847.282715 0.000000 746.579468 0.000000 0.440077 0.000000 0.897960 0.444657 0.444657 0.444657
2846.489502 0.000000 749.156982 0.000000 0.717516 0.000000 0.696542 0.513431 0.513431 0.513431
2835.071777 0.000000 749.650269 0.000000 0.330450 0.000000 0.943823 0.463213 0.463213 0.463213
2840.510498 0.000000 747.320557 0.000000 0.084873 0.000000 0.996392 0.435302 0.435302 0.435302
2832.013916 0.000000 749.176392 0.000000 0.649869 0.000000 0.760046 0.270212 0.270212 0.270212
2840.395752 0.000000 746.059021 0.000000 0.683912 0.000000 0.729565 0.509362 0.509362 0.509362
2837.346680 0.000000 747.357666 0.000000 0.232127 0.000000 0.972686 0.257653 0.257653 0.257653
2834.904785 0.000000 747.646240 0.000000 0.312136 0.000000 0.950037 0.384095 0.384095 0.384095
2836.125488 0.000000 746.424011 0.000000 0.481607 0.000000 0.876387 0.326357 0.326357 0.326357
2849.985352 0.000000 747.799805 0.000000 0.279174 0.000000 0.960241 0.387796 0.387796 0.387796
2863.651855 0.000000 738.660828 0.000000 0.136715 0.000000 0.990610 0.312234 0.312234 0.312234
2851.305664 0.000000 748.697266 0.000000 0.214012 0.000000 0.976831 0.082384 0.082384 0.082384
2847.435547 0.000000 749.582397 0.000000 0.654511 0.000000 0.756052 0.503691 0.503691 0.503691
2851.548828 0.000000 747.270691 0.000000 0.198434 0.000000 0.980114 0.170773 0.170773 0.170773
2852.813721 0.000000 746.677429 0.000000 0.694981 0.000000 0.719028 0.345188 0.345188 0.345188
2848.368408 0.000000 751.755554 0.000000 0.178033 0.000000 0.984024 0.479080 0.479080 0.479080
2862.418701 0.000000 739.262268 0.000000 0.702803 0.000000 0.711384 0.441135 0.441135 0.441135
2852.018311 0.000000 748.037659 0.000000 0.076418 0.000000 0.997076 0.029218 0.029218 0.029218
2862.763672 0.000000 735.919922 0.000000 0.407698 0.000000 0.913117 0.317278 0.317278 0.317278
2851.677246 0.000000 749.487488 0.000000 0.468746 0.000000 0.883333 0.186353 0.186353 0.186353
2853.228516 0.000000 748.900269 0.000000 0.213447 0.000000 0.976955 0.082163 0.082163 0.082163
2907.641357 0.000000 723.448975 0.000000 0.725987 0.000000 0.687708 0.375088 0.375088 0.375088
2907.438232 0.000000 725.529480 0.000000 0.527284 0.000000 0.849689 0.212148 0.212148 0.212148
2906.179932 0.000000 723.163208 0.000000 0.193029 0.000000 0.981193 0.191730 0.191730 0.191730
2908.032471 0.000000 722.229126 0.000000 0.140311 0.000000 0.990108 0.212285 0.212285 0.212285
2900.098877 0.000000 724.167847 0.000000 0.324711 0.000000 0.945813 0.299074 0.299074 0.299074
2902.344238 0.000000 724.033569 0.000000 0.730526 0.000000 0.682884 0.370296 0.370296 0.370296
2902.190674 0.000000 722.941345 0.000000 0.467168 0.000000 0.884169 0.416395 0.416395 0.416395
2903.062744 0.000000 722.458618 0.000000 0.543993 0.000000 0.839090 0.431478 0.431478 0.431478
2904.348389 0.000000 724.138672 0.000000 0.260993 0.000000 0.965341 0.132179 0.132179 0.132179
2910.402832 0.000000 727.610535 0.000000 0.224569 0.000000 0.974458 0.086517 0.086517 0.086517
2909.632080 0.000000 723.673279 0.000000 0.722631 0.000000 0.691234 0.393078 0.393078 0.393078
2915.417480 0.000000 725.396667 0.000000 0.381485 0.000000 0.924375 0.234304 0.234304 0.234304
2919.476562 0.000000 734.717529 0.000000 0.663522 0.000000 0.748157 0.303716 0.303716 0.303716
2915.919189 0.000000 731.062683 0.000000 0.170483 0.000000 0.985361 0.333768 0.333768 0.333768
2919.017578 0.000000 730.708801 0.000000 0.266246 0.000000 0.963905 0.348546 0.348546 0.348546
2921.024414 0.000000 734.571594 0.000000 0.641343 0.000000 0.767254 0.538429 0.538429 0.538429
2912.659180 0.000000 723.669128 0.000000 0.082422 0.000000 0.996597 0.472928 0.472928 0.472928
2912.657959 0.000000 728.432373 0.000000 0.279751 0.000000 0.960073 0.108302 0.108302 0.108302
2912.782959 0.000000 726.270569 0.000000 0.415977 0.000000 0.909375 0.163873 0.163873 0.163873
2919.483398 0.000000 725.048218 0.000000 0.054770 0.000000 0.998499 0.402435 0.402435 0.402435
2918.827637 0.000000 735.610352 0.000000 0.717943 0.000000 0.696102 0.330119 0.330119 0.330119
2911.677002 0.000000 727.903503 0.000000 0.460187 0.000000 0.887822 0.182661 0.182661 0.182661
2914.558838 0.000000 727.889465 0.000000 0.175775 0.000000 0.984430 0.067492 0.067492 0.067492
2916.032715 0.000000 724.556030 0.000000 0.372665 0.000000 0.927966 0.145867 0.145867 0.145867
2912.381836 0.000000 727.231018 0.000000 0.338396 0.000000 0.941004 0.131861 0.131861 0.131861
2919.244873 0.000000 733.751343 0.000000 0.202139 0.000000 0.979357 0.290744 0.290744 0.290744
2918.205811 0.000000 729.410217 0.000000 0.685767 0.000000 0.727821 0.470572 0.470572 0.470572
2914.738281 0.000000 730.672913 0.000000 0.717498 0.000000 0.696560 0.453405 0.453405 0.453405
2914.459717 0.000000 725.283203 0.000000 0.516695 0.000000 0.856170 0.281306 0.281306 0.281306
2916.657715 0.000000 727.100769 0.000000 0.441281 0.000000 0.897369 0.174571 0.174571 0.174571
2914.195068 0.000000 726.880188 0.000000 0.216150 0.000000 0.976360 0.083220 0.083220 0.083220
2916.429199 0.000000 728.709351 0.000000 0.148053 0.000000 0.988979 0.056761 0.056761 0.056761
2911.946045 0.000000 726.230713 0.000000 0.206419 0.000000 0.978464 0.079417 0.079417 0.079417
2919.562500 0.000000 730.098389 0.000000 0.449075 0.000000 0.893494 0.386465 0.386465 0.386465
2918.483398 0.000000 730.137451 0.000000 0.683382 0.000000 0.730061 0.441856 0.441856 0.441856
2912.171143 0.000000 724.388184 0.000000 0.098102 0.000000 0.995176 0.037533 0.037533 0.037533
2931.251953 0.000000 748.428345 0.000000 0.679160 0.000000 0.733991 0.285187 0.285187 0.285187
2919.586426 0.000000 737.515869 0.000000 0.687599 0.000000 0.726091 0.447844 0.447844 0.447844
2925.073486 0.000000 751.760986 0.000000 0.490478 0.000000 0.871454 0.195813 0.195813 0.195813
2926.650146 0.000000 757.731812 0.000000 0.047651 0.000000 0.998864 0.212139 0.212139 0.212139
2926.827393 0.000000 741.343933 0.000000 0.230993 0.000000 0.972955 0.563932 0.563932 0.563932
2923.931885 0.000000 744.613403 0.000000 0.725490 0.000000 0.688233 0.310064 0.310064 0.310064
2920.762451 0.000000 750.557434 0.000000 0.309437 0.000000 0.950920 0.426884 0.426884 0.426884
2940.465088 0.000000 747.107056 0.000000 0.514843 0.000000 0.857284 0.550630 0.550630 0.550630
2921.679932 0.000000 744.558960 0.000000 0.679260 0.000000 0.733898 0.285239 0.285239 0.285239
2935.547852 0.000000 753.555664 0.000000 0.718714 0.000000 0.695306 0.366210 0.366210 0.366210
2933.980957 0.000000 758.831543 0.000000 0.646297 0.000000 0.763086 0.319132 0.319132 0.319132
2941.610596 0.000000 759.858521 0.000000 0.300892 0.000000 0.953658 0.116741 0.116741 0.116741
2932.552979 0.000000 749.375244 0.000000 0.547011 0.000000 0.837125 0.221081 0.221081 0.221081
2930.761719 0.000000 753.929077 0.000000 0.284117 0.000000 0.958790 0.110040 0.110040 0.110040
2938.722168 0.000000 759.953979 0.000000 0.072209 0.000000 0.997389 0.027606 0.027606 0.027606
2938.172119 0.000000 755.147583 0.000000 0.067823 0.000000 0.997697 0.025926 0.025926 0.025926
2926.471680 0.000000 751.227661 0.000000 0.729871 0.000000 0.683585 0.332798 0.332798 0.332798
2922.422607 0.000000 739.575806 0.000000 0.212756 0.000000 0.977105 0.134719 0.134719 0.134719
2940.181152 0.000000 750.197632 0.000000 0.664704 0.000000 0.747107 0.277731 0.277731 0.277731
2924.965332 0.000000 755.018677 0.000000 0.264525 0.000000 0.964379 0.367721 0.367721 0.367721
2940.699951 0.000000 753.008545 0.000000 0.446389 0.000000 0.894839 0.263059 0.263059 0.263059
2931.867188 0.000000 745.561707 0.000000 0.631396 0.000000 0.775460 0.290267 0.290267 0.290267
2922.988037 0.000000 749.913696 0.000000 0.448181 0.000000 0.893943 0.189111 0.189111 0.189111
2931.565430 0.000000 747.068848 0.000000 0.158669 0.000000 0.987332 0.060864 0.060864 0.060864
2930.761230 0.000000 744.574707 0.000000 0.531879 0.000000 0.846820 0.247500 0.247500 0.247500
2943.088867 0.000000 756.970947 0.000000 0.291369 0.000000 0.956611 0.128214 0.128214 0.128214
2924.031250 0.000000 750.865906 0.000000 0.319513 0.000000 0.947582 0.124223 0.124223 0.124223
2934.210693 0.000000 747.217896 0.000000 0.537747 0.000000 0.843106 0.216869 0.216869 0.216869
2929.235840 0.000000 745.243652 0.000000 0.174543 0.000000 0.984649 0.067014 0.067014 0.067014
2926.868896 0.000000 746.439453 0.000000 0.616002 0.000000 0.787745 0.368999 0.368999 0.368999
2938.899170 0.000000 758.663391 0.000000 0.165314 0.000000 0.986241 0.063437 0.063437 0.063437
2934.905273 0.000000 749.665894 0.000000 0.391278 0.000000 0.920272 0.153560 0.153560 0.153560
2920.297852 0.000000 751.719910 0.000000 0.050451 0.000000 0.998726 0.390485 0.390485 0.390485
2925.199707 0.000000 744.493591 0.000000 0.247571 0.000000 0.968870 0.200403 0.200403 0.200403
2936.487061 0.000000 747.320557 0.000000 0.328369 0.000000 0.944549 0.246312 0.246312 0.246312
2932.091064 0.000000 756.152222 0.000000 0.052800 0.000000 0.998605 0.020178 0.020178 0.020178
2933.194092 0.000000 750.529358 0.000000 0.575828 0.000000 0.817571 0.234384 0.234384 0.234384
2926.089355 0.000000 752.373352 0.000000 0.049750 0.000000 0.998762 0.019011 0.019011 0.019011
2936.801025 0.000000 750.941345 0.000000 0.010472 0.000000 0.999945 0.004000 0.004000 0.004000
2926.511963 0.000000 744.111938 0.000000 0.594079 0.000000 0.804407 0.340985 0.340985 0.340985
2941.824707 0.000000 758.714478 0.000000 0.591231 0.000000 0.806503 0.241629 0.241629 0.241629
2933.147705 0.000000 756.849182 0.000000 0.197470 0.000000 0.980309 0.075927 0.075927 0.075927
2925.826660 0.000000 740.606750 0.000000 0.159280 0.000000 0.987233 0.344287 0.344287 0.344287
2927.672852 0.000000 742.048218 0.000000 0.625755 0.000000 0.780020 0.384229 0.384229 0.384229
2925.762939 0.000000 754.234131 0.000000 0.630031 0.000000 0.776570 0.441496 0.441496 0.441496
2942.687988 0.000000 758.026611 0.000000 0.324319 0.000000 0.945948 0.241370 0.241370 0.241370
2928.777588 0.000000 752.248352 0.000000 0.569212 0.000000 0.822191 0.231302 0.231302 0.231302
2927.313477 0.000000 752.728577 0.000000 0.088799 0.000000 0.996050 0.033963 0.033963 0.033963
2941.405762 0.000000 751.171753 0.000000 0.693177 0.000000 0.720767 0.292548 0.292548 0.292548
2929.845703 0.000000 753.262756 0.000000 0.179603 0.000000 0.983739 0.068978 0.068978 0.068978
2932.989990 0.000000 753.238708 0.000000 0.608830 0.000000 0.793301 0.250033 0.250033 0.250033
2936.144287 0.000000 754.447815 0.000000 0.119326 0.000000 0.992855 0.045688 0.045688 0.045688
2936.963135 0.000000 757.523621 0.000000 0.652381 0.000000 0.757891 0.271476 0.271476 0.271476
2939.814941 0.000000 752.472168 0.000000 0.635186 0.000000 0.772360 0.326347 0.326347 0.326347
2925.931396 0.000000 741.891357 0.000000 0.138354 0.000000 0.990383 0.340451 0.340451 0.340451
2922.305908 0.000000 740.623535 0.000000 0.301613 0.000000 0.953430 0.117030 0.117030 0.117030
2939.050049 0.000000 754.609375 0.000000 0.308437 0.000000 0.951245 0.119767 0.119767 0.119767
2928.635010 0.000000 754.951477 0.000000 0.382398 0.000000 0.923998 0.149882 0.149882 0.149882
2935.054932 0.000000 754.442993 0.000000 0.403179 0.000000 0.915121 0.158514 0.158514 0.158514
2939.473389 0.000000 746.732605 0.000000 0.134565 0.000000 0.990905 0.324703 0.324703 0.324703
2939.688965 0.000000 756.591309 0.000000 0.238985 0.000000 0.971023 0.092178 0.092178 0.092178
2925.026855 0.000000 742.543884 0.000000 0.400058 0.000000 0.916490 0.200623 0.200623 0.200623
2934.098877 0.000000 752.882751 0.000000 0.585838 0.000000 0.810428 0.312681 0.312681 0.312681
2938.344727 0.000000 749.866821 0.000000 0.488272 0.000000 0.872691 0.194847 0.194847 0.194847
2933.300781 0.000000 754.586304 0.000000 0.592582 0.000000 0.805510 0.242269 0.242269 0.242269
2940.985107 0.000000 759.137451 0.000000 0.519041 0.000000 0.854749 0.208453 0.208453 0.208453
2924.458740 0.000000 743.861755 0.000000 0.327988 0.000000 0.944682 0.173954 0.173954 0.173954
2927.092529 0.000000 747.407837 0.000000 0.714817 0.000000 0.699312 0.402792 0.402792 0.402792
2931.688477 0.000000 759.480408 0.000000 0.220642 0.000000 0.975355 0.246554 0.246554 0.246554
2921.744629 0.000000 745.642090 0.000000 0.434673 0.000000 0.900589 0.171763 0.171763 0.171763
2926.639893 0.000000 748.872192 0.000000 0.575743 0.000000 0.817630 0.361966 0.361966 0.361966
2924.866455 0.000000 754.039001 0.000000 0.000818 0.000000 1.000000 0.320146 0.320146 0.320146
2934.237061 0.000000 751.688416 0.000000 0.237995 0.000000 0.971266 0.091788 0.091788 0.091788
2926.027100 0.000000 746.215393 0.000000 0.361002 0.000000 0.932565 0.294052 0.294052 0.294052
2921.865234 0.000000 736.681885 0.000000 0.389037 0.000000 0.921222 0.152631 0.152631 0.152631
2927.518066 0.000000 753.700012 0.000000 0.689259 0.000000 0.724515 0.290477 0.290477 0.290477
2933.467773 0.000000 759.541077 0.000000 0.543280 0.000000 0.839552 0.277593 0.277593 0.277593
2930.881348 0.000000 747.646240 0.000000 0.050030 0.000000 0.998748 0.019118 0.019118 0.019118
2930.127441 0.000000 745.180969 0.000000 0.174296 0.000000 0.984693 0.112909 0.112909 0.112909
2930.647949 0.000000 746.807617 0.000000 0.447101 0.000000 0.894484 0.177052 0.177052 0.177052
2936.866943 0.000000 758.384705 0.000000 0.485527 0.000000 0.874222 0.193646 0.193646 0.193646
2931.482422 0.000000 754.554932 0.000000 0.481175 0.000000 0.876624 0.191748 0.191748 0.191748
2933.419678 0.000000 751.324219 0.000000 0.621138 0.000000 0.783701 0.255995 0.255995 0.255995
2922.145264 0.000000 746.385254 0.000000 0.494627 0.000000 0.869106 0.404340 0.404340 0.404340
2939.749756 0.000000 758.720764 0.000000 0.635852 0.000000 0.771811 0.263222 0.263222 0.263222
2934.839844 0.000000 748.731506 0.000000 0.531662 0.000000 0.846956 0.214119 0.214119 0.214119
2932.392090 0.000000 747.196533 0.000000 0.327652 0.000000 0.944799 0.127509 0.127509 0.127509
2928.246338 0.000000 745.225525 0.000000 0.398934 0.000000 0.916980 0.156744 0.156744 0.156744
2934.745850 0.000000 753.465332 0.000000 0.188113 0.000000 0.982147 0.179897 0.179897 0.179897
2931.861084 0.000000 749.797363 0.000000 0.262881 0.000000 0.964828 0.101607 0.101607 0.101607
2937.388916 0.000000 754.853333 0.000000 0.467662 0.000000 0.883907 0.185884 0.185884 0.185884
2927.568604 0.000000 749.876099 0.000000 0.383869 0.000000 0.923388 0.307378 0.307378 0.307378
2931.811523 0.000000 747.848877 0.000000 0.264062 0.000000 0.964506 0.102075 0.102075 0.102075
2931.062500 0.000000 745.365234 0.000000 0.119597 0.000000 0.992822 0.093606 0.093606 0.093606
2934.798340 0.000000 756.693176 0.000000 0.699205 0.000000 0.714921 0.295755 0.295755 0.295755
2923.190186 0.000000 750.663086 0.000000 0.012330 0.000000 0.999924 0.018717 0.018717 0.018717
2929.591309 0.000000 748.127991 0.000000 0.298734 0.000000 0.954337 0.115877 0.115877 0.115877
2939.711426 0.000000 747.456787 0.000000 0.281974 0.000000 0.959422 0.353631 0.353631 0.353631
2958.747803 0.000000 685.797180 0.000000 0.047226 0.000000 0.998884 0.246263 0.246263 0.246263
2973.913086 0.000000 689.742676 0.000000 0.584129 0.000000 0.811661 0.238277 0.238277 0.238277
2965.887451 0.000000 689.861511 0.000000 0.629462 0.000000 0.777031 0.432035 0.432035 0.432035
2969.504883 0.000000 684.219055 0.000000 0.224479 0.000000 0.974479 0.461048 0.461048 0.461048
2955.983154 0.000000 690.032043 0.000000 0.079330 0.000000 0.996848 0.472663 0.472663 0.472663
2965.989990 0.000000 684.602783 0.000000 0.671510 0.000000 0.740995 0.567497 0.567497 0.567497
2974.285889 0.000000 686.618042 0.000000 0.262413 0.000000 0.964956 0.101422 0.101422 0.101422
2967.366455 0.000000 691.390808 0.000000 0.406134 0.000000 0.913814 0.356566 0.356566 0.356566
2974.433350 0.000000 691.739014 0.000000 0.221102 0.000000 0.975251 0.085159 0.085159 0.085159
2954.784180 0.000000 691.935974 0.000000 0.545824 0.000000 0.837900 0.515180 0.515180 0.515180
2968.128906 0.000000 685.859314 0.000000 0.366809 0.000000 0.930296 0.476466 0.476466 0.476466
2971.087646 0.000000 685.246948 0.000000 0.411740 0.000000 0.911301 0.162095 0.162095 0.162095
2969.737061 0.000000 688.573486 0.000000 0.049347 0.000000 0.998782 0.018857 0.018857 0.018857
2974.071777 0.000000 688.208130 0.000000 0.374725 0.000000 0.927136 0.146715 0.146715 0.146715
2960.631104 0.000000 693.740967 0.000000 0.525820 0.000000 0.850596 0.539057 0.539057 0.539057
2954.979248 0.000000 695.342285 0.000000 0.047684 0.000000 0.998862 0.018221 0.018221 0.018221
2974.067139 0.000000 698.623596 0.000000 0.345046 0.000000 0.938586 0.512389 0.512389 0.512389
2954.980225 0.000000 685.944946 0.000000 0.658942 0.000000 0.752194 0.499250 0.499250 0.499250
2966.890381 0.000000 688.294312 0.000000 0.723376 0.000000 0.690454 0.308893 0.308893 0.308893
2965.186279 0.000000 686.560608 0.000000 0.454966 0.000000 0.890509 0.180419 0.180419 0.180419
2971.899902 0.000000 684.250610 0.000000 0.116774 0.000000 0.993159 0.044706 0.044706 0.044706
2973.816895 0.000000 694.745728 0.000000 0.070840 0.000000 0.997488 0.370833 0.370833 0.370833
2955.102295 0.000000 690.832947 0.000000 0.114759 0.000000 0.993393 0.475702 0.475702 0.475702
2973.296143 0.000000 686.138794 0.000000 0.641064 0.000000 0.767488 0.265808 0.265808 0.265808
2973.397949 0.000000 687.203003 0.000000 0.115989 0.000000 0.993251 0.044404 0.044404 0.044404
2955.838867 0.000000 695.921631 0.000000 0.365488 0.000000 0.930816 0.142917 0.142917 0.142917
2968.136475 0.000000 690.479065 0.000000 0.168657 0.000000 0.985675 0.064732 0.064732 0.064732
2974.882324 0.000000 689.164246 0.000000 0.546141 0.000000 0.837693 0.220685 0.220685 0.220685
2955.317139 0.000000 694.431519 0.000000 0.726321 0.000000 0.687356 0.310526 0.310526 0.310526
2967.047119 0.000000 690.474243 0.000000 0.392515 0.000000 0.919746 0.353429 0.353429 0.353429
2970.455811 0.000000 684.449097 0.000000 0.006956 0.000000 0.999976 0.002657 0.002657 0.002657
2969.639160 0.000000 687.637146 0.000000 0.526896 0.000000 0.849930 0.403704 0.403704 0.403704
2961.130615 0.000000 695.240234 0.000000 0.620660 0.000000 0.784080 0.258462 0.258462 0.258462
2972.977295 0.000000 695.168701 0.000000 0.261386 0.000000 0.965234 0.400406 0.400406 0.400406
2962.062500 0.000000 695.579041 0.000000 0.067995 0.000000 0.997686 0.413166 0.413166 0.413166
2958.632080 0.000000 684.903442 0.000000 0.608934 0.000000 0.793221 0.387305 0.387305 0.387305
2953.393555 0.000000 693.523865 0.000000 0.351118 0.000000 0.936331 0.162456 0.162456 0.162456
2967.726318 0.000000 688.718079 0.000000 0.665644 0.000000 0.746270 0.278212 0.278212 0.278212
2956.428223 0.000000 693.920471 0.000000 0.498888 0.000000 0.866667 0.322013 0.322013 0.322013
2974.885986 0.000000 686.045715 0.000000 0.026676 0.000000 0.999644 0.010191 0.010191 0.010191
2969.827148 0.000000 691.960999 0.000000 0.349680 0.000000 0.936869 0.136452 0.136452 0.136452
2973.679688 0.000000 688.941956 0.000000 0.083437 0.000000 0.996513 0.031908 0.031908 0.031908
2966.738037 0.000000 689.496582 0.000000 0.126624 0.000000 0.991951 0.048497 0.048497 0.048497
2969.381104 0.000000 690.884583 0.000000 0.335030 0.000000 0.942207 0.130496 0.130496 0.130496
2960.723633 0.000000 694.578430 0.000000 0.278203 0.000000 0.960522 0.111548 0.111548 0.111548
2964.753662 0.000000 688.521179 0.000000 0.272872 0.000000 0.962050 0.355693 0.355693 0.355693
2972.727295 0.000000 686.785583 0.000000 0.220855 0.000000 0.975307 0.085062 0.085062 0.085062
2957.101807 0.000000 694.445801 0.000000 0.422350 0.000000 0.906433 0.190351 0.190351 0.190351
2980.959229 0.000000 690.570618 0.000000 0.061345 0.000000 0.998117 0.048318 0.048318 0.048318
2979.553955 0.000000 696.599609 0.000000 0.559266 0.000000 0.828988 0.550227 0.550227 0.550227
2975.630859 0.000000 688.749756 0.000000 0.289632 0.000000 0.957138 0.112239 0.112239 0.112239
2975.524414 0.000000 697.223694 0.000000 0.289179 0.000000 0.957275 0.293841 0.293841 0.293841
2983.064209 0.000000 688.141479 0.000000 0.211624 0.000000 0.977351 0.081450 0.081450 0.081450
2977.899902 0.000000 690.682678 0.000000 0.629746 0.000000 0.776801 0.260209 0.260209 0.260209
2981.203857 0.000000 679.382935 0.000000 0.315936 0.000000 0.948780 0.560700 0.560700 0.560700
2976.446289 0.000000 681.957397 0.000000 0.538378 0.000000 0.842703 0.532439 0.532439 0.532439
2975.923828 0.000000 699.937866 0.000000 0.263161 0.000000 0.964752 0.506206 0.506206 0.506206
2979.903564 0.000000 699.078308 0.000000 0.188281 0.000000 0.982115 0.109596 0.109596 0.109596
2985.046387 0.000000 688.730469 0.000000 0.106922 0.000000 0.994267 0.040919 0.040919 0.040919
2979.491943 0.000000 691.629211 0.000000 0.530372 0.000000 0.847765 0.330234 0.330234 0.330234
2975.311523 0.000000 687.204956 0.000000 0.520889 0.000000 0.853624 0.209280 0.209280 0.209280
2976.458008 0.000000 690.062256 0.000000 0.104013 0.000000 0.994576 0.039802 0.039802 0.039802
2977.973633 0.000000 685.762756 0.000000 0.616403 0.000000 0.787431 0.483206 0.483206 0.483206
2978.239746 0.000000 682.262817 0.000000 0.719629 0.000000 0.694359 0.460886 0.460886 0.460886
2980.854248 0.000000 695.993164 0.000000 0.616619 0.000000 0.787261 0.407213 0.407213 0.407213
2976.621094 0.000000 683.382629 0.000000 0.447109 0.000000 0.894480 0.177056 0.177056 0.177056
2976.642334 0.000000 696.447998 0.000000 0.315727 0.000000 0.948850 0.373516 0.373516 0.373516
2980.487061 0.000000 689.406921 0.000000 0.605586 0.000000 0.795780 0.248473 0.248473 0.248473
2984.282227 0.000000 687.751160 0.000000 0.555623 0.000000 0.831434 0.225024 0.225024 0.225024
2985.901611 0.000000 686.437988 0.000000 0.637766 0.000000 0.770230 0.264169 0.264169 0.264169
2975.300293 0.000000 693.694214 0.000000 0.356487 0.000000 0.934300 0.319925 0.319925 0.319925
2980.811768 0.000000 693.452759 0.000000 0.494624 0.000000 0.869107 0.352268 0.352268 0.352268
2978.429443 0.000000 691.558044 0.000000 0.476657 0.000000 0.879089 0.313652 0.313652 0.313652
2988.266602 0.000000 684.645447 0.000000 0.678592 0.000000 0.734516 0.284891 0.284891 0.284891
2983.123291 0.000000 691.097656 0.000000 0.012858 0.000000 0.999917 0.389969 0.389969 0.389969
2982.930176 0.000000 689.132263 0.000000 0.703453 0.000000 0.710742 0.298031 0.298031 0.298031
2983.462158 0.000000 687.287964 0.000000 0.180266 0.000000 0.983618 0.198284 0.198284 0.198284
2978.722656 0.000000 698.688538 0.000000 0.325205 0.000000 0.945644 0.159942 0.159942 0.159942
2987.501221 0.000000 685.205505 0.000000 0.490335 0.000000 0.871534 0.195751 0.195751 0.195751
2981.754395 0.000000 690.161133 0.000000 0.607849 0.000000 0.794053 0.264678 0.264678 0.264678
2977.047852 0.000000 692.447388 0.000000 0.069520 0.000000 0.997581 0.067053 0.067053 0.067053
2975.769043 0.000000 686.420532 0.000000 0.198875 0.000000 0.980025 0.076475 0.076475 0.076475
2986.496826 0.000000 684.067749 0.000000 0.684394 0.000000 0.729113 0.287920 0.287920 0.287920
2986.129639 0.000000 682.416504 0.000000 0.075238 0.000000 0.997166 0.078049 0.078049 0.078049
2982.389648 0.000000 686.455750 0.000000 0.559000 0.000000 0.829168 0.317371 0.317371 0.317371
2981.280273 0.000000 689.052185 0.000000 0.422261 0.000000 0.906474 0.166516 0.166516 0.166516
2987.948242 0.000000 683.771301 0.000000 0.388645 0.000000 0.921388 0.191079 0.191079 0.191079
2986.709961 0.000000 685.173950 0.000000 0.249189 0.000000 0.968455 0.096197 0.096197 0.096197
2979.993408 0.000000 682.606079 0.000000 0.496233 0.000000 0.868189 0.409409 0.409409 0.409409
2987.174561 0.000000 686.694336 0.000000 0.501965 0.000000 0.864888 0.200867 0.200867 0.200867
2987.745850 0.000000 686.053894 0.000000 0.599749 0.000000 0.800188 0.245679 0.245679 0.245679
2989.557129 0.000000 684.083557 0.000000 0.057483 0.000000 0.998346 0.021969 0.021969 0.021969
2976.052002 0.000000 689.402710 0.000000 0.433826 0.000000 0.900997 0.171404 0.171404 0.171404
2974.957520 0.000000 731.684204 0.000000 0.185761 0.000000 0.982595 0.071370 0.071370 0.071370
2975.072510 0.000000 727.075378 0.000000 0.485104 0.000000 0.874457 0.231724 0.231724 0.231724
2972.895020 0.000000 729.191772 0.000000 0.257131 0.000000 0.966377 0.374209 0.374209 0.374209
2974.512207 0.000000 732.988770 0.000000 0.211212 0.000000 0.977440 0.081289 0.081289 0.081289
2974.570557 0.000000 735.007324 0.000000 0.715161 0.000000 0.698959 0.304376 0.304376 0.304376
2973.065186 0.000000 735.410034 0.000000 0.449864 0.000000 0.893097 0.178233 0.178233 0.178233
2970.004883 0.000000 735.536072 0.000000 0.676310 0.000000 0.736618 0.477204 0.477204 0.477204
2974.455322 0.000000 733.967834 0.000000 0.573690 0.000000 0.819072 0.233386 0.233386 0.233386
2972.223633 0.000000 732.116821 0.000000 0.091328 0.000000 0.995821 0.034934 0.034934 0.034934
2972.876709 0.000000 734.539368 0.000000 0.000827 0.000000 1.000000 0.000316 0.000316 0.000316
2973.589111 0.000000 728.707825 0.000000 0.139227 0.000000 0.990260 0.353473 0.353473 0.353473
2974.387207 0.000000 727.610535 0.000000 0.293189 0.000000 0.956055 0.159433 0.159433 0.159433
2983.460938 0.000000 734.717529 0.000000 0.121731 0.000000 0.992563 0.521875 0.521875 0.521875
2979.903564 0.000000 731.062683 0.000000 0.457129 0.000000 0.889400 0.416121 0.416121 0.416121
2975.377686 0.000000 726.867859 0.000000 0.693102 0.000000 0.720839 0.321448 0.321448 0.321448
2977.018311 0.000000 734.297668 0.000000 0.325038 0.000000 0.945701 0.126453 0.126453 0.126453
2976.689941 0.000000 733.046021 0.000000 0.405188 0.000000 0.914233 0.188729 0.188729 0.188729
2975.293213 0.000000 732.942688 0.000000 0.434967 0.000000 0.900446 0.171888 0.171888 0.171888
2979.585449 0.000000 735.191528 0.000000 0.531942 0.000000 0.846781 0.214245 0.214245 0.214245
2976.199707 0.000000 733.846008 0.000000 0.344082 0.000000 0.938939 0.165227 0.165227 0.165227
2978.722656 0.000000 730.672913 0.000000 0.513587 0.000000 0.858037 0.426958 0.426958 0.426958
2979.047119 0.000000 733.453186 0.000000 0.675982 0.000000 0.736918 0.438666 0.438666 0.438666
2975.930420 0.000000 726.230713 0.000000 0.310249 0.000000 0.950655 0.165625 0.165625 0.165625
2978.741211 0.000000 735.165833 0.000000 0.488695 0.000000 0.872455 0.195032 0.195032 0.195032
2976.443848 0.000000 731.335754 0.000000 0.626354 0.000000 0.779539 0.385753 0.385753 0.385753
2969.127441 0.000000 754.052612 0.000000 0.468482 0.000000 0.883473 0.220313 0.220313 0.220313
2943.397217 0.000000 748.075806 0.000000 0.688682 0.000000 0.725064 0.451769 0.451769 0.451769
2966.224121 0.000000 757.285156 0.000000 0.461630 0.000000 0.887072 0.183282 0.183282 0.183282
2951.072021 0.000000 752.110229 0.000000 0.463583 0.000000 0.886054 0.523348 0.523348 0.523348
2949.310059 0.000000 758.461609 0.000000 0.465153 0.000000 0.885230 0.481139 0.481139 0.481139
2965.180664 0.000000 755.674438 0.000000 0.605801 0.000000 0.795617 0.565547 0.565547 0.565547
2951.171631 0.000000 754.084656 0.000000 0.144862 0.000000 0.989452 0.416374 0.416374 0.416374
2967.095215 0.000000 763.401917 0.000000 0.378985 0.000000 0.925403 0.497300 0.497300 0.497300
2945.915771 0.000000 756.472107 0.000000 0.243852 0.000000 0.969812 0.115917 0.115917 0.115917
2964.456543 0.000000 761.396423 0.000000 0.380321 0.000000 0.924855 0.271053 0.271053 0.271053
2947.072510 0.000000 758.958740 0.000000 0.531470 0.000000 0.847077 0.339661 0.339661 0.339661
2965.973145 0.000000 758.831543 0.000000 0.493721 0.000000 0.869621 0.404146 0.404146 0.404146
2974.706299 0.000000 742.332947 0.000000 0.649288 0.000000 0.760542 0.269920 0.269920 0.269920
2974.319580 0.000000 737.614502 0.000000 0.268770 0.000000 0.963204 0.103941 0.103941 0.103941
2973.602783 0.000000 759.858521 0.000000 0.471709 0.000000 0.881754 0.187635 0.187635 0.187635
2950.332764 0.000000 757.295776 0.000000 0.624225 0.000000 0.781245 0.504638 0.504638 0.504638
2948.862061 0.000000 759.961914 0.000000 0.218179 0.000000 0.975909 0.452286 0.452286 0.452286
2969.565674 0.000000 742.332825 0.000000 0.341606 0.000000 0.939843 0.133165 0.133165 0.133165
2972.173340 0.000000 750.197632 0.000000 0.149391 0.000000 0.988778 0.057278 0.057278 0.057278
2947.211426 0.000000 754.133728 0.000000 0.034223 0.000000 0.999414 0.013075 0.013075 0.013075
2950.056641 0.000000 753.272034 0.000000 0.394299 0.000000 0.918982 0.517946 0.517946 0.517946
2975.081055 0.000000 756.970947 0.000000 0.190254 0.000000 0.981735 0.073117 0.073117 0.073117
2974.458252 0.000000 749.156982 0.000000 0.466938 0.000000 0.884290 0.185571 0.185571 0.185571
2947.160645 0.000000 761.846436 0.000000 0.100734 0.000000 0.994913 0.503121 0.503121 0.503121
2969.253174 0.000000 736.052246 0.000000 0.509795 0.000000 0.860296 0.457250 0.457250 0.457250
2946.615967 0.000000 751.464783 0.000000 0.309820 0.000000 0.950795 0.240712 0.240712 0.240712
2974.570557 0.000000 766.991699 0.000000 0.438824 0.000000 0.898573 0.474566 0.474566 0.474566
2971.157715 0.000000 742.417419 0.000000 0.143843 0.000000 0.989600 0.055135 0.055135 0.055135
2972.761475 0.000000 745.812012 0.000000 0.722035 0.000000 0.691857 0.308152 0.308152 0.308152
2944.775146 0.000000 758.254944 0.000000 0.476400 0.000000 0.879229 0.292655 0.292655 0.292655
2972.448975 0.000000 758.235474 0.000000 0.187751 0.000000 0.982217 0.072144 0.072144 0.072144
2969.779053 0.000000 762.078613 0.000000 0.584202 0.000000 0.811608 0.499294 0.499294 0.499294
2968.366455 0.000000 739.551453 0.000000 0.332127 0.000000 0.943235 0.489252 0.489252 0.489252
2973.498779 0.000000 744.881531 0.000000 0.335408 0.000000 0.942073 0.130649 0.130649 0.130649
2951.475586 0.000000 757.032593 0.000000 0.008026 0.000000 0.999968 0.433795 0.433795 0.433795
2948.094238 0.000000 758.296936 0.000000 0.186082 0.000000 0.982534 0.448702 0.448702 0.448702
2966.942871 0.000000 760.766785 0.000000 0.032806 0.000000 0.999462 0.012533 0.012533 0.012533
2966.175049 0.000000 754.925720 0.000000 0.365203 0.000000 0.930928 0.142800 0.142800 0.142800
2968.738037 0.000000 753.008118 0.000000 0.685643 0.000000 0.727938 0.288574 0.288574 0.288574
2971.214844 0.000000 744.337219 0.000000 0.106083 0.000000 0.994357 0.040597 0.040597 0.040597
2973.060303 0.000000 735.667297 0.000000 0.612123 0.000000 0.790762 0.251621 0.251621 0.251621
2971.420410 0.000000 736.879883 0.000000 0.513868 0.000000 0.857869 0.206145 0.206145 0.206145
2975.243896 0.000000 743.381775 0.000000 0.646129 0.000000 0.763228 0.268336 0.268336 0.268336
2943.308105 0.000000 757.662964 0.000000 0.361010 0.000000 0.932562 0.155479 0.155479 0.155479
2948.819580 0.000000 757.421509 0.000000 0.464339 0.000000 0.885657 0.269189 0.269189 0.269189
2974.931152 0.000000 736.756348 0.000000 0.051132 0.000000 0.998692 0.019540 0.019540 0.019540
2945.290039 0.000000 757.263977 0.000000 0.413105 0.000000 0.910683 0.181532 0.181532 0.181532
2947.892090 0.000000 759.610840 0.000000 0.432247 0.000000 0.901755 0.310456 0.310456 0.310456
2969.637451 0.000000 741.251831 0.000000 0.242470 0.000000 0.970159 0.093549 0.093549 0.093549
2949.900635 0.000000 755.865723 0.000000 0.378202 0.000000 0.925723 0.279274 0.279274 0.279274
2948.564209 0.000000 755.560303 0.000000 0.535329 0.000000 0.844644 0.327275 0.327275 0.327275
2944.374023 0.000000 759.215393 0.000000 0.612330 0.000000 0.790602 0.339132 0.339132 0.339132
2972.986816 0.000000 753.926025 0.000000 0.172604 0.000000 0.984991 0.066262 0.066262 0.066262
2968.598389 0.000000 760.713806 0.000000 0.062920 0.000000 0.998019 0.024050 0.024050 0.024050
2972.039062 0.000000 749.229370 0.000000 0.567637 0.000000 0.823279 0.230571 0.230571 0.230571
2973.567383 0.000000 761.805603 0.000000 0.573704 0.000000 0.819062 0.285149 0.285149 0.285149
2951.131104 0.000000 755.066406 0.000000 0.105507 0.000000 0.994419 0.411264 0.411264 0.411264
2966.456299 0.000000 759.648132 0.000000 0.140851 0.000000 0.990031 0.053981 0.053981 0.053981
2973.179688 0.000000 752.249573 0.000000 0.417597 0.000000 0.908633 0.164553 0.164553 0.164553
2968.836670 0.000000 741.680847 0.000000 0.580375 0.000000 0.814350 0.236513 0.236513 0.236513
2945.513916 0.000000 755.505249 0.000000 0.713949 0.000000 0.700197 0.332762 0.332762 0.332762
2949.762207 0.000000 754.129883 0.000000 0.652257 0.000000 0.757998 0.366768 0.366768 0.366768
2943.776855 0.000000 750.389282 0.000000 0.068997 0.000000 0.997617 0.026376 0.026376 0.026376
2946.187256 0.000000 758.864563 0.000000 0.112568 0.000000 0.993644 0.224358 0.224358 0.224358
2946.830566 0.000000 758.113220 0.000000 0.515577 0.000000 0.856843 0.334855 0.334855 0.334855
2965.459961 0.000000 759.541077 0.000000 0.091263 0.000000 0.995827 0.325210 0.325210 0.325210
2967.249756 0.000000 757.448059 0.000000 0.101928 0.000000 0.994792 0.039001 0.039001 0.039001
2970.362793 0.000000 742.658325 0.000000 0.622782 0.000000 0.782395 0.256797 0.256797 0.256797
2973.616455 0.000000 755.657654 0.000000 0.673594 0.000000 0.739102 0.282300 0.282300 0.282300
2949.332520 0.000000 755.263794 0.000000 0.374212 0.000000 0.927343 0.278107 0.278107 0.278107
2970.681641 0.000000 739.724609 0.000000 0.216931 0.000000 0.976187 0.083526 0.083526 0.083526
2973.679688 0.000000 752.910706 0.000000 0.462673 0.000000 0.886529 0.183731 0.183731 0.183731
2966.738037 0.000000 753.465332 0.000000 0.520848 0.000000 0.853649 0.314991 0.314991 0.314991
2969.381104 0.000000 754.853333 0.000000 0.378959 0.000000 0.925413 0.185647 0.185647 0.185647
2949.545410 0.000000 757.101868 0.000000 0.204505 0.000000 0.978865 0.184981 0.184981 0.184981
2965.880615 0.000000 758.028015 0.000000 0.690676 0.000000 0.723164 0.449850 0.449850 0.449850
2946.875244 0.000000 754.866455 0.000000 0.042958 0.000000 0.999077 0.016414 0.016414 0.016414
2972.636963 0.000000 747.968750 0.000000 0.275406 0.000000 0.961328 0.106575 0.106575 0.106575
2947.317139 0.000000 751.897949 0.000000 0.714858 0.000000 0.699269 0.378448 0.378448 0.378448
2944.059814 0.000000 753.371460 0.000000 0.537164 0.000000 0.843478 0.291781 0.291781 0.291781
2971.010254 0.000000 743.168884 0.000000 0.411208 0.000000 0.911542 0.161871 0.161871 0.161871
2974.246582 0.000000 763.347290 0.000000 0.144001 0.000000 0.989578 0.136383 0.136383 0.136383
2944.163330 0.000000 756.372559 0.000000 0.360320 0.000000 0.932829 0.160607 0.160607 0.160607
2947.364502 0.000000 751.105469 0.000000 0.102448 0.000000 0.994738 0.179950 0.179950 0.179950
2968.712646 0.000000 748.059509 0.000000 0.594470 0.000000 0.804118 0.243166 0.243166 0.243166
2985.755127 0.000000 765.156555 0.000000 0.070610 0.000000 0.997504 0.512364 0.512364 0.512364
2976.024902 0.000000 743.565613 0.000000 0.022660 0.000000 0.999743 0.008656 0.008656 0.008656
2986.758789 0.000000 751.351868 0.000000 0.223924 0.000000 0.974607 0.136630 0.136630 0.136630
2980.112793 0.000000 740.760620 0.000000 0.658728 0.000000 0.752381 0.337198 0.337198 0.337198
2980.959229 0.000000 754.539368 0.000000 0.615602 0.000000 0.788057 0.514346 0.514346 0.514346
2985.093506 0.000000 740.149780 0.000000 0.443336 0.000000 0.896356 0.426849 0.426849 0.426849
2983.375488 0.000000 748.930176 0.000000 0.605885 0.000000 0.795552 0.499408 0.499408 0.499408
2976.434570 0.000000 740.368896 0.000000 0.583939 0.000000 0.811798 0.238187 0.238187 0.238187
2977.899902 0.000000 754.651428 0.000000 0.472529 0.000000 0.881315 0.187991 0.187991 0.187991
2976.446289 0.000000 745.926147 0.000000 0.039255 0.000000 0.999229 0.014998 0.014998 0.014998
2987.418457 0.000000 740.599731 0.000000 0.050107 0.000000 0.998744 0.158096 0.158096 0.158096
2975.923828 0.000000 763.906616 0.000000 0.539157 0.000000 0.842205 0.274507 0.274507 0.274507
2977.360107 0.000000 736.265503 0.000000 0.262859 0.000000 0.964834 0.101599 0.101599 0.101599
2984.746826 0.000000 750.557434 0.000000 0.535163 0.000000 0.844749 0.244334 0.244334 0.244334
2976.916260 0.000000 738.573975 0.000000 0.014383 0.000000 0.999897 0.273605 0.273605 0.273605
2979.064697 0.000000 758.958740 0.000000 0.137010 0.000000 0.990570 0.052499 0.052499 0.052499
2988.744629 0.000000 760.384949 0.000000 0.624192 0.000000 0.781271 0.371657 0.371657 0.371657
2979.885498 0.000000 739.088135 0.000000 0.035700 0.000000 0.999363 0.013639 0.013639 0.013639
2979.848877 0.000000 744.236328 0.000000 0.157155 0.000000 0.987574 0.060279 0.060279 0.060279
2985.008789 0.000000 766.555969 0.000000 0.228739 0.000000 0.973488 0.411319 0.411319 0.411319
2990.703369 0.000000 766.116211 0.000000 0.347607 0.000000 0.937640 0.197526 0.197526 0.197526
2986.665283 0.000000 745.717896 0.000000 0.150958 0.000000 0.988540 0.125913 0.125913 0.125913
2977.973633 0.000000 749.731506 0.000000 0.615545 0.000000 0.788102 0.253277 0.253277 0.253277
2986.972412 0.000000 749.913696 0.000000 0.554964 0.000000 0.831874 0.358645 0.358645 0.358645
2989.804443 0.000000 758.863525 0.000000 0.405027 0.000000 0.914305 0.392605 0.392605 0.392605
2985.348145 0.000000 743.273926 0.000000 0.128069 0.000000 0.991765 0.368819 0.368819 0.368819
2980.487061 0.000000 753.375671 0.000000 0.542207 0.000000 0.840245 0.407205 0.407205 0.407205
2985.548340 0.000000 751.598083 0.000000 0.328915 0.000000 0.944360 0.163187 0.163187 0.163187
2976.767334 0.000000 758.254944 0.000000 0.551239 0.000000 0.834347 0.223014 0.223014 0.223014
2986.371094 0.000000 752.570862 0.000000 0.296960 0.000000 0.954890 0.354732 0.354732 0.354732
2975.293213 0.000000 764.927063 0.000000 0.266379 0.000000 0.963868 0.233579 0.233579 0.233579
2976.105713 0.000000 767.059265 0.000000 0.686696 0.000000 0.726945 0.380561 0.380561 0.380561
2986.980713 0.000000 761.979980 0.000000 0.534452 0.000000 0.845199 0.215378 0.215378 0.215378
2976.888184 0.000000 744.877014 0.000000 0.274594 0.000000 0.961560 0.106252 0.106252 0.106252
2976.971436 0.000000 761.489929 0.000000 0.088553 0.000000 0.996071 0.033869 0.033869 0.033869
2978.959717 0.000000 742.053772 0.000000 0.343251 0.000000 0.939244 0.133834 0.133834 0.133834
2977.043701 0.000000 753.130432 0.000000 0.086494 0.000000 0.996252 0.033080 0.033080 0.033080
2987.831055 0.000000 759.890381 0.000000 0.218680 0.000000 0.975797 0.278390 0.278390 0.278390
2978.936035 0.000000 756.473694 0.000000 0.409333 0.000000 0.912385 0.161086 0.161086 0.161086
2977.293457 0.000000 746.554932 0.000000 0.660655 0.000000 0.750690 0.275666 0.275666 0.275666
2976.033691 0.000000 742.562988 0.000000 0.238144 0.000000 0.971230 0.091847 0.091847 0.091847
2978.134277 0.000000 748.761963 0.000000 0.206869 0.000000 0.978369 0.079593 0.079593 0.079593
2991.518066 0.000000 766.564148 0.000000 0.046681 0.000000 0.998910 0.095459 0.095459 0.095459
2976.455566 0.000000 737.428650 0.000000 0.510606 0.000000 0.859815 0.204695 0.204695 0.204695
2976.199707 0.000000 765.830383 0.000000 0.004129 0.000000 0.999991 0.001577 0.001577 0.001577
2980.903320 0.000000 742.477173 0.000000 0.240700 0.000000 0.970600 0.367309 0.367309 0.367309
2979.142822 0.000000 737.184814 0.000000 0.334157 0.000000 0.942517 0.130142 0.130142 0.130142
2978.722656 0.000000 762.657288 0.000000 0.653450 0.000000 0.756970 0.288736 0.288736 0.288736
2980.240967 0.000000 752.400513 0.000000 0.377890 0.000000 0.925851 0.371351 0.371351 0.371351
2978.479004 0.000000 750.566589 0.000000 0.130659 0.000000 0.991427 0.050051 0.050051 0.050051
2981.024170 0.000000 740.791809 0.000000 0.424158 0.000000 0.905588 0.250459 0.250459 0.250459
2979.447998 0.000000 741.338074 0.000000 0.451560 0.000000 0.892241 0.178959 0.178959 0.178959
2978.179443 0.000000 758.864563 0.000000 0.138261 0.000000 0.990396 0.052981 0.052981 0.052981
2978.822754 0.000000 758.113220 0.000000 0.541575 0.000000 0.840652 0.218606 0.218606 0.218606
2977.826904 0.000000 766.745789 0.000000 0.452248 0.000000 0.891892 0.303002 0.303002 0.303002
2989.904785 0.000000 765.804016 0.000000 0.312823 0.000000 0.949812 0.318547 0.318547 0.318547
2987.239502 0.000000 739.773926 0.000000 0.004433 0.000000 0.999990 0.025156 0.025156 0.025156
2986.876221 0.000000 757.178894 0.000000 0.487260 0.000000 0.873257 0.300973 0.300973 0.300973
2979.541260 0.000000 738.273010 0.000000 0.710612 0.000000 0.703584 0.301898 0.301898 0.301898
2988.854736 0.000000 761.456665 0.000000 0.212162 0.000000 0.977234 0.254440 0.254440 0.254440
2988.886963 0.000000 759.521301 0.000000 0.188646 0.000000 0.982045 0.351761 0.351761 0.351761
2981.291260 0.000000 749.675964 0.000000 0.177403 0.000000 0.984138 0.155727 0.155727 0.155727
2981.141113 0.000000 747.415100 0.000000 0.724605 0.000000 0.689164 0.453078 0.453078 0.453078
2979.370361 0.000000 743.562378 0.000000 0.289040 0.000000 0.957317 0.112003 0.112003 0.112003
2986.532227 0.000000 764.903381 0.000000 0.681358 0.000000 0.731951 0.449931 0.449931 0.449931
2977.415283 0.000000 760.207520 0.000000 0.207671 0.000000 0.978199 0.079906 0.079906 0.079906
2979.993408 0.000000 746.574829 0.000000 0.073308 0.000000 0.997309 0.028027 0.028027 0.028027
2981.197266 0.000000 748.900269 0.000000 0.374326 0.000000 0.927297 0.221237 0.221237 0.221237
2979.704346 0.000000 753.541504 0.000000 0.731533 0.000000 0.681806 0.313434 0.313434 0.313434
2987.174561 0.000000 750.663086 0.000000 0.581736 0.000000 0.813377 0.272725 0.272725 0.272725
2980.543701 0.000000 740.099365 0.000000 0.005328 0.000000 0.999986 0.116938 0.116938 0.116938
2979.356689 0.000000 751.105469 0.000000 0.526181 0.000000 0.850373 0.211652 0.211652 0.211652
2981.305664 0.000000 746.073914 0.000000 0.606401 0.000000 0.795159 0.422367 0.422367 0.422367
2987.014648 0.000000 770.274231 0.000000 0.055255 0.000000 0.998472 0.411579 0.411579 0.411579
2984.461670 0.000000 774.276062 0.000000 0.192195 0.000000 0.981357 0.135770 0.135770 0.135770
2988.786621 0.000000 769.896362 0.000000 0.391265 0.000000 0.920278 0.328631 0.328631 0.328631
2986.720459 0.000000 768.988708 0.000000 0.022733 0.000000 0.999742 0.293907 0.293907 0.293907
2978.317627 0.000000 768.764526 0.000000 0.329415 0.000000 0.944185 0.313233 0.313233 0.313233
2985.358643 0.000000 774.287048 0.000000 0.719737 0.000000 0.694247 0.341369 0.341369 0.341369
2990.732422 0.000000 767.904297 0.000000 0.590572 0.000000 0.806985 0.289142 0.289142 0.289142
2979.541260 0.000000 770.257385 0.000000 0.538933 0.000000 0.842349 0.436460 0.436460 0.436460
2978.537598 0.000000 767.953552 0.000000 0.652503 0.000000 0.757786 0.355263 0.355263 0.355263
"}
object={
	name="cerulean_grass_01_generator_1_1"
	render_pass=Map
	clamp_to_water_level=no
	generated_content=yes
	layer="grass_layer"
	pdxmesh="cerulean_grass_07_grass_mesh"
	count=1208
	transform="2782.408691 0.000000 569.270996 0.000000 0.929934 0.000000 0.367726 0.561644 0.561644 0.561644
2780.941895 0.000000 569.269897 0.000000 0.986114 0.000000 0.166070 0.568760 0.568760 0.568760
2778.653320 0.000000 564.516907 0.000000 0.993048 0.000000 0.117709 0.587806 0.587806 0.587806
2780.063721 0.000000 562.307251 0.000000 0.823879 0.000000 0.566765 0.471829 0.471829 0.471829
2780.495850 0.000000 566.329224 0.000000 0.932979 0.000000 0.359932 0.545399 0.545399 0.545399
2781.902100 0.000000 572.109619 0.000000 0.939693 0.000000 0.342020 0.543529 0.543529 0.543529
2780.691162 0.000000 570.443237 0.000000 0.940168 0.000000 0.340711 0.532297 0.532297 0.532297
2782.929199 0.000000 561.226746 0.000000 0.985691 0.000000 0.168562 0.580972 0.580972 0.580972
2780.739990 0.000000 568.332886 0.000000 0.937050 0.000000 0.349196 0.533209 0.533209 0.533209
2781.614258 0.000000 569.899353 0.000000 0.993573 0.000000 0.113190 0.578761 0.578761 0.578761
2782.502197 0.000000 574.045959 0.000000 0.977850 0.000000 0.209308 0.552936 0.552936 0.552936
2786.101318 0.000000 573.005188 0.000000 0.993470 0.000000 0.114096 0.574308 0.574308 0.574308
2812.522949 0.000000 550.496033 0.000000 0.864394 0.000000 0.502815 0.546335 0.546335 0.546335
2798.975342 0.000000 571.694336 0.000000 0.813360 0.000000 0.581761 0.551637 0.551637 0.551637
2789.006104 0.000000 562.633118 0.000000 0.994633 0.000000 0.103465 0.588821 0.588821 0.588821
2783.677734 0.000000 560.812256 0.000000 0.994093 0.000000 0.108534 0.587783 0.587783 0.587783
2804.089844 0.000000 551.937134 0.000000 0.862271 0.000000 0.506448 0.581704 0.581704 0.581704
2791.422363 0.000000 557.023926 0.000000 0.834805 0.000000 0.550546 0.534501 0.534501 0.534501
2807.093506 0.000000 544.446533 0.000000 0.838439 0.000000 0.544995 0.574099 0.574099 0.574099
2809.760010 0.000000 547.383545 0.000000 0.978390 0.000000 0.206770 0.576602 0.576602 0.576602
2794.684570 0.000000 550.891113 0.000000 0.819938 0.000000 0.572453 0.531527 0.531527 0.531527
2786.111328 0.000000 575.693604 0.000000 0.799955 0.000000 0.600060 0.455395 0.455395 0.455395
2784.701904 0.000000 558.500977 0.000000 0.863302 0.000000 0.504687 0.540567 0.540567 0.540567
2793.259033 0.000000 554.470032 0.000000 0.755137 0.000000 0.655567 0.519681 0.519681 0.519681
2785.776123 0.000000 570.438110 0.000000 0.916024 0.000000 0.401124 0.509116 0.509116 0.509116
2785.449219 0.000000 567.408752 0.000000 0.911475 0.000000 0.411356 0.552372 0.552372 0.552372
2787.403564 0.000000 560.821106 0.000000 0.968610 0.000000 0.248585 0.579303 0.579303 0.579303
2790.120605 0.000000 554.122437 0.000000 0.822856 0.000000 0.568250 0.532101 0.532101 0.532101
2795.465332 0.000000 548.693481 0.000000 0.777626 0.000000 0.628727 0.523615 0.523615 0.523615
2783.970703 0.000000 572.000366 0.000000 0.897826 0.000000 0.440351 0.497544 0.497544 0.497544
2803.436523 0.000000 549.748962 0.000000 0.757834 0.000000 0.652447 0.440289 0.440289 0.440289
2789.622803 0.000000 558.546753 0.000000 0.789437 0.000000 0.613831 0.525751 0.525751 0.525751
2795.963135 0.000000 552.707153 0.000000 0.967372 0.000000 0.253359 0.571223 0.571223 0.571223
2789.349121 0.000000 566.555359 0.000000 0.888679 0.000000 0.458530 0.545772 0.545772 0.545772
2805.589355 0.000000 575.107544 0.000000 0.812502 0.000000 0.582959 0.460161 0.460161 0.460161
2810.312500 0.000000 574.760010 0.000000 0.952098 0.000000 0.305794 0.536690 0.536690 0.536690
2811.270264 0.000000 546.011230 0.000000 0.971055 0.000000 0.238857 0.566762 0.566762 0.566762
2794.560547 0.000000 575.080566 0.000000 0.935545 0.000000 0.353207 0.484821 0.484821 0.484821
2797.675293 0.000000 573.073669 0.000000 0.803164 0.000000 0.595758 0.390638 0.390638 0.390638
2812.077393 0.000000 574.894104 0.000000 0.989028 0.000000 0.147726 0.583343 0.583343 0.583343
2787.111572 0.000000 567.052490 0.000000 0.843796 0.000000 0.536664 0.506660 0.506660 0.506660
2803.940186 0.000000 573.191406 0.000000 0.937780 0.000000 0.347229 0.512354 0.512354 0.512354
2787.895752 0.000000 552.330078 0.000000 0.969832 0.000000 0.243773 0.572335 0.572335 0.572335
2809.501709 0.000000 572.635132 0.000000 0.902561 0.000000 0.430562 0.537992 0.537992 0.537992
2814.745361 0.000000 550.426697 0.000000 0.755506 0.000000 0.655142 0.502623 0.502623 0.502623
2786.024902 0.000000 568.874634 0.000000 0.888674 0.000000 0.458539 0.504386 0.504386 0.504386
2791.727295 0.000000 568.004578 0.000000 0.795889 0.000000 0.605443 0.464595 0.464595 0.464595
2792.697754 0.000000 546.775146 0.000000 0.989475 0.000000 0.144704 0.591734 0.591734 0.591734
2791.242676 0.000000 558.472961 0.000000 0.899393 0.000000 0.437140 0.567471 0.567471 0.567471
2799.100830 0.000000 570.180359 0.000000 0.856408 0.000000 0.516300 0.557741 0.557741 0.557741
2807.014893 0.000000 549.679443 0.000000 0.967380 0.000000 0.253329 0.571226 0.571226 0.571226
2786.578857 0.000000 571.653259 0.000000 0.823903 0.000000 0.566730 0.462812 0.462812 0.462812
2787.564453 0.000000 555.364441 0.000000 0.820265 0.000000 0.571984 0.531591 0.531591 0.531591
2790.006836 0.000000 557.145874 0.000000 0.890159 0.000000 0.455651 0.546849 0.546849 0.546849
2799.523926 0.000000 552.877380 0.000000 0.764374 0.000000 0.644774 0.550667 0.550667 0.550667
2785.999756 0.000000 566.113281 0.000000 0.979974 0.000000 0.199123 0.577479 0.577479 0.577479
2805.791504 0.000000 548.682373 0.000000 0.935911 0.000000 0.352238 0.559560 0.559560 0.559560
2786.191406 0.000000 561.410400 0.000000 0.866794 0.000000 0.498667 0.556990 0.556990 0.556990
2814.609619 0.000000 575.085449 0.000000 0.962913 0.000000 0.269814 0.569308 0.569308 0.569308
2794.873535 0.000000 552.127014 0.000000 0.930486 0.000000 0.366326 0.557864 0.557864 0.557864
2810.249512 0.000000 573.535645 0.000000 0.939639 0.000000 0.342167 0.551874 0.551874 0.551874
2784.152588 0.000000 575.153015 0.000000 0.863670 0.000000 0.504057 0.481299 0.481299 0.481299
2799.934082 0.000000 548.900269 0.000000 0.993661 0.000000 0.112420 0.574687 0.574687 0.574687
2802.374268 0.000000 549.286377 0.000000 0.943785 0.000000 0.330559 0.524303 0.524303 0.524303
2789.206543 0.000000 571.220825 0.000000 0.920733 0.000000 0.390193 0.493123 0.493123 0.493123
2787.632324 0.000000 575.269653 0.000000 0.994629 0.000000 0.103500 0.576703 0.576703 0.576703
2804.778320 0.000000 572.424927 0.000000 0.929361 0.000000 0.369172 0.528634 0.528634 0.528634
2798.672363 0.000000 572.729370 0.000000 0.995879 0.000000 0.090692 0.570480 0.570480 0.570480
2791.110596 0.000000 571.875366 0.000000 0.956115 0.000000 0.292991 0.533188 0.533188 0.533188
2797.962646 0.000000 549.985107 0.000000 0.990942 0.000000 0.134289 0.578008 0.578008 0.578008
2789.939697 0.000000 563.959473 0.000000 0.918243 0.000000 0.396017 0.556086 0.556086 0.556086
2791.090088 0.000000 554.378601 0.000000 0.761123 0.000000 0.648607 0.520712 0.520712 0.520712
2791.113037 0.000000 556.080566 0.000000 0.784424 0.000000 0.620225 0.524838 0.524838 0.524838
2808.142334 0.000000 574.823181 0.000000 0.937317 0.000000 0.348478 0.525354 0.525354 0.525354
2800.605713 0.000000 551.548584 0.000000 0.978189 0.000000 0.207718 0.565209 0.565209 0.565209
2798.570557 0.000000 575.171570 0.000000 0.749525 0.000000 0.661975 0.395185 0.395185 0.395185
2784.246582 0.000000 573.924133 0.000000 0.995385 0.000000 0.095967 0.579124 0.579124 0.579124
2794.013916 0.000000 571.796021 0.000000 0.905124 0.000000 0.425149 0.482257 0.482257 0.482257
2790.616455 0.000000 574.509155 0.000000 0.916518 0.000000 0.399994 0.508771 0.508771 0.508771
2802.093506 0.000000 547.535034 0.000000 0.987744 0.000000 0.156082 0.570890 0.570890 0.570890
2811.341797 0.000000 548.714783 0.000000 0.854428 0.000000 0.519569 0.522253 0.522253 0.522253
2804.466309 0.000000 574.663025 0.000000 0.837581 0.000000 0.546313 0.470140 0.470140 0.470140
2786.922363 0.000000 572.686707 0.000000 0.986141 0.000000 0.165911 0.562548 0.562548 0.562548
2814.676270 0.000000 548.031677 0.000000 0.783162 0.000000 0.621817 0.476360 0.476360 0.476360
2795.424805 0.000000 574.672180 0.000000 0.936326 0.000000 0.351133 0.485528 0.485528 0.485528
2788.670898 0.000000 570.527161 0.000000 0.986346 0.000000 0.164685 0.555889 0.555889 0.555889
2786.226318 0.000000 566.958313 0.000000 0.920549 0.000000 0.390627 0.533875 0.533875 0.533875
2800.716064 0.000000 548.513977 0.000000 0.773555 0.000000 0.633729 0.445781 0.445781 0.445781
2786.385742 0.000000 569.710388 0.000000 0.987754 0.000000 0.156021 0.568555 0.568555 0.568555
2803.184814 0.000000 548.909729 0.000000 0.835212 0.000000 0.549929 0.469168 0.469168 0.469168
2798.180420 0.000000 572.046509 0.000000 0.744142 0.000000 0.668022 0.362210 0.362210 0.362210
2791.799072 0.000000 568.859985 0.000000 0.987973 0.000000 0.154625 0.567675 0.567675 0.567675
2786.869629 0.000000 569.046997 0.000000 0.794834 0.000000 0.606826 0.469117 0.469117 0.469117
2800.448730 0.000000 549.839355 0.000000 0.995250 0.000000 0.097357 0.578090 0.578090 0.578090
2785.051270 0.000000 570.807190 0.000000 0.852746 0.000000 0.522325 0.478986 0.478986 0.478986
2803.994629 0.000000 573.982910 0.000000 0.994523 0.000000 0.104513 0.574121 0.574121 0.574121
2792.280273 0.000000 574.444275 0.000000 0.994687 0.000000 0.102942 0.563235 0.563235 0.563235
2801.958496 0.000000 573.274292 0.000000 0.993011 0.000000 0.118024 0.563496 0.563496 0.563496
2795.599365 0.000000 572.125366 0.000000 0.769662 0.000000 0.638451 0.335491 0.335491 0.335491
2782.408691 0.000000 601.255371 0.000000 0.800952 0.000000 0.598729 0.586538 0.586538 0.586538
2782.480225 0.000000 595.785889 0.000000 0.979820 0.000000 0.199880 0.593971 0.593971 0.593971
2782.118652 0.000000 592.255005 0.000000 0.966355 0.000000 0.257213 0.584024 0.584024 0.584024
2810.844482 0.000000 576.094971 0.000000 0.936002 0.000000 0.351995 0.523489 0.523489 0.523489
2803.479980 0.000000 606.679626 0.000000 0.926799 0.000000 0.375557 0.542330 0.542330 0.542330
2798.786865 0.000000 589.844055 0.000000 0.983193 0.000000 0.182571 0.574423 0.574423 0.574423
2807.093506 0.000000 576.430908 0.000000 0.856671 0.000000 0.515864 0.483898 0.483898 0.483898
2794.684570 0.000000 582.875488 0.000000 0.959081 0.000000 0.283132 0.508842 0.508842 0.508842
2805.926514 0.000000 593.908386 0.000000 0.990247 0.000000 0.139324 0.593300 0.593300 0.593300
2798.072510 0.000000 576.578613 0.000000 0.962508 0.000000 0.271253 0.536633 0.536633 0.536633
2796.170898 0.000000 603.607788 0.000000 0.900084 0.000000 0.435716 0.583792 0.583792 0.583792
2804.623291 0.000000 599.629944 0.000000 0.867641 0.000000 0.497190 0.503347 0.503347 0.503347
2794.072266 0.000000 588.846619 0.000000 0.874736 0.000000 0.484600 0.406758 0.406758 0.406758
2790.691162 0.000000 581.298462 0.000000 0.966652 0.000000 0.256095 0.541810 0.541810 0.541810
2788.905762 0.000000 588.250244 0.000000 0.952297 0.000000 0.305172 0.537752 0.537752 0.537752
2793.259033 0.000000 586.454407 0.000000 0.810365 0.000000 0.585925 0.401200 0.401200 0.401200
2802.311279 0.000000 604.422180 0.000000 0.816307 0.000000 0.577618 0.411823 0.411823 0.411823
2801.464111 0.000000 583.990479 0.000000 0.970027 0.000000 0.242997 0.537496 0.537496 0.537496
2787.403564 0.000000 592.805481 0.000000 0.905624 0.000000 0.424083 0.561951 0.561951 0.561951
2796.413330 0.000000 589.634094 0.000000 0.961462 0.000000 0.274938 0.507796 0.507796 0.507796
2803.898438 0.000000 590.791504 0.000000 0.830510 0.000000 0.557004 0.530975 0.530975 0.530975
2799.667480 0.000000 578.738953 0.000000 0.921349 0.000000 0.388737 0.498329 0.498329 0.498329
2802.562500 0.000000 586.051819 0.000000 0.932315 0.000000 0.361647 0.558429 0.558429 0.558429
2798.133057 0.000000 585.422241 0.000000 0.848520 0.000000 0.529163 0.468863 0.468863 0.468863
2794.823242 0.000000 595.982849 0.000000 0.748256 0.000000 0.663411 0.442450 0.442450 0.442450
2806.080566 0.000000 578.179504 0.000000 0.854253 0.000000 0.519857 0.538583 0.538583 0.538583
2792.086182 0.000000 575.719849 0.000000 0.900783 0.000000 0.434270 0.439847 0.439847 0.439847
2793.711182 0.000000 584.637085 0.000000 0.745004 0.000000 0.667060 0.395446 0.395446 0.395446
2784.963135 0.000000 578.652100 0.000000 0.969887 0.000000 0.243554 0.565358 0.565358 0.565358
2801.958496 0.000000 596.852722 0.000000 0.827978 0.000000 0.560761 0.471592 0.471592 0.471592
2785.954834 0.000000 596.550232 0.000000 0.869514 0.000000 0.493908 0.541965 0.541965 0.541965
2800.190430 0.000000 599.189148 0.000000 0.798386 0.000000 0.602146 0.410283 0.410283 0.410283
2802.934326 0.000000 600.061462 0.000000 0.977246 0.000000 0.212109 0.518360 0.518360 0.518360
2787.364014 0.000000 576.385803 0.000000 0.859450 0.000000 0.511220 0.479431 0.479431 0.479431
2783.335205 0.000000 579.058289 0.000000 0.852340 0.000000 0.522988 0.538171 0.538171 0.538171
2787.111572 0.000000 599.036865 0.000000 0.876243 0.000000 0.481870 0.543515 0.543515 0.543515
2807.846680 0.000000 578.592407 0.000000 0.949385 0.000000 0.314116 0.564103 0.564103 0.564103
2796.791504 0.000000 600.463074 0.000000 0.778337 0.000000 0.627847 0.523742 0.523742 0.523742
2800.323975 0.000000 590.297791 0.000000 0.823110 0.000000 0.567882 0.528533 0.528533 0.528533
2801.393555 0.000000 600.199585 0.000000 0.751592 0.000000 0.659628 0.414413 0.414413 0.414413
2796.205322 0.000000 583.071533 0.000000 0.782376 0.000000 0.622806 0.373404 0.373404 0.373404
2792.697754 0.000000 578.759521 0.000000 0.919124 0.000000 0.393969 0.509013 0.509013 0.509013
2791.242676 0.000000 590.457336 0.000000 0.918746 0.000000 0.394850 0.519134 0.519134 0.519134
2799.100830 0.000000 602.164734 0.000000 0.825811 0.000000 0.563947 0.535380 0.535380 0.535380
2790.006836 0.000000 589.130249 0.000000 0.917068 0.000000 0.398730 0.526278 0.526278 0.526278
2791.918945 0.000000 585.820435 0.000000 0.811579 0.000000 0.584242 0.459806 0.459806 0.459806
2795.019287 0.000000 589.991821 0.000000 0.844405 0.000000 0.535705 0.384055 0.384055 0.384055
2787.250488 0.000000 594.211853 0.000000 0.917600 0.000000 0.397506 0.554074 0.554074 0.554074
2803.596680 0.000000 587.146973 0.000000 0.828823 0.000000 0.559510 0.533290 0.533290 0.533290
2790.095703 0.000000 593.350159 0.000000 0.919695 0.000000 0.392633 0.512361 0.512361 0.512361
2788.522949 0.000000 589.570862 0.000000 0.987096 0.000000 0.160127 0.567720 0.567720 0.567720
2805.791504 0.000000 580.666748 0.000000 0.981307 0.000000 0.192449 0.575633 0.575633 0.575633
2796.773438 0.000000 587.887634 0.000000 0.929956 0.000000 0.367671 0.464082 0.464082 0.464082
2800.708984 0.000000 582.586487 0.000000 0.996071 0.000000 0.088563 0.577418 0.577418 0.577418
2796.062500 0.000000 590.944031 0.000000 0.925203 0.000000 0.379473 0.502050 0.502050 0.502050
2801.267090 0.000000 585.321777 0.000000 0.800204 0.000000 0.599727 0.442964 0.442964 0.442964
2802.050781 0.000000 603.058289 0.000000 0.923862 0.000000 0.382726 0.479986 0.479986 0.479986
2804.452393 0.000000 582.651245 0.000000 0.947918 0.000000 0.318513 0.554356 0.554356 0.554356
2798.900146 0.000000 586.517578 0.000000 0.993405 0.000000 0.114655 0.576247 0.576247 0.576247
2805.007080 0.000000 605.926514 0.000000 0.912867 0.000000 0.408257 0.499209 0.499209 0.499209
2790.229980 0.000000 594.996277 0.000000 0.952292 0.000000 0.305188 0.554473 0.554473 0.554473
2794.873535 0.000000 584.111389 0.000000 0.809152 0.000000 0.587600 0.360087 0.360087 0.360087
2797.008301 0.000000 575.734985 0.000000 0.981891 0.000000 0.189447 0.550608 0.550608 0.550608
2793.595215 0.000000 591.676208 0.000000 0.958916 0.000000 0.283690 0.519428 0.519428 0.519428
2785.570801 0.000000 577.599426 0.000000 0.956023 0.000000 0.293290 0.548723 0.548723 0.548723
2802.118164 0.000000 588.850342 0.000000 0.992948 0.000000 0.118548 0.586650 0.586650 0.586650
2804.122314 0.000000 596.230347 0.000000 0.936063 0.000000 0.351831 0.560686 0.560686 0.560686
2802.988525 0.000000 583.432678 0.000000 0.867131 0.000000 0.498080 0.482851 0.482851 0.482851
2807.162842 0.000000 577.602722 0.000000 0.994761 0.000000 0.102225 0.578065 0.578065 0.578065
2788.133301 0.000000 598.375061 0.000000 0.874919 0.000000 0.484270 0.543207 0.543207 0.543207
2803.804443 0.000000 602.388428 0.000000 0.996099 0.000000 0.088240 0.573001 0.573001 0.573001
2813.099365 0.000000 575.745422 0.000000 0.934649 0.000000 0.355571 0.559160 0.559160 0.559160
2792.924805 0.000000 585.372314 0.000000 0.995383 0.000000 0.095980 0.573073 0.573073 0.573073
2800.021729 0.000000 589.254517 0.000000 0.853368 0.000000 0.521309 0.538392 0.538392 0.538392
2791.936035 0.000000 583.297852 0.000000 0.759428 0.000000 0.650591 0.440838 0.440838 0.440838
2802.971191 0.000000 596.485962 0.000000 0.856035 0.000000 0.516918 0.474683 0.474683 0.474683
2795.797852 0.000000 577.607361 0.000000 0.812028 0.000000 0.583618 0.460912 0.460912 0.460912
2800.808838 0.000000 592.326477 0.000000 0.996417 0.000000 0.084581 0.580973 0.580973 0.580973
2799.344727 0.000000 592.806702 0.000000 0.929041 0.000000 0.369977 0.541528 0.541528 0.541528
2799.833008 0.000000 603.065918 0.000000 0.884518 0.000000 0.466505 0.547656 0.547656 0.547656
2799.041016 0.000000 596.347351 0.000000 0.968774 0.000000 0.247945 0.569975 0.569975 0.569975
2788.858643 0.000000 597.499634 0.000000 0.819305 0.000000 0.573359 0.531402 0.531402 0.531402
2792.767334 0.000000 593.768311 0.000000 0.866419 0.000000 0.499317 0.442590 0.442590 0.442590
2797.117432 0.000000 576.992310 0.000000 0.960505 0.000000 0.278263 0.541287 0.541287 0.541287
2794.337158 0.000000 580.701660 0.000000 0.836677 0.000000 0.547697 0.422016 0.422016 0.422016
2806.502197 0.000000 607.596130 0.000000 0.864639 0.000000 0.502393 0.533770 0.533770 0.533770
2801.196289 0.000000 602.471497 0.000000 0.859518 0.000000 0.511106 0.501158 0.501158 0.501158
2786.476318 0.000000 595.604919 0.000000 0.867964 0.000000 0.496626 0.541614 0.541614 0.541614
2786.878662 0.000000 584.254272 0.000000 0.977686 0.000000 0.210073 0.551494 0.551494 0.551494
2790.151855 0.000000 579.336548 0.000000 0.989174 0.000000 0.146745 0.566909 0.566909 0.566909
2807.974365 0.000000 577.043457 0.000000 0.991586 0.000000 0.129450 0.572193 0.572193 0.572193
2786.181152 0.000000 588.840088 0.000000 0.942799 0.000000 0.333362 0.554181 0.554181 0.554181
2806.271729 0.000000 577.161499 0.000000 0.982957 0.000000 0.183835 0.560397 0.560397 0.560397
2804.249756 0.000000 598.673523 0.000000 0.979105 0.000000 0.203358 0.561962 0.561962 0.561962
2785.267822 0.000000 579.551575 0.000000 0.835069 0.000000 0.550145 0.517976 0.517976 0.517976
2786.997314 0.000000 579.066711 0.000000 0.975448 0.000000 0.220230 0.558090 0.558090 0.558090
2786.610352 0.000000 587.181824 0.000000 0.928446 0.000000 0.371468 0.531588 0.531588 0.531588
2789.214355 0.000000 591.347961 0.000000 0.992477 0.000000 0.122432 0.574996 0.574996 0.574996
2803.719727 0.000000 599.558533 0.000000 0.918794 0.000000 0.394737 0.463238 0.463238 0.463238
2804.466309 0.000000 606.647400 0.000000 0.978988 0.000000 0.203918 0.559088 0.559088 0.559088
2795.945312 0.000000 578.505615 0.000000 0.956701 0.000000 0.291071 0.509306 0.509306 0.509306
2801.055664 0.000000 587.301147 0.000000 0.939158 0.000000 0.343485 0.527521 0.527521 0.527521
2799.052246 0.000000 585.628723 0.000000 0.813628 0.000000 0.581385 0.454090 0.454090 0.454090
2796.200684 0.000000 581.223938 0.000000 0.842369 0.000000 0.538901 0.415856 0.415856 0.415856
2805.414551 0.000000 601.414856 0.000000 0.856592 0.000000 0.515994 0.457877 0.457877 0.457877
2793.339600 0.000000 579.352966 0.000000 0.947935 0.000000 0.318463 0.527177 0.527177 0.527177
2793.896484 0.000000 576.760010 0.000000 0.964573 0.000000 0.263815 0.527216 0.527216 0.527216
2786.956299 0.000000 587.999390 0.000000 0.931271 0.000000 0.364327 0.532969 0.532969 0.532969
2787.827393 0.000000 580.002502 0.000000 0.984201 0.000000 0.177056 0.565339 0.565339 0.565339
2789.672119 0.000000 584.168396 0.000000 0.923757 0.000000 0.382978 0.480491 0.480491 0.480491
2788.459961 0.000000 578.516724 0.000000 0.843634 0.000000 0.536918 0.472651 0.472651 0.472651
2800.247803 0.000000 575.759399 0.000000 0.993025 0.000000 0.117906 0.561408 0.561408 0.561408
2796.933838 0.000000 599.599426 0.000000 0.989143 0.000000 0.146958 0.569953 0.569953 0.569953
2792.752197 0.000000 595.978943 0.000000 0.872552 0.000000 0.488522 0.473852 0.473852 0.473852
2802.057861 0.000000 602.256836 0.000000 0.933341 0.000000 0.358991 0.487796 0.487796 0.487796
2800.448730 0.000000 581.823730 0.000000 0.808078 0.000000 0.589075 0.449973 0.449973 0.449973
2805.064941 0.000000 598.957642 0.000000 0.883196 0.000000 0.469004 0.509327 0.509327 0.509327
2795.062500 0.000000 592.185974 0.000000 0.867044 0.000000 0.498232 0.442967 0.442967 0.442967
2805.919678 0.000000 598.106140 0.000000 0.950294 0.000000 0.311355 0.541190 0.541190 0.541190
2802.759277 0.000000 582.142395 0.000000 0.992758 0.000000 0.120129 0.572943 0.572943 0.572943
2797.525391 0.000000 578.533875 0.000000 0.927660 0.000000 0.373425 0.471017 0.471017 0.471017
2795.995117 0.000000 587.818176 0.000000 0.741373 0.000000 0.671093 0.318990 0.318990 0.318990
2798.236084 0.000000 590.555969 0.000000 0.936767 0.000000 0.349954 0.534664 0.534664 0.534664
2798.856201 0.000000 583.474121 0.000000 0.952541 0.000000 0.304410 0.521696 0.521696 0.521696
2795.221436 0.000000 590.741211 0.000000 0.973158 0.000000 0.230139 0.535648 0.535648 0.535648
2804.811523 0.000000 611.673889 0.000000 0.978437 0.000000 0.206547 0.559176 0.559176 0.559176
2813.546143 0.000000 629.602051 0.000000 0.918177 0.000000 0.396171 0.553627 0.553627 0.553627
2807.245117 0.000000 612.137634 0.000000 0.975325 0.000000 0.220775 0.555984 0.555984 0.555984
2808.927979 0.000000 609.427551 0.000000 0.970166 0.000000 0.242442 0.579091 0.579091 0.579091
2812.708984 0.000000 628.427917 0.000000 0.919832 0.000000 0.392313 0.554105 0.554105 0.554105
2804.629639 0.000000 613.203125 0.000000 0.883228 0.000000 0.468944 0.554670 0.554670 0.554670
2808.518311 0.000000 619.383057 0.000000 0.820667 0.000000 0.571406 0.546247 0.546247 0.546247
2808.405518 0.000000 611.613953 0.000000 0.921203 0.000000 0.389082 0.519784 0.519784 0.519784
2807.162842 0.000000 609.587097 0.000000 0.996467 0.000000 0.083991 0.582869 0.582869 0.582869
2810.131348 0.000000 612.380493 0.000000 0.956747 0.000000 0.290921 0.571701 0.571701 0.571701
2811.203125 0.000000 622.713989 0.000000 0.842804 0.000000 0.538221 0.514018 0.514018 0.514018
2811.253906 0.000000 616.399719 0.000000 0.826048 0.000000 0.563600 0.399999 0.399999 0.399999
2809.676514 0.000000 613.314331 0.000000 0.994726 0.000000 0.102572 0.585532 0.585532 0.585532
2802.783447 0.000000 609.871155 0.000000 0.983640 0.000000 0.180147 0.578565 0.578565 0.578565
2810.494873 0.000000 620.480347 0.000000 0.981362 0.000000 0.192167 0.552786 0.552786 0.552786
2812.078125 0.000000 621.291870 0.000000 0.974366 0.000000 0.224967 0.517406 0.517406 0.517406
2804.601562 0.000000 607.997803 0.000000 0.972567 0.000000 0.232622 0.553227 0.553227 0.553227
2808.875732 0.000000 613.743347 0.000000 0.972651 0.000000 0.232271 0.566994 0.566994 0.566994
2814.063965 0.000000 626.971985 0.000000 0.959020 0.000000 0.283340 0.500597 0.500597 0.500597
2814.925049 0.000000 622.076965 0.000000 0.834556 0.000000 0.550923 0.443555 0.443555 0.443555
2813.655518 0.000000 627.720154 0.000000 0.929801 0.000000 0.368062 0.520955 0.520955 0.520955
2806.162842 0.000000 613.424316 0.000000 0.809327 0.000000 0.587358 0.475869 0.475869 0.475869
2812.676025 0.000000 620.031250 0.000000 0.923403 0.000000 0.383833 0.456606 0.456606 0.456606
2812.463135 0.000000 627.471252 0.000000 0.991260 0.000000 0.131921 0.572254 0.572254 0.572254
2811.742676 0.000000 619.519287 0.000000 0.990490 0.000000 0.137585 0.559477 0.559477 0.559477
2810.149170 0.000000 621.168823 0.000000 0.776435 0.000000 0.630198 0.433528 0.433528 0.433528
2739.669189 0.000000 706.298645 0.000000 0.861320 0.000000 0.508063 0.564077 0.564077 0.564077
2738.422119 0.000000 704.911194 0.000000 0.933512 0.000000 0.358547 0.576380 0.576380 0.576380
2749.909912 0.000000 732.031494 0.000000 0.995333 0.000000 0.096495 0.563084 0.563084 0.563084
2742.517822 0.000000 735.533630 0.000000 0.936002 0.000000 0.351995 0.462604 0.462604 0.462604
2747.209473 0.000000 735.107178 0.000000 0.968548 0.000000 0.248825 0.503947 0.503947 0.503947
2746.322266 0.000000 732.187378 0.000000 0.993970 0.000000 0.109653 0.558031 0.558031 0.558031
2744.713867 0.000000 733.002319 0.000000 0.913813 0.000000 0.406135 0.468442 0.468442 0.468442
2743.419678 0.000000 735.544983 0.000000 0.755952 0.000000 0.654627 0.327391 0.327391 0.327391
2738.422119 0.000000 736.895569 0.000000 0.955927 0.000000 0.293606 0.518759 0.518759 0.518759
2739.107910 0.000000 735.664856 0.000000 0.957457 0.000000 0.288576 0.571936 0.571936 0.571936
2740.468018 0.000000 742.573120 0.000000 0.950519 0.000000 0.310668 0.479810 0.479810 0.479810
2739.381592 0.000000 739.275085 0.000000 0.898548 0.000000 0.438876 0.511525 0.511525 0.511525
2743.989990 0.000000 736.965332 0.000000 0.982374 0.000000 0.186924 0.528178 0.528178 0.528178
2742.315918 0.000000 735.996521 0.000000 0.899105 0.000000 0.437734 0.426937 0.426937 0.426937
2741.774658 0.000000 744.252625 0.000000 0.827725 0.000000 0.561134 0.501836 0.501836 0.501836
2744.245361 0.000000 737.788208 0.000000 0.916548 0.000000 0.399924 0.457019 0.457019 0.457019
2741.913818 0.000000 742.730591 0.000000 0.781449 0.000000 0.623970 0.343632 0.343632 0.343632
2744.728516 0.000000 736.612000 0.000000 0.988283 0.000000 0.152630 0.546750 0.546750 0.546750
2758.319336 0.000000 728.479675 0.000000 0.984290 0.000000 0.176562 0.591492 0.591492 0.591492
2764.421143 0.000000 717.571594 0.000000 0.774567 0.000000 0.632492 0.481015 0.481015 0.481015
2765.660400 0.000000 729.854492 0.000000 0.936088 0.000000 0.351766 0.462697 0.462697 0.462697
2767.108643 0.000000 730.102234 0.000000 0.788222 0.000000 0.615391 0.384530 0.384530 0.384530
2763.723633 0.000000 725.491394 0.000000 0.978375 0.000000 0.206840 0.582835 0.582835 0.582835
2765.601074 0.000000 731.354004 0.000000 0.846146 0.000000 0.532952 0.385299 0.385299 0.385299
2767.840820 0.000000 731.003418 0.000000 0.985395 0.000000 0.170284 0.544378 0.544378 0.544378
2751.360596 0.000000 730.995544 0.000000 0.863697 0.000000 0.504011 0.491597 0.491597 0.491597
2767.572754 0.000000 734.579773 0.000000 0.975511 0.000000 0.219949 0.515293 0.515293 0.515293
2766.578369 0.000000 735.093445 0.000000 0.868358 0.000000 0.495938 0.401789 0.401789 0.401789
2764.321289 0.000000 716.629822 0.000000 0.819043 0.000000 0.573733 0.493823 0.493823 0.493823
2765.959473 0.000000 733.819641 0.000000 0.978784 0.000000 0.204896 0.530451 0.530451 0.530451
2768.173340 0.000000 735.169434 0.000000 0.808415 0.000000 0.588613 0.376578 0.376578 0.376578
2755.906738 0.000000 730.266785 0.000000 0.747076 0.000000 0.664739 0.464938 0.464938 0.464938
2762.232422 0.000000 729.985718 0.000000 0.771649 0.000000 0.636049 0.352171 0.352171 0.352171
2767.951172 0.000000 730.226440 0.000000 0.740483 0.000000 0.672075 0.360435 0.360435 0.360435
2814.472412 0.000000 723.723389 0.000000 0.833920 0.000000 0.551885 0.468641 0.468641 0.468641
2807.134277 0.000000 731.417542 0.000000 0.793591 0.000000 0.608452 0.373664 0.373664 0.373664
2809.776123 0.000000 720.557861 0.000000 0.912564 0.000000 0.408935 0.574758 0.574758 0.574758
2809.501709 0.000000 732.557007 0.000000 0.968536 0.000000 0.248875 0.589074 0.589074 0.589074
2813.114014 0.000000 723.000793 0.000000 0.944668 0.000000 0.328028 0.542928 0.542928 0.542928
2805.660889 0.000000 731.282959 0.000000 0.911047 0.000000 0.412302 0.437670 0.437670 0.437670
2810.753418 0.000000 727.969604 0.000000 0.844334 0.000000 0.535818 0.396710 0.396710 0.396710
2814.106201 0.000000 730.607971 0.000000 0.898886 0.000000 0.438183 0.508957 0.508957 0.508957
2812.708984 0.000000 724.381042 0.000000 0.970403 0.000000 0.241490 0.506837 0.506837 0.506837
2812.055908 0.000000 722.229126 0.000000 0.995716 0.000000 0.092467 0.584187 0.584187 0.584187
2812.488037 0.000000 726.251099 0.000000 0.901777 0.000000 0.432202 0.460749 0.460749 0.460749
2810.669189 0.000000 729.179382 0.000000 0.919105 0.000000 0.394013 0.509002 0.509002 0.509002
2807.197998 0.000000 730.287231 0.000000 0.827286 0.000000 0.561781 0.393585 0.393585 0.393585
2804.891113 0.000000 730.477905 0.000000 0.848566 0.000000 0.529090 0.387040 0.387040 0.387040
2813.733154 0.000000 724.479126 0.000000 0.878459 0.000000 0.477818 0.409713 0.409713 0.409713
2811.081299 0.000000 722.625000 0.000000 0.913886 0.000000 0.405970 0.529866 0.529866 0.529866
2809.643799 0.000000 731.590027 0.000000 0.860465 0.000000 0.509509 0.520719 0.520719 0.520719
2812.402344 0.000000 725.288635 0.000000 0.959272 0.000000 0.282483 0.490610 0.490610 0.490610
2810.743408 0.000000 730.184753 0.000000 0.945699 0.000000 0.325043 0.537517 0.537517 0.537517
2803.071777 0.000000 732.803345 0.000000 0.905394 0.000000 0.424573 0.432509 0.432509 0.432509
2806.854736 0.000000 729.562744 0.000000 0.981186 0.000000 0.193065 0.563622 0.563622 0.563622
2806.225098 0.000000 729.095459 0.000000 0.869908 0.000000 0.493214 0.503425 0.503425 0.503425
2810.924561 0.000000 731.708740 0.000000 0.964519 0.000000 0.264013 0.549573 0.549573 0.549573
2806.398682 0.000000 731.615967 0.000000 0.994032 0.000000 0.109089 0.562178 0.562178 0.562178
2765.511719 0.000000 739.470459 0.000000 0.970661 0.000000 0.240450 0.524705 0.524705 0.524705
2759.862305 0.000000 744.346008 0.000000 0.989663 0.000000 0.143416 0.545030 0.545030 0.545030
2771.248779 0.000000 755.354797 0.000000 0.995464 0.000000 0.095136 0.590723 0.590723 0.590723
2758.128418 0.000000 746.028687 0.000000 0.921889 0.000000 0.387454 0.448026 0.448026 0.448026
2758.219971 0.000000 747.517883 0.000000 0.758261 0.000000 0.651951 0.328741 0.328741 0.328741
2765.181885 0.000000 746.383057 0.000000 0.928041 0.000000 0.372479 0.454209 0.454209 0.454209
2769.169678 0.000000 751.196167 0.000000 0.987981 0.000000 0.154578 0.540718 0.540718 0.540718
2769.120117 0.000000 749.493896 0.000000 0.846713 0.000000 0.532049 0.385707 0.385707 0.385707
2754.886475 0.000000 744.176147 0.000000 0.932104 0.000000 0.362191 0.458435 0.458435 0.458435
2760.820312 0.000000 744.078918 0.000000 0.995876 0.000000 0.090729 0.565296 0.565296 0.565296
2765.065918 0.000000 742.543884 0.000000 0.945980 0.000000 0.324225 0.510971 0.510971 0.510971
2769.764893 0.000000 737.615784 0.000000 0.906710 0.000000 0.421755 0.433697 0.433697 0.433697
2766.442139 0.000000 739.262268 0.000000 0.891001 0.000000 0.454001 0.419995 0.419995 0.419995
2765.054688 0.000000 745.393555 0.000000 0.911605 0.000000 0.411068 0.452147 0.452147 0.452147
2760.221436 0.000000 748.514465 0.000000 0.944382 0.000000 0.328851 0.498609 0.498609 0.498609
2768.407959 0.000000 736.644714 0.000000 0.866653 0.000000 0.498912 0.400480 0.400480 0.400480
2761.413330 0.000000 742.302673 0.000000 0.815708 0.000000 0.578464 0.364383 0.364383 0.364383
2769.063477 0.000000 747.223022 0.000000 0.990494 0.000000 0.137559 0.547289 0.547289 0.547289
2766.787109 0.000000 735.919922 0.000000 0.907812 0.000000 0.419378 0.434698 0.434698 0.434698
2763.555908 0.000000 749.174255 0.000000 0.942380 0.000000 0.334545 0.469701 0.469701 0.469701
2761.596436 0.000000 749.494263 0.000000 0.974131 0.000000 0.225983 0.531026 0.531026 0.531026
2765.326904 0.000000 749.623840 0.000000 0.970615 0.000000 0.240639 0.507172 0.507172 0.507172
2769.459473 0.000000 741.954651 0.000000 0.906760 0.000000 0.421647 0.524369 0.524369 0.524369
2762.226318 0.000000 743.504639 0.000000 0.926926 0.000000 0.375243 0.465747 0.465747 0.465747
2757.679932 0.000000 744.090271 0.000000 0.924938 0.000000 0.380118 0.451644 0.451644 0.451644
2752.818604 0.000000 744.017639 0.000000 0.797616 0.000000 0.603166 0.424456 0.424456 0.424456
2763.247314 0.000000 747.475403 0.000000 0.933109 0.000000 0.359593 0.459499 0.459499 0.459499
2763.399902 0.000000 745.208252 0.000000 0.935466 0.000000 0.353418 0.479338 0.479338 0.479338
2767.607666 0.000000 749.876099 0.000000 0.762643 0.000000 0.646820 0.331318 0.331318 0.331318
2769.076660 0.000000 753.006775 0.000000 0.894401 0.000000 0.447265 0.422878 0.422878 0.422878
2762.764648 0.000000 749.142700 0.000000 0.877185 0.000000 0.480153 0.408697 0.408697 0.408697
2756.048096 0.000000 746.574829 0.000000 0.783108 0.000000 0.621886 0.468301 0.468301 0.468301
2766.864014 0.000000 743.395996 0.000000 0.978740 0.000000 0.205107 0.538423 0.538423 0.538423
2769.630371 0.000000 748.127991 0.000000 0.976379 0.000000 0.216063 0.516814 0.516814 0.516814
2769.460205 0.000000 739.032532 0.000000 0.989523 0.000000 0.144374 0.554643 0.554643 0.554643
2757.360352 0.000000 746.073914 0.000000 0.820133 0.000000 0.572173 0.480467 0.480467 0.480467
2799.958740 0.000000 737.805725 0.000000 0.812659 0.000000 0.582740 0.490973 0.490973 0.490973
2825.124023 0.000000 562.838745 0.000000 0.992021 0.000000 0.126073 0.585799 0.585799 0.585799
2821.242920 0.000000 551.445435 0.000000 0.814743 0.000000 0.579823 0.530514 0.530514 0.530514
2822.112793 0.000000 554.122437 0.000000 0.737332 0.000000 0.675530 0.451127 0.451127 0.451127
2822.995850 0.000000 564.058777 0.000000 0.854826 0.000000 0.518914 0.538707 0.538707 0.538707
2819.942627 0.000000 571.140808 0.000000 0.871714 0.000000 0.490014 0.574686 0.574686 0.574686
2823.202881 0.000000 562.178406 0.000000 0.948053 0.000000 0.318114 0.563630 0.563630 0.563630
2823.234863 0.000000 558.472961 0.000000 0.933622 0.000000 0.358259 0.558837 0.558837 0.558837
2820.893311 0.000000 568.055664 0.000000 0.969083 0.000000 0.246735 0.571991 0.571991 0.571991
2826.439697 0.000000 555.290894 0.000000 0.892422 0.000000 0.451202 0.511649 0.511649 0.511649
2823.911133 0.000000 553.836060 0.000000 0.770273 0.000000 0.637714 0.522311 0.522311 0.522311
2828.988770 0.000000 563.112427 0.000000 0.991737 0.000000 0.128285 0.587090 0.587090 0.587090
2820.515137 0.000000 557.586487 0.000000 0.875830 0.000000 0.482620 0.562279 0.562279 0.562279
2820.415039 0.000000 569.636963 0.000000 0.746401 0.000000 0.665497 0.518195 0.518195 0.518195
2824.069580 0.000000 563.483093 0.000000 0.993917 0.000000 0.110133 0.587602 0.587602 0.587602
2823.506836 0.000000 565.126343 0.000000 0.990587 0.000000 0.136887 0.584573 0.584573 0.584573
2822.091797 0.000000 559.599426 0.000000 0.884828 0.000000 0.465918 0.545550 0.545550 0.545550
2822.923584 0.000000 553.362061 0.000000 0.825846 0.000000 0.563896 0.532695 0.532695 0.532695
2821.326416 0.000000 569.048828 0.000000 0.918511 0.000000 0.395396 0.554332 0.554332 0.554332
2821.883545 0.000000 550.590271 0.000000 0.984129 0.000000 0.177452 0.579958 0.579958 0.579958
2823.082275 0.000000 554.378601 0.000000 0.974643 0.000000 0.223767 0.554701 0.554701 0.554701
2822.698975 0.000000 557.729248 0.000000 0.993767 0.000000 0.111476 0.581426 0.581426 0.581426
2827.005859 0.000000 554.623474 0.000000 0.893666 0.000000 0.448733 0.512171 0.512171 0.512171
2826.168701 0.000000 554.479004 0.000000 0.846201 0.000000 0.532864 0.493932 0.493932 0.493932
2825.794189 0.000000 637.219055 0.000000 0.791585 0.000000 0.611059 0.526145 0.526145 0.526145
2816.300781 0.000000 629.203064 0.000000 0.992797 0.000000 0.119807 0.570497 0.570497 0.570497
2819.593018 0.000000 632.630859 0.000000 0.912269 0.000000 0.409592 0.505180 0.505180 0.505180
2822.025635 0.000000 635.920166 0.000000 0.851697 0.000000 0.524035 0.504157 0.504157 0.504157
2815.962891 0.000000 635.969116 0.000000 0.848234 0.000000 0.529622 0.575754 0.575754 0.575754
2827.910889 0.000000 637.736267 0.000000 0.793041 0.000000 0.609169 0.571546 0.571546 0.571546
2822.124512 0.000000 637.703857 0.000000 0.865612 0.000000 0.500716 0.503377 0.503377 0.503377
2819.103760 0.000000 631.021240 0.000000 0.957659 0.000000 0.287904 0.525196 0.525196 0.525196
2818.017090 0.000000 632.843384 0.000000 0.961297 0.000000 0.275515 0.537284 0.537284 0.537284
2820.928711 0.000000 637.400879 0.000000 0.897077 0.000000 0.441873 0.497163 0.497163 0.497163
2817.010498 0.000000 633.552429 0.000000 0.869727 0.000000 0.493534 0.511087 0.511087 0.511087
2825.231201 0.000000 636.293701 0.000000 0.836143 0.000000 0.548512 0.534775 0.534775 0.534775
2816.405273 0.000000 631.277893 0.000000 0.808256 0.000000 0.588831 0.403832 0.403832 0.403832
2822.131348 0.000000 634.948242 0.000000 0.843964 0.000000 0.536400 0.501623 0.501623 0.501623
2818.861816 0.000000 633.015747 0.000000 0.818685 0.000000 0.574243 0.462562 0.462562 0.462562
2819.891113 0.000000 634.313660 0.000000 0.836176 0.000000 0.548461 0.469563 0.469563 0.469563
2877.530518 0.000000 629.602051 0.000000 0.763247 0.000000 0.646106 0.331676 0.331676 0.331676
2876.894043 0.000000 635.476868 0.000000 0.753718 0.000000 0.657198 0.326090 0.326090 0.326090
2871.118652 0.000000 635.464417 0.000000 0.940479 0.000000 0.339852 0.467547 0.467547 0.467547
2871.156982 0.000000 638.796204 0.000000 0.983426 0.000000 0.181311 0.589349 0.589349 0.589349
2867.924561 0.000000 637.160156 0.000000 0.802004 0.000000 0.597319 0.447534 0.447534 0.447534
2874.487305 0.000000 635.083801 0.000000 0.924801 0.000000 0.380451 0.450922 0.450922 0.450922
2878.090576 0.000000 634.654846 0.000000 0.979839 0.000000 0.199790 0.523169 0.523169 0.523169
2879.104492 0.000000 629.033447 0.000000 0.971234 0.000000 0.238129 0.508159 0.508159 0.508159
2872.736816 0.000000 631.821289 0.000000 0.890960 0.000000 0.454083 0.517394 0.517394 0.517394
2868.991455 0.000000 637.910889 0.000000 0.812692 0.000000 0.582694 0.404328 0.404328 0.404328
2866.598389 0.000000 637.639038 0.000000 0.808078 0.000000 0.589075 0.449973 0.449973 0.449973
2875.688477 0.000000 635.504517 0.000000 0.821198 0.000000 0.570644 0.368032 0.368032 0.368032
2877.840332 0.000000 630.776978 0.000000 0.896402 0.000000 0.443241 0.424594 0.424594 0.424594
2879.049561 0.000000 632.252563 0.000000 0.830210 0.000000 0.557451 0.374136 0.374136 0.374136
2871.182373 0.000000 634.334106 0.000000 0.859255 0.000000 0.511548 0.394887 0.394887 0.394887
2868.875488 0.000000 634.524780 0.000000 0.878319 0.000000 0.478075 0.453655 0.453655 0.453655
2872.868896 0.000000 633.805237 0.000000 0.805843 0.000000 0.592129 0.357945 0.357945 0.357945
2872.621826 0.000000 632.776306 0.000000 0.989110 0.000000 0.147178 0.543577 0.543577 0.543577
2872.001953 0.000000 634.775269 0.000000 0.933674 0.000000 0.358124 0.460100 0.460100 0.460100
2877.590820 0.000000 633.868103 0.000000 0.790272 0.000000 0.612756 0.348073 0.348073 0.348073
2865.311523 0.000000 638.015991 0.000000 0.986463 0.000000 0.163983 0.577793 0.577793 0.577793
2873.851318 0.000000 631.729553 0.000000 0.973948 0.000000 0.226771 0.559908 0.559908 0.559908
2867.056152 0.000000 636.850220 0.000000 0.973208 0.000000 0.229928 0.544743 0.544743 0.544743
2872.882568 0.000000 630.447205 0.000000 0.992469 0.000000 0.122493 0.578478 0.578478 0.578478
2880.285156 0.000000 629.203064 0.000000 0.953414 0.000000 0.301664 0.482950 0.482950 0.482950
2884.477539 0.000000 638.544617 0.000000 0.954095 0.000000 0.299504 0.509785 0.509785 0.509785
2882.087891 0.000000 639.662354 0.000000 0.893523 0.000000 0.449017 0.592327 0.592327 0.592327
2881.752686 0.000000 634.406860 0.000000 0.996518 0.000000 0.083373 0.569242 0.569242 0.569242
2885.550537 0.000000 634.141235 0.000000 0.919534 0.000000 0.393010 0.567329 0.567329 0.567329
2883.088135 0.000000 631.021240 0.000000 0.778037 0.000000 0.628219 0.447377 0.447377 0.447377
2881.242920 0.000000 635.614685 0.000000 0.808884 0.000000 0.587968 0.368387 0.368387 0.368387
2880.129150 0.000000 639.121765 0.000000 0.853744 0.000000 0.520693 0.450695 0.450695 0.450695
2883.907715 0.000000 631.673340 0.000000 0.896806 0.000000 0.442423 0.497025 0.497025 0.497025
2880.389648 0.000000 631.277893 0.000000 0.933112 0.000000 0.359587 0.517354 0.517354 0.517354
2882.467529 0.000000 629.330078 0.000000 0.922175 0.000000 0.386772 0.535159 0.535159 0.535159
2882.202881 0.000000 630.927063 0.000000 0.795746 0.000000 0.605631 0.453826 0.453826 0.453826
2882.846191 0.000000 630.175720 0.000000 0.786592 0.000000 0.617472 0.450464 0.450464 0.450464
2879.495605 0.000000 634.147095 0.000000 0.870187 0.000000 0.492722 0.403203 0.403203 0.403203
2883.875488 0.000000 634.313660 0.000000 0.996249 0.000000 0.086532 0.580533 0.580533 0.580533
2880.178955 0.000000 628.435059 0.000000 0.745871 0.000000 0.666090 0.321560 0.321560 0.321560
2844.515137 0.000000 646.449158 0.000000 0.880006 0.000000 0.474963 0.591845 0.591845 0.591845
2833.985596 0.000000 656.247864 0.000000 0.970432 0.000000 0.241376 0.572612 0.572612 0.572612
2820.151855 0.000000 644.807495 0.000000 0.922522 0.000000 0.385945 0.591097 0.591097 0.591097
2845.538330 0.000000 661.586426 0.000000 0.761068 0.000000 0.648672 0.520703 0.520703 0.520703
2825.132568 0.000000 644.196655 0.000000 0.885964 0.000000 0.463754 0.545824 0.545824 0.545824
2837.918701 0.000000 657.877136 0.000000 0.955459 0.000000 0.295123 0.566343 0.566343 0.566343
2840.898193 0.000000 666.963440 0.000000 0.958757 0.000000 0.284226 0.567622 0.567622 0.567622
2846.393066 0.000000 665.224121 0.000000 0.758919 0.000000 0.651185 0.520331 0.520331 0.520331
2836.615479 0.000000 663.598694 0.000000 0.924482 0.000000 0.381226 0.556059 0.556059 0.556059
2844.144531 0.000000 663.528809 0.000000 0.928422 0.000000 0.371528 0.557236 0.557236 0.557236
2847.103760 0.000000 663.106628 0.000000 0.769478 0.000000 0.638674 0.522171 0.522171 0.522171
2839.397705 0.000000 659.406433 0.000000 0.923379 0.000000 0.383889 0.555736 0.555736 0.555736
2841.564697 0.000000 664.953918 0.000000 0.993950 0.000000 0.109837 0.587635 0.587635 0.587635
2846.464600 0.000000 659.754639 0.000000 0.972924 0.000000 0.231124 0.573798 0.573798 0.573798
2836.157715 0.000000 667.460693 0.000000 0.884127 0.000000 0.467247 0.545381 0.545381 0.545381
2843.453857 0.000000 661.560730 0.000000 0.986247 0.000000 0.165278 0.581346 0.581346 0.581346
2839.126465 0.000000 667.448792 0.000000 0.915375 0.000000 0.402602 0.562759 0.562759 0.562759
2819.356201 0.000000 640.354553 0.000000 0.812116 0.000000 0.583495 0.530006 0.530006 0.530006
2841.768311 0.000000 656.589111 0.000000 0.818416 0.000000 0.574626 0.531229 0.531229 0.531229
2838.004395 0.000000 662.878418 0.000000 0.983227 0.000000 0.182384 0.579395 0.579395 0.579395
2831.568359 0.000000 640.333923 0.000000 0.925325 0.000000 0.379175 0.579028 0.579028 0.579028
2826.704346 0.000000 649.764771 0.000000 0.873450 0.000000 0.486915 0.510872 0.510872 0.510872
2837.880371 0.000000 664.413330 0.000000 0.878676 0.000000 0.477418 0.544085 0.544085 0.544085
2844.613525 0.000000 668.932007 0.000000 0.991750 0.000000 0.128185 0.585559 0.585559 0.585559
2839.916992 0.000000 647.822998 0.000000 0.889570 0.000000 0.456800 0.511885 0.511885 0.511885
2839.007080 0.000000 645.632568 0.000000 0.992039 0.000000 0.125927 0.592056 0.592056 0.592056
2844.926270 0.000000 665.223022 0.000000 0.846469 0.000000 0.532437 0.536921 0.536921 0.536921
2830.277832 0.000000 642.313293 0.000000 0.813285 0.000000 0.581866 0.530232 0.530232 0.530232
2835.890625 0.000000 649.608582 0.000000 0.767940 0.000000 0.640522 0.443801 0.443801 0.443801
2831.071777 0.000000 643.988525 0.000000 0.814193 0.000000 0.580594 0.530407 0.530407 0.530407
2843.188965 0.000000 646.464294 0.000000 0.984082 0.000000 0.177714 0.587154 0.587154 0.587154
2835.203369 0.000000 655.909912 0.000000 0.915607 0.000000 0.402074 0.553514 0.553514 0.553514
2844.048096 0.000000 658.260376 0.000000 0.786195 0.000000 0.617979 0.525159 0.525159 0.525159
2842.249023 0.000000 648.916382 0.000000 0.987348 0.000000 0.158566 0.566129 0.566129 0.566129
2826.865723 0.000000 648.080139 0.000000 0.972217 0.000000 0.234083 0.558591 0.558591 0.558591
2822.651855 0.000000 642.425720 0.000000 0.988404 0.000000 0.151847 0.582875 0.582875 0.582875
2827.618408 0.000000 645.915894 0.000000 0.907227 0.000000 0.420641 0.551225 0.551225 0.551225
2838.928711 0.000000 653.712769 0.000000 0.911288 0.000000 0.411769 0.512272 0.512272 0.512272
2841.154297 0.000000 647.844482 0.000000 0.915760 0.000000 0.401727 0.536837 0.536837 0.536837
2837.217529 0.000000 654.576233 0.000000 0.907914 0.000000 0.419156 0.551409 0.551409 0.551409
2843.799316 0.000000 664.673950 0.000000 0.987008 0.000000 0.160669 0.581871 0.581871 0.581871
2843.696289 0.000000 667.488892 0.000000 0.993377 0.000000 0.114898 0.587063 0.587063 0.587063
2840.824463 0.000000 654.988220 0.000000 0.959103 0.000000 0.283058 0.567759 0.567759 0.567759
2842.241699 0.000000 669.488770 0.000000 0.971682 0.000000 0.236294 0.573200 0.573200 0.573200
2830.535400 0.000000 648.158813 0.000000 0.754355 0.000000 0.656467 0.439094 0.439094 0.439094
2845.530029 0.000000 648.928406 0.000000 0.852659 0.000000 0.522467 0.523417 0.523417 0.523417
2834.366455 0.000000 645.239502 0.000000 0.859682 0.000000 0.510829 0.539766 0.539766 0.539766
2836.404785 0.000000 655.795959 0.000000 0.898782 0.000000 0.438396 0.549016 0.549016 0.549016
2845.886475 0.000000 668.062744 0.000000 0.973255 0.000000 0.229725 0.573959 0.573959 0.573959
2847.175537 0.000000 666.327881 0.000000 0.983749 0.000000 0.179547 0.579719 0.579719 0.579719
2838.974121 0.000000 664.813660 0.000000 0.961567 0.000000 0.274572 0.568752 0.568752 0.568752
2831.696289 0.000000 646.095093 0.000000 0.938122 0.000000 0.346305 0.528489 0.528489 0.528489
2843.195312 0.000000 654.698364 0.000000 0.979535 0.000000 0.201273 0.577233 0.577233 0.577233
2836.883301 0.000000 666.509155 0.000000 0.984658 0.000000 0.174494 0.580296 0.580296 0.580296
2828.095215 0.000000 649.754272 0.000000 0.982211 0.000000 0.187781 0.558970 0.558970 0.558970
2844.675537 0.000000 666.396362 0.000000 0.861987 0.000000 0.506930 0.540275 0.540275 0.540275
2827.790039 0.000000 641.576111 0.000000 0.951400 0.000000 0.307959 0.564831 0.564831 0.564831
2834.866455 0.000000 656.904358 0.000000 0.965985 0.000000 0.258598 0.570614 0.570614 0.570614
2823.500732 0.000000 645.992798 0.000000 0.856342 0.000000 0.516409 0.539036 0.539036 0.539036
2832.554932 0.000000 648.509460 0.000000 0.883358 0.000000 0.468698 0.490393 0.490393 0.490393
2846.945557 0.000000 655.467712 0.000000 0.806601 0.000000 0.591097 0.494848 0.494848 0.494848
2843.838379 0.000000 656.519043 0.000000 0.791289 0.000000 0.611442 0.526090 0.526090 0.526090
2840.160156 0.000000 662.939514 0.000000 0.981313 0.000000 0.192416 0.578247 0.578247 0.578247
2843.073486 0.000000 658.656250 0.000000 0.963718 0.000000 0.266921 0.569645 0.569645 0.569645
2843.844482 0.000000 649.438660 0.000000 0.893718 0.000000 0.448630 0.501042 0.501042 0.501042
2841.635986 0.000000 667.621277 0.000000 0.909508 0.000000 0.415686 0.551838 0.551838 0.551838
2842.375732 0.000000 650.726562 0.000000 0.975279 0.000000 0.220976 0.549936 0.549936 0.549936
2829.050293 0.000000 646.590759 0.000000 0.787167 0.000000 0.616740 0.471579 0.471579 0.471579
2832.597900 0.000000 647.501709 0.000000 0.927128 0.000000 0.374746 0.521747 0.521747 0.521747
2835.349854 0.000000 646.604797 0.000000 0.984428 0.000000 0.175788 0.565590 0.565590 0.565590
2836.284668 0.000000 648.810242 0.000000 0.843550 0.000000 0.537051 0.472615 0.472615 0.472615
2834.150879 0.000000 649.227844 0.000000 0.922133 0.000000 0.386872 0.510745 0.510745 0.510745
2834.671387 0.000000 650.854492 0.000000 0.974928 0.000000 0.222519 0.549580 0.549580 0.549580
2826.210693 0.000000 647.551514 0.000000 0.804837 0.000000 0.593495 0.479124 0.479124 0.479124
2835.834961 0.000000 651.895752 0.000000 0.970517 0.000000 0.241032 0.545304 0.545304 0.545304
2836.665283 0.000000 649.786926 0.000000 0.957448 0.000000 0.288606 0.534218 0.534218 0.534218
2834.751465 0.000000 646.111145 0.000000 0.949541 0.000000 0.313643 0.537876 0.537876 0.537876
2828.330322 0.000000 646.183105 0.000000 0.991071 0.000000 0.133338 0.574158 0.574158 0.574158
2848.292969 0.000000 661.187439 0.000000 0.841395 0.000000 0.540420 0.535858 0.535858 0.535858
2847.662109 0.000000 656.765381 0.000000 0.934784 0.000000 0.355215 0.559203 0.559203 0.559203
2859.138672 0.000000 664.888855 0.000000 0.933888 0.000000 0.357565 0.532629 0.532629 0.532629
2861.556641 0.000000 671.164612 0.000000 0.843954 0.000000 0.536415 0.447342 0.447342 0.447342
2869.910889 0.000000 657.877136 0.000000 0.789133 0.000000 0.614222 0.576223 0.576223 0.576223
2855.492188 0.000000 670.748779 0.000000 0.893818 0.000000 0.448430 0.588159 0.588159 0.588159
2860.006592 0.000000 658.047668 0.000000 0.951128 0.000000 0.308796 0.564732 0.564732 0.564732
2849.985352 0.000000 651.846680 0.000000 0.992120 0.000000 0.125293 0.590968 0.590968 0.590968
2860.397705 0.000000 653.602844 0.000000 0.922902 0.000000 0.385035 0.555596 0.555596 0.555596
2862.089600 0.000000 651.500122 0.000000 0.913366 0.000000 0.407140 0.552892 0.552892 0.552892
2867.882812 0.000000 654.760254 0.000000 0.789112 0.000000 0.614249 0.347351 0.347351 0.347351
2861.089111 0.000000 655.807861 0.000000 0.752397 0.000000 0.658710 0.519213 0.519213 0.519213
2872.253418 0.000000 656.025635 0.000000 0.759231 0.000000 0.650821 0.575585 0.575585 0.575585
2861.636963 0.000000 665.885742 0.000000 0.973964 0.000000 0.226701 0.558893 0.558893 0.558893
2862.117432 0.000000 649.390991 0.000000 0.986923 0.000000 0.161193 0.581812 0.581812 0.581812
2865.308838 0.000000 658.252686 0.000000 0.781087 0.000000 0.624423 0.570704 0.570704 0.570704
2856.679688 0.000000 660.861145 0.000000 0.857926 0.000000 0.513773 0.514326 0.514326 0.514326
2853.195801 0.000000 656.266357 0.000000 0.952386 0.000000 0.304894 0.558231 0.558231 0.558231
2867.637939 0.000000 642.329895 0.000000 0.831914 0.000000 0.554905 0.547131 0.547131 0.547131
2866.390869 0.000000 640.942444 0.000000 0.954566 0.000000 0.298000 0.498014 0.498014 0.498014
2871.156982 0.000000 670.780579 0.000000 0.959140 0.000000 0.282933 0.540704 0.540704 0.540704
2878.095215 0.000000 656.223755 0.000000 0.985284 0.000000 0.170926 0.544938 0.544938 0.544938
2879.245361 0.000000 649.192078 0.000000 0.969720 0.000000 0.244220 0.525718 0.525718 0.525718
2847.435547 0.000000 653.629272 0.000000 0.913055 0.000000 0.407836 0.486734 0.486734 0.486734
2866.777344 0.000000 657.975952 0.000000 0.787906 0.000000 0.615796 0.363495 0.363495 0.363495
2859.760742 0.000000 656.590698 0.000000 0.983761 0.000000 0.179485 0.579726 0.579726 0.579726
2862.270020 0.000000 642.313293 0.000000 0.904147 0.000000 0.427221 0.542475 0.542475 0.542475
2861.577637 0.000000 667.385254 0.000000 0.751813 0.000000 0.659376 0.438226 0.438226 0.438226
2873.589111 0.000000 646.379700 0.000000 0.975846 0.000000 0.218459 0.515876 0.515876 0.515876
2860.980957 0.000000 659.065552 0.000000 0.995453 0.000000 0.095258 0.589282 0.589282 0.589282
2879.274902 0.000000 650.626343 0.000000 0.966840 0.000000 0.255385 0.566732 0.566732 0.566732
2861.835693 0.000000 662.910400 0.000000 0.956943 0.000000 0.290276 0.538678 0.538678 0.538678
2850.639404 0.000000 655.511658 0.000000 0.879251 0.000000 0.476359 0.502571 0.502571 0.502571
2869.304932 0.000000 641.079041 0.000000 0.783748 0.000000 0.621079 0.550814 0.550814 0.550814
2874.241211 0.000000 648.916382 0.000000 0.775634 0.000000 0.631183 0.441404 0.441404 0.441404
2870.920898 0.000000 653.712769 0.000000 0.746885 0.000000 0.664954 0.512829 0.512829 0.512829
2862.018066 0.000000 660.705017 0.000000 0.808189 0.000000 0.588923 0.534913 0.534913 0.534913
2857.579590 0.000000 655.644958 0.000000 0.759122 0.000000 0.650949 0.520366 0.520366 0.520366
2867.063965 0.000000 653.697144 0.000000 0.736293 0.000000 0.676663 0.519843 0.519843 0.519843
2866.102539 0.000000 652.819092 0.000000 0.840567 0.000000 0.541708 0.538259 0.538259 0.538259
2855.889160 0.000000 657.163391 0.000000 0.835277 0.000000 0.549829 0.535469 0.535469 0.535469
2855.172852 0.000000 665.424866 0.000000 0.861513 0.000000 0.507736 0.490711 0.490711 0.490711
2875.865723 0.000000 647.471619 0.000000 0.909221 0.000000 0.416315 0.435986 0.435986 0.435986
2852.920898 0.000000 669.385254 0.000000 0.966630 0.000000 0.256176 0.570895 0.570895 0.570895
2872.816650 0.000000 654.988220 0.000000 0.940277 0.000000 0.340410 0.467321 0.467321 0.467321
2847.381104 0.000000 660.429321 0.000000 0.975031 0.000000 0.222070 0.574842 0.574842 0.574842
2848.136963 0.000000 671.106140 0.000000 0.961259 0.000000 0.275647 0.568626 0.568626 0.568626
2847.476074 0.000000 650.785706 0.000000 0.856300 0.000000 0.516480 0.493500 0.493500 0.493500
2878.845703 0.000000 658.551270 0.000000 0.858701 0.000000 0.512477 0.458952 0.458952 0.458952
2861.842285 0.000000 644.653625 0.000000 0.968516 0.000000 0.248953 0.571734 0.571734 0.571734
2863.681641 0.000000 661.183228 0.000000 0.971862 0.000000 0.235552 0.575423 0.575423 0.575423
2858.809082 0.000000 669.946777 0.000000 0.994806 0.000000 0.101794 0.583045 0.583045 0.583045
2871.000732 0.000000 662.345276 0.000000 0.838482 0.000000 0.544929 0.384184 0.384184 0.384184
2875.187500 0.000000 654.698364 0.000000 0.850958 0.000000 0.525234 0.494801 0.494801 0.494801
2875.238281 0.000000 648.384094 0.000000 0.959946 0.000000 0.280186 0.534064 0.534064 0.534064
2858.086182 0.000000 660.937622 0.000000 0.991054 0.000000 0.133460 0.582956 0.582956 0.582956
2853.318604 0.000000 665.001953 0.000000 0.899415 0.000000 0.437095 0.539693 0.539693 0.539693
2862.656738 0.000000 668.682495 0.000000 0.990647 0.000000 0.136448 0.582983 0.582983 0.582983
2859.862305 0.000000 663.937256 0.000000 0.890617 0.000000 0.454754 0.504533 0.504533 0.504533
2878.905762 0.000000 657.179871 0.000000 0.928964 0.000000 0.370169 0.478448 0.478448 0.478448
2863.424805 0.000000 654.801575 0.000000 0.960223 0.000000 0.279236 0.568207 0.568207 0.568207
2861.947021 0.000000 645.938232 0.000000 0.925688 0.000000 0.378287 0.556417 0.556417 0.556417
2859.321777 0.000000 666.995483 0.000000 0.914216 0.000000 0.405228 0.521878 0.521878 0.521878
2851.915527 0.000000 663.657715 0.000000 0.763686 0.000000 0.645588 0.510645 0.510645 0.510645
2852.584961 0.000000 654.569153 0.000000 0.744322 0.000000 0.667821 0.446644 0.446644 0.446644
2848.397461 0.000000 663.262268 0.000000 0.922678 0.000000 0.385572 0.555531 0.555531 0.555531
2851.504150 0.000000 667.962158 0.000000 0.845266 0.000000 0.534346 0.536667 0.536667 0.536667
2866.767822 0.000000 641.855530 0.000000 0.920035 0.000000 0.391836 0.464301 0.464301 0.464301
2863.549316 0.000000 670.611023 0.000000 0.944418 0.000000 0.328748 0.555342 0.555342 0.555342
2867.699707 0.000000 657.786194 0.000000 0.853957 0.000000 0.520343 0.404901 0.404901 0.404901
2870.479736 0.000000 663.695007 0.000000 0.856458 0.000000 0.516216 0.396871 0.396871 0.396871
2878.441650 0.000000 648.778320 0.000000 0.821301 0.000000 0.570495 0.417209 0.417209 0.417209
2853.640381 0.000000 663.364136 0.000000 0.838011 0.000000 0.545654 0.478097 0.478097 0.478097
2850.510254 0.000000 654.613464 0.000000 0.881900 0.000000 0.471436 0.503668 0.503668 0.503668
2864.014160 0.000000 643.762756 0.000000 0.897451 0.000000 0.441114 0.437818 0.437818 0.437818
2852.673340 0.000000 663.132019 0.000000 0.952789 0.000000 0.303633 0.534842 0.534842 0.534842
2861.281006 0.000000 668.214844 0.000000 0.895786 0.000000 0.444485 0.479950 0.479950 0.479950
2847.800293 0.000000 654.436157 0.000000 0.961333 0.000000 0.275389 0.553612 0.553612 0.553612
2872.888184 0.000000 646.936462 0.000000 0.770666 0.000000 0.637240 0.336091 0.336091 0.336091
2871.433838 0.000000 648.520630 0.000000 0.791161 0.000000 0.611608 0.494522 0.494522 0.494522
2871.794189 0.000000 664.602356 0.000000 0.945079 0.000000 0.326841 0.497757 0.497757 0.497757
2869.435303 0.000000 655.371094 0.000000 0.756985 0.000000 0.653432 0.327994 0.327994 0.327994
2860.885986 0.000000 665.503540 0.000000 0.850076 0.000000 0.526660 0.500298 0.500298 0.500298
2879.042725 0.000000 645.295105 0.000000 0.970504 0.000000 0.241086 0.535444 0.535444 0.535444
2877.759033 0.000000 670.925537 0.000000 0.964503 0.000000 0.264070 0.553965 0.553965 0.553965
2855.783447 0.000000 664.813110 0.000000 0.797134 0.000000 0.603803 0.466966 0.466966 0.466966
2872.959717 0.000000 654.194153 0.000000 0.959443 0.000000 0.281901 0.490842 0.490842 0.490842
2858.208984 0.000000 666.016968 0.000000 0.767075 0.000000 0.641558 0.469582 0.469582 0.469582
2876.833740 0.000000 645.677063 0.000000 0.851056 0.000000 0.525075 0.403750 0.403750 0.403750
2875.766846 0.000000 655.309326 0.000000 0.966701 0.000000 0.255908 0.550769 0.550769 0.550769
2870.209473 0.000000 665.126709 0.000000 0.742316 0.000000 0.670049 0.374522 0.374522 0.374522
2878.361084 0.000000 645.689331 0.000000 0.970923 0.000000 0.239390 0.535907 0.535907 0.535907
2870.327148 0.000000 670.731934 0.000000 0.826383 0.000000 0.563109 0.476355 0.476355 0.476355
2861.991943 0.000000 662.153564 0.000000 0.738664 0.000000 0.674074 0.445983 0.445983 0.445983
2839.085693 0.000000 672.384033 0.000000 0.983871 0.000000 0.178881 0.593804 0.593804 0.593804
2836.028809 0.000000 672.705505 0.000000 0.973566 0.000000 0.228407 0.590335 0.590335 0.590335
2846.133057 0.000000 672.075195 0.000000 0.809422 0.000000 0.587228 0.543591 0.543591 0.543591
2840.920166 0.000000 673.396301 0.000000 0.943789 0.000000 0.330548 0.586880 0.586880 0.586880
2826.196533 0.000000 698.838135 0.000000 0.874070 0.000000 0.485800 0.406234 0.406234 0.406234
2833.950684 0.000000 692.805847 0.000000 0.926743 0.000000 0.375696 0.452884 0.452884 0.452884
2836.487793 0.000000 697.427673 0.000000 0.823362 0.000000 0.567516 0.522258 0.522258 0.522258
2837.468994 0.000000 671.746521 0.000000 0.892750 0.000000 0.450551 0.547492 0.547492 0.547492
2841.768311 0.000000 688.573486 0.000000 0.971784 0.000000 0.235873 0.590013 0.590013 0.590013
2841.416748 0.000000 682.532654 0.000000 0.992269 0.000000 0.124103 0.594781 0.594781 0.594781
2835.278076 0.000000 694.677551 0.000000 0.812943 0.000000 0.582343 0.362563 0.362563 0.362563
2842.249023 0.000000 680.900757 0.000000 0.817561 0.000000 0.575842 0.531062 0.531062 0.531062
2844.792725 0.000000 681.843262 0.000000 0.983990 0.000000 0.178225 0.579870 0.579870 0.579870
2845.439209 0.000000 683.870972 0.000000 0.804920 0.000000 0.593383 0.528632 0.528632 0.528632
2827.019775 0.000000 698.011230 0.000000 0.930866 0.000000 0.365361 0.457135 0.457135 0.457135
2845.091553 0.000000 671.698547 0.000000 0.953090 0.000000 0.302686 0.565453 0.565453 0.565453
2834.963379 0.000000 692.439087 0.000000 0.972370 0.000000 0.233446 0.567529 0.567529 0.567529
2843.943359 0.000000 671.697510 0.000000 0.980186 0.000000 0.198078 0.577599 0.577599 0.577599
2827.329590 0.000000 698.979858 0.000000 0.782778 0.000000 0.622301 0.343438 0.343438 0.343438
2843.844482 0.000000 681.423035 0.000000 0.966005 0.000000 0.258524 0.570623 0.570623 0.570623
2831.761963 0.000000 694.207397 0.000000 0.990810 0.000000 0.135264 0.563823 0.563823 0.563823
2826.006104 0.000000 699.733521 0.000000 0.933899 0.000000 0.357537 0.460340 0.460340 0.460340
2831.450684 0.000000 695.629822 0.000000 0.919224 0.000000 0.393736 0.492096 0.492096 0.492096
2837.057129 0.000000 694.910767 0.000000 0.820376 0.000000 0.571824 0.391191 0.391191 0.391191
2832.754883 0.000000 694.578430 0.000000 0.971391 0.000000 0.237485 0.519906 0.519906 0.519906
2874.828857 0.000000 672.048096 0.000000 0.871271 0.000000 0.490802 0.444773 0.444773 0.444773
2847.493408 0.000000 673.316345 0.000000 0.959082 0.000000 0.283129 0.574201 0.574201 0.574201
2852.485352 0.000000 702.513367 0.000000 0.859272 0.000000 0.511518 0.432703 0.432703 0.432703
2853.235107 0.000000 679.382935 0.000000 0.895603 0.000000 0.444853 0.584808 0.584808 0.584808
2866.295654 0.000000 700.375305 0.000000 0.985343 0.000000 0.170584 0.573809 0.573809 0.573809
2872.912354 0.000000 673.396301 0.000000 0.993556 0.000000 0.113346 0.570734 0.570734 0.570734
2860.968994 0.000000 677.615295 0.000000 0.929943 0.000000 0.367704 0.490014 0.490014 0.490014
2875.555664 0.000000 675.767944 0.000000 0.978669 0.000000 0.205445 0.527782 0.527782 0.527782
2847.572998 0.000000 671.744995 0.000000 0.944634 0.000000 0.328126 0.562441 0.562441 0.562441
2851.880127 0.000000 680.267578 0.000000 0.919371 0.000000 0.393392 0.572141 0.572141 0.572141
2857.848633 0.000000 677.552856 0.000000 0.834007 0.000000 0.551754 0.563230 0.563230 0.563230
2850.270996 0.000000 682.262817 0.000000 0.887153 0.000000 0.461476 0.489352 0.489352 0.489352
2864.272949 0.000000 689.220947 0.000000 0.970252 0.000000 0.242098 0.569598 0.569598 0.569598
2870.999268 0.000000 677.616943 0.000000 0.854594 0.000000 0.519297 0.519845 0.519845 0.519845
2858.438232 0.000000 675.607056 0.000000 0.736670 0.000000 0.676252 0.514341 0.514341 0.514341
2865.532715 0.000000 691.539612 0.000000 0.943836 0.000000 0.330413 0.471374 0.471374 0.471374
2876.784912 0.000000 681.843262 0.000000 0.868996 0.000000 0.494820 0.507731 0.507731 0.507731
2870.235107 0.000000 701.942688 0.000000 0.991662 0.000000 0.128868 0.584127 0.584127 0.584127
2860.667236 0.000000 676.434326 0.000000 0.835122 0.000000 0.550065 0.429871 0.429871 0.429871
2877.059814 0.000000 679.481750 0.000000 0.991008 0.000000 0.133800 0.552960 0.552960 0.552960
2859.992432 0.000000 691.721985 0.000000 0.968785 0.000000 0.247904 0.504310 0.504310 0.504310
2877.522217 0.000000 680.912781 0.000000 0.942602 0.000000 0.333917 0.539312 0.539312 0.539312
2874.115723 0.000000 676.349243 0.000000 0.962886 0.000000 0.269910 0.551693 0.551693 0.551693
2868.762695 0.000000 700.362427 0.000000 0.906887 0.000000 0.421374 0.481420 0.481420 0.481420
2873.905762 0.000000 674.233154 0.000000 0.845361 0.000000 0.534195 0.462401 0.462401 0.462401
2875.443848 0.000000 672.911133 0.000000 0.858907 0.000000 0.512132 0.437312 0.437312 0.437312
2858.121094 0.000000 691.098389 0.000000 0.801882 0.000000 0.597483 0.355401 0.355401 0.355401
2877.799072 0.000000 678.831421 0.000000 0.928356 0.000000 0.371692 0.466513 0.466513 0.466513
2871.016602 0.000000 675.078796 0.000000 0.981600 0.000000 0.190951 0.565752 0.565752 0.565752
2852.654785 0.000000 681.766907 0.000000 0.964419 0.000000 0.264379 0.559120 0.559120 0.559120
2859.490967 0.000000 692.568909 0.000000 0.854140 0.000000 0.520044 0.433698 0.433698 0.433698
2876.518799 0.000000 675.589539 0.000000 0.990396 0.000000 0.138261 0.551382 0.551382 0.551382
2875.326172 0.000000 676.652283 0.000000 0.959913 0.000000 0.280297 0.549783 0.549783 0.549783
2867.727295 0.000000 700.257202 0.000000 0.954140 0.000000 0.299360 0.553549 0.553549 0.553549
2860.882080 0.000000 690.070251 0.000000 0.813069 0.000000 0.582168 0.375677 0.375677 0.375677
2852.715576 0.000000 680.155579 0.000000 0.987266 0.000000 0.159079 0.575591 0.575591 0.575591
2856.736572 0.000000 691.932068 0.000000 0.983224 0.000000 0.182403 0.566479 0.566479 0.566479
2861.821777 0.000000 671.725769 0.000000 0.772312 0.000000 0.635243 0.414409 0.414409 0.414409
2850.772461 0.000000 703.181458 0.000000 0.972797 0.000000 0.231658 0.510702 0.510702 0.510702
2877.517090 0.000000 676.964294 0.000000 0.789261 0.000000 0.614058 0.435590 0.435590 0.435590
2872.214111 0.000000 673.819458 0.000000 0.770024 0.000000 0.638015 0.421732 0.421732 0.421732
2851.677246 0.000000 685.518738 0.000000 0.921168 0.000000 0.389165 0.475458 0.475458 0.475458
2870.222900 0.000000 679.615906 0.000000 0.983431 0.000000 0.181285 0.567779 0.567779 0.567779
2876.105957 0.000000 676.320862 0.000000 0.743006 0.000000 0.669284 0.417674 0.417674 0.417674
2876.833740 0.000000 677.661438 0.000000 0.889977 0.000000 0.456006 0.482261 0.482261 0.482261
2884.989258 0.000000 640.079041 0.000000 0.991970 0.000000 0.126475 0.586133 0.586133 0.586133
2889.108398 0.000000 658.791870 0.000000 0.860764 0.000000 0.509004 0.590401 0.590401 0.590401
2880.678467 0.000000 654.454102 0.000000 0.907995 0.000000 0.418981 0.526823 0.526823 0.526823
2892.421631 0.000000 662.874146 0.000000 0.900715 0.000000 0.434411 0.582498 0.582498 0.582498
2893.629150 0.000000 665.885742 0.000000 0.889460 0.000000 0.457012 0.563741 0.563741 0.563741
2882.292969 0.000000 645.270813 0.000000 0.974536 0.000000 0.224230 0.526150 0.526150 0.526150
2881.505371 0.000000 656.191223 0.000000 0.970672 0.000000 0.240408 0.576725 0.576725 0.576725
2884.040527 0.000000 646.328308 0.000000 0.974932 0.000000 0.222503 0.514293 0.514293 0.514293
2888.674316 0.000000 642.728271 0.000000 0.986091 0.000000 0.166204 0.538970 0.538970 0.538970
2886.348389 0.000000 661.342651 0.000000 0.933814 0.000000 0.357759 0.538619 0.538619 0.538619
2885.186768 0.000000 648.922058 0.000000 0.985363 0.000000 0.170469 0.574340 0.574340 0.574340
2879.316650 0.000000 668.973938 0.000000 0.864165 0.000000 0.503209 0.400953 0.400953 0.400953
2884.913086 0.000000 669.385254 0.000000 0.832559 0.000000 0.553937 0.398615 0.398615 0.398615
2879.468262 0.000000 650.785706 0.000000 0.821908 0.000000 0.569620 0.521928 0.521928 0.521928
2879.309326 0.000000 644.649841 0.000000 0.917331 0.000000 0.398125 0.491435 0.491435 0.491435
2881.067139 0.000000 657.177307 0.000000 0.993612 0.000000 0.112848 0.589159 0.589159 0.589159
2881.979736 0.000000 646.232239 0.000000 0.944351 0.000000 0.328941 0.471970 0.471970 0.471970
2886.128418 0.000000 643.305298 0.000000 0.995782 0.000000 0.091752 0.584585 0.584585 0.584585
2880.057129 0.000000 646.609863 0.000000 0.749600 0.000000 0.661891 0.323705 0.323705 0.323705
2881.947510 0.000000 669.939880 0.000000 0.921758 0.000000 0.387765 0.483686 0.483686 0.483686
2888.464844 0.000000 641.173584 0.000000 0.985663 0.000000 0.168723 0.571812 0.571812 0.571812
2888.284912 0.000000 661.755615 0.000000 0.779299 0.000000 0.626653 0.439713 0.439713 0.439713
2881.513916 0.000000 649.674255 0.000000 0.776421 0.000000 0.630214 0.420246 0.420246 0.420246
2885.851318 0.000000 639.696960 0.000000 0.815108 0.000000 0.579309 0.416743 0.416743 0.416743
2880.223145 0.000000 669.877258 0.000000 0.870886 0.000000 0.491486 0.449923 0.449923 0.449923
2887.146729 0.000000 659.113281 0.000000 0.876327 0.000000 0.481717 0.529229 0.529229 0.529229
2883.779785 0.000000 669.902832 0.000000 0.988271 0.000000 0.152712 0.557515 0.557515 0.557515
2891.262939 0.000000 643.820801 0.000000 0.765440 0.000000 0.643507 0.379049 0.379049 0.379049
2883.070557 0.000000 669.484436 0.000000 0.768826 0.000000 0.639457 0.407738 0.407738 0.407738
2879.309326 0.000000 656.022949 0.000000 0.995379 0.000000 0.096024 0.569171 0.569171 0.569171
2880.729492 0.000000 668.246277 0.000000 0.854872 0.000000 0.518839 0.440664 0.440664 0.440664
2882.110840 0.000000 647.912964 0.000000 0.992508 0.000000 0.122178 0.553215 0.553215 0.553215
2887.072266 0.000000 639.927063 0.000000 0.993477 0.000000 0.114029 0.556349 0.556349 0.556349
2889.559082 0.000000 644.857361 0.000000 0.830486 0.000000 0.557039 0.464595 0.464595 0.464595
2880.285156 0.000000 693.171814 0.000000 0.886538 0.000000 0.462655 0.555330 0.555330 0.555330
2902.239746 0.000000 693.316406 0.000000 0.990325 0.000000 0.138768 0.598540 0.598540 0.598540
2894.763428 0.000000 685.797180 0.000000 0.906727 0.000000 0.421717 0.525008 0.525008 0.525008
2899.259766 0.000000 684.459595 0.000000 0.964078 0.000000 0.265620 0.572616 0.572616 0.572616
2880.469727 0.000000 681.957397 0.000000 0.992685 0.000000 0.120730 0.570813 0.570813 0.570813
2887.318848 0.000000 675.447327 0.000000 0.989657 0.000000 0.143454 0.546524 0.546524 0.546524
2879.401123 0.000000 694.883484 0.000000 0.968216 0.000000 0.250115 0.540548 0.540548 0.540548
2894.342529 0.000000 691.452698 0.000000 0.985477 0.000000 0.169811 0.534821 0.534821 0.534821
2881.931396 0.000000 692.503357 0.000000 0.754228 0.000000 0.656612 0.533474 0.533474 0.533474
2879.311768 0.000000 675.011414 0.000000 0.934060 0.000000 0.357116 0.502632 0.502632 0.502632
2882.242676 0.000000 675.617065 0.000000 0.846682 0.000000 0.532098 0.422664 0.422664 0.422664
2901.150146 0.000000 681.006836 0.000000 0.840516 0.000000 0.541787 0.381297 0.381297 0.381297
2896.895264 0.000000 675.612549 0.000000 0.920722 0.000000 0.390219 0.578983 0.578983 0.578983
2896.265137 0.000000 689.220947 0.000000 0.901723 0.000000 0.432314 0.431915 0.431915 0.431915
2895.676270 0.000000 690.683655 0.000000 0.996350 0.000000 0.085367 0.567352 0.567352 0.567352
2899.875000 0.000000 681.592957 0.000000 0.983448 0.000000 0.181189 0.531498 0.531498 0.531498
2899.573242 0.000000 683.100098 0.000000 0.907426 0.000000 0.420211 0.434347 0.434347 0.434347
2898.769043 0.000000 680.605957 0.000000 0.948159 0.000000 0.317796 0.478407 0.478407 0.478407
2902.364990 0.000000 681.688416 0.000000 0.980156 0.000000 0.198226 0.574593 0.574593 0.574593
2893.391846 0.000000 686.511719 0.000000 0.816602 0.000000 0.577201 0.364974 0.364974 0.364974
2889.562256 0.000000 691.976013 0.000000 0.886058 0.000000 0.463574 0.542959 0.542959 0.542959
2901.201904 0.000000 686.560608 0.000000 0.763142 0.000000 0.646231 0.331613 0.331613 0.331613
2898.350830 0.000000 677.223877 0.000000 0.991089 0.000000 0.133200 0.572984 0.572984 0.572984
2898.850830 0.000000 688.888733 0.000000 0.926639 0.000000 0.375951 0.452779 0.452779 0.452779
2898.290527 0.000000 687.200806 0.000000 0.798301 0.000000 0.602259 0.441223 0.441223 0.441223
2904.152100 0.000000 690.479065 0.000000 0.819464 0.000000 0.573130 0.366875 0.366875 0.366875
2909.709717 0.000000 692.494751 0.000000 0.992132 0.000000 0.125198 0.581197 0.581197 0.581197
2885.916260 0.000000 691.896973 0.000000 0.788119 0.000000 0.615523 0.442081 0.442081 0.442081
2896.642822 0.000000 690.982727 0.000000 0.949521 0.000000 0.313704 0.521612 0.521612 0.521612
2886.128418 0.000000 675.289673 0.000000 0.736937 0.000000 0.675961 0.324258 0.324258 0.324258
2901.308594 0.000000 690.617554 0.000000 0.965540 0.000000 0.260254 0.499432 0.499432 0.499432
2882.467529 0.000000 693.298828 0.000000 0.736028 0.000000 0.676951 0.400616 0.400616 0.400616
2892.874268 0.000000 690.070251 0.000000 0.919523 0.000000 0.393037 0.445709 0.445709 0.445709
2896.361572 0.000000 690.166138 0.000000 0.984809 0.000000 0.173640 0.557126 0.557126 0.557126
2903.741943 0.000000 688.718079 0.000000 0.899223 0.000000 0.437490 0.427041 0.427041 0.427041
2901.735596 0.000000 680.283875 0.000000 0.946048 0.000000 0.324025 0.473956 0.473956 0.473956
2885.932373 0.000000 676.852295 0.000000 0.863410 0.000000 0.504502 0.398011 0.398011 0.398011
2879.953857 0.000000 694.246338 0.000000 0.956765 0.000000 0.290861 0.530594 0.530594 0.530594
2879.463623 0.000000 675.841187 0.000000 0.953284 0.000000 0.302076 0.518179 0.518179 0.518179
2900.769287 0.000000 688.521179 0.000000 0.839938 0.000000 0.542682 0.380890 0.380890 0.380890
2901.464600 0.000000 681.715454 0.000000 0.885679 0.000000 0.464298 0.415568 0.415568 0.415568
2843.629883 0.000000 729.826721 0.000000 0.859869 0.000000 0.510514 0.395346 0.395346 0.395346
2833.985596 0.000000 720.216614 0.000000 0.807133 0.000000 0.590370 0.364454 0.364454 0.364454
2826.064453 0.000000 716.784119 0.000000 0.964241 0.000000 0.265029 0.563838 0.563838 0.563838
2825.251221 0.000000 714.391907 0.000000 0.888336 0.000000 0.459193 0.591424 0.591424 0.591424
2819.942627 0.000000 731.062683 0.000000 0.995287 0.000000 0.096976 0.567410 0.567410 0.567410
2838.021240 0.000000 716.587158 0.000000 0.960442 0.000000 0.278481 0.496430 0.496430 0.496430
2831.853271 0.000000 719.781189 0.000000 0.862419 0.000000 0.506195 0.401237 0.401237 0.401237
2846.464600 0.000000 723.723389 0.000000 0.794162 0.000000 0.607705 0.457154 0.457154 0.457154
2843.453857 0.000000 725.529480 0.000000 0.847598 0.000000 0.530639 0.452534 0.452534 0.452534
2826.815430 0.000000 723.920349 0.000000 0.988387 0.000000 0.151956 0.541732 0.541732 0.541732
2824.687500 0.000000 724.829895 0.000000 0.984528 0.000000 0.175226 0.532721 0.532721 0.532721
2830.358154 0.000000 723.437073 0.000000 0.982813 0.000000 0.184603 0.547714 0.547714 0.547714
2840.024902 0.000000 725.903137 0.000000 0.941291 0.000000 0.337597 0.471042 0.471042 0.471042
2821.203613 0.000000 720.235107 0.000000 0.963138 0.000000 0.269009 0.527379 0.527379 0.527379
2819.103760 0.000000 726.974365 0.000000 0.996575 0.000000 0.082688 0.577804 0.577804 0.577804
2832.316162 0.000000 718.235291 0.000000 0.823379 0.000000 0.567492 0.404750 0.404750 0.404750
2846.103027 0.000000 720.192505 0.000000 0.961920 0.000000 0.273332 0.494249 0.494249 0.494249
2823.234863 0.000000 718.394836 0.000000 0.940086 0.000000 0.340937 0.547885 0.547885 0.547885
2830.495117 0.000000 719.243286 0.000000 0.995222 0.000000 0.097635 0.563379 0.563379 0.563379
2829.669678 0.000000 716.848083 0.000000 0.881967 0.000000 0.471312 0.455911 0.455911 0.455911
2844.926270 0.000000 729.191772 0.000000 0.970885 0.000000 0.239544 0.536590 0.536590 0.536590
2819.242676 0.000000 722.149353 0.000000 0.988628 0.000000 0.150385 0.542339 0.542339 0.542339
2835.588867 0.000000 715.084473 0.000000 0.950064 0.000000 0.312055 0.478779 0.478779 0.478779
2824.763672 0.000000 717.232544 0.000000 0.918643 0.000000 0.395090 0.561062 0.561062 0.561062
2816.729004 0.000000 733.046021 0.000000 0.846318 0.000000 0.532677 0.518377 0.518377 0.518377
2816.806396 0.000000 726.270569 0.000000 0.990661 0.000000 0.136345 0.570908 0.570908 0.570908
2823.180664 0.000000 729.393616 0.000000 0.937647 0.000000 0.347588 0.504815 0.504815 0.504815
2815.388916 0.000000 724.398071 0.000000 0.798503 0.000000 0.601991 0.360023 0.360023 0.360023
2841.810303 0.000000 730.094238 0.000000 0.763913 0.000000 0.645319 0.332069 0.332069 0.332069
2827.133545 0.000000 722.817322 0.000000 0.975713 0.000000 0.219051 0.515645 0.515645 0.515645
2838.206299 0.000000 722.941345 0.000000 0.902296 0.000000 0.431118 0.439091 0.439091 0.439091
2829.786377 0.000000 722.249756 0.000000 0.947649 0.000000 0.319314 0.475857 0.475857 0.475857
2833.104492 0.000000 717.509521 0.000000 0.909410 0.000000 0.415901 0.481135 0.481135 0.481135
2837.013428 0.000000 721.254333 0.000000 0.758268 0.000000 0.651942 0.402144 0.402144 0.402144
2826.128906 0.000000 723.082764 0.000000 0.921681 0.000000 0.387948 0.447821 0.447821 0.447821
2820.056152 0.000000 724.556030 0.000000 0.945333 0.000000 0.326106 0.501478 0.501478 0.501478
2817.321289 0.000000 725.279602 0.000000 0.903573 0.000000 0.428435 0.466692 0.466692 0.466692
2818.468506 0.000000 723.542419 0.000000 0.996251 0.000000 0.086508 0.566915 0.566915 0.566915
2843.073486 0.000000 722.625000 0.000000 0.952646 0.000000 0.304082 0.538908 0.538908 0.538908
2816.405273 0.000000 727.231018 0.000000 0.929763 0.000000 0.368157 0.519804 0.519804 0.519804
2840.629639 0.000000 728.729431 0.000000 0.994553 0.000000 0.104234 0.564493 0.564493 0.564493
2824.300537 0.000000 725.724365 0.000000 0.981504 0.000000 0.191442 0.526421 0.526421 0.526421
2820.047852 0.000000 722.739319 0.000000 0.978052 0.000000 0.208360 0.522340 0.522340 0.522340
2823.162354 0.000000 723.082031 0.000000 0.996432 0.000000 0.084397 0.582407 0.582407 0.582407
2835.707520 0.000000 721.754944 0.000000 0.891473 0.000000 0.453075 0.431662 0.431662 0.431662
2820.280029 0.000000 720.416138 0.000000 0.795153 0.000000 0.606409 0.426280 0.426280 0.426280
2845.210938 0.000000 720.265198 0.000000 0.902074 0.000000 0.431582 0.505081 0.505081 0.505081
2846.056152 0.000000 722.925110 0.000000 0.749680 0.000000 0.661801 0.441834 0.441834 0.441834
2828.889893 0.000000 722.054626 0.000000 0.972653 0.000000 0.232261 0.510465 0.510465 0.510465
2833.047852 0.000000 715.238647 0.000000 0.904277 0.000000 0.426946 0.481725 0.481725 0.481725
2825.609131 0.000000 721.442322 0.000000 0.737142 0.000000 0.675738 0.399946 0.399946 0.399946
2817.086914 0.000000 724.431763 0.000000 0.941613 0.000000 0.336697 0.496606 0.496606 0.496606
2831.456787 0.000000 723.496765 0.000000 0.833609 0.000000 0.552355 0.435205 0.435205 0.435205
2839.281006 0.000000 725.463684 0.000000 0.893219 0.000000 0.449621 0.475659 0.475659 0.475659
2820.452637 0.000000 728.709351 0.000000 0.780971 0.000000 0.624568 0.342330 0.342330 0.342330
2828.159180 0.000000 722.876038 0.000000 0.977419 0.000000 0.211308 0.518673 0.518673 0.518673
2819.086182 0.000000 733.453186 0.000000 0.986303 0.000000 0.164946 0.536706 0.536706 0.536706
2841.858398 0.000000 723.945374 0.000000 0.741497 0.000000 0.670956 0.388469 0.388469 0.388469
2821.363770 0.000000 723.279419 0.000000 0.926696 0.000000 0.375813 0.457453 0.457453 0.457453
2829.316406 0.000000 715.221008 0.000000 0.989614 0.000000 0.143751 0.549222 0.549222 0.549222
2841.412354 0.000000 722.868958 0.000000 0.897941 0.000000 0.440116 0.468931 0.468931 0.468931
2831.592041 0.000000 717.891724 0.000000 0.953320 0.000000 0.301961 0.532455 0.532455 0.532455
2840.313965 0.000000 725.112305 0.000000 0.840167 0.000000 0.542327 0.385345 0.385345 0.385345
2827.054688 0.000000 720.123474 0.000000 0.993956 0.000000 0.109783 0.571823 0.571823 0.571823
2838.821777 0.000000 724.708801 0.000000 0.896415 0.000000 0.443215 0.477568 0.477568 0.477568
2836.784912 0.000000 720.505554 0.000000 0.796319 0.000000 0.604877 0.419009 0.419009 0.419009
2827.213623 0.000000 718.678711 0.000000 0.987731 0.000000 0.156166 0.570874 0.570874 0.570874
2844.455322 0.000000 723.424377 0.000000 0.953209 0.000000 0.302312 0.501091 0.501091 0.501091
2823.060059 0.000000 725.683228 0.000000 0.858780 0.000000 0.512345 0.433208 0.433208 0.433208
2848.292969 0.000000 725.156189 0.000000 0.960206 0.000000 0.279294 0.577528 0.577528 0.577528
2847.662109 0.000000 720.734131 0.000000 0.912376 0.000000 0.409354 0.438905 0.438905 0.438905
2864.429688 0.000000 734.223389 0.000000 0.902113 0.000000 0.431499 0.496412 0.496412 0.496412
2872.912354 0.000000 705.380676 0.000000 0.741313 0.000000 0.671160 0.318956 0.318956 0.318956
2858.188721 0.000000 730.822510 0.000000 0.880266 0.000000 0.474480 0.411163 0.411163 0.411163
2855.195068 0.000000 722.100281 0.000000 0.991583 0.000000 0.129473 0.550406 0.550406 0.550406
2866.918701 0.000000 727.998962 0.000000 0.956634 0.000000 0.291293 0.585389 0.585389 0.585389
2871.831055 0.000000 706.529907 0.000000 0.807376 0.000000 0.590037 0.358936 0.358936 0.358936
2847.342773 0.000000 719.189331 0.000000 0.933921 0.000000 0.357479 0.573168 0.573168 0.573168
2865.911377 0.000000 734.642212 0.000000 0.889117 0.000000 0.457681 0.489626 0.489626 0.489626
2859.002686 0.000000 727.326660 0.000000 0.807792 0.000000 0.589468 0.359205 0.359205 0.359205
2857.722412 0.000000 729.378540 0.000000 0.826300 0.000000 0.563230 0.453920 0.453920 0.453920
2861.577637 0.000000 731.354004 0.000000 0.928067 0.000000 0.372413 0.514257 0.514257 0.514257
2869.775879 0.000000 708.604248 0.000000 0.910142 0.000000 0.414297 0.436833 0.436833 0.436833
2853.567139 0.000000 705.253845 0.000000 0.981385 0.000000 0.192049 0.577711 0.577711 0.577711
2855.889160 0.000000 721.132141 0.000000 0.796228 0.000000 0.604997 0.381981 0.381981 0.381981
2872.389893 0.000000 707.567078 0.000000 0.845610 0.000000 0.533801 0.547705 0.547705 0.547705
2863.072266 0.000000 726.841309 0.000000 0.980615 0.000000 0.195944 0.561004 0.561004 0.561004
2860.482422 0.000000 732.649719 0.000000 0.792255 0.000000 0.610190 0.473181 0.473181 0.473181
2859.011963 0.000000 729.995605 0.000000 0.740064 0.000000 0.672537 0.359128 0.359128 0.359128
2862.502441 0.000000 729.118286 0.000000 0.938399 0.000000 0.345553 0.530236 0.530236 0.530236
2857.954834 0.000000 727.015808 0.000000 0.961873 0.000000 0.273497 0.514932 0.514932 0.514932
2856.614990 0.000000 728.800964 0.000000 0.855749 0.000000 0.517390 0.467225 0.467225 0.467225
2847.367920 0.000000 721.793091 0.000000 0.805900 0.000000 0.592051 0.357982 0.357982 0.357982
2858.121094 0.000000 723.082764 0.000000 0.950887 0.000000 0.309537 0.484034 0.484034 0.484034
2856.751709 0.000000 721.705811 0.000000 0.991028 0.000000 0.133655 0.549798 0.549798 0.549798
2852.048340 0.000000 724.556030 0.000000 0.953547 0.000000 0.301243 0.524370 0.524370 0.524370
2848.248291 0.000000 707.362976 0.000000 0.918378 0.000000 0.395704 0.478728 0.478728 0.478728
2850.967285 0.000000 724.489319 0.000000 0.991155 0.000000 0.132707 0.581060 0.581060 0.581060
2852.587646 0.000000 723.575928 0.000000 0.936847 0.000000 0.349739 0.500453 0.500453 0.500453
2859.340576 0.000000 726.415894 0.000000 0.991984 0.000000 0.126361 0.551604 0.551604 0.551604
2870.256104 0.000000 705.098999 0.000000 0.825852 0.000000 0.563886 0.371167 0.371167 0.371167
2863.549316 0.000000 734.579773 0.000000 0.980186 0.000000 0.198080 0.551016 0.551016 0.551016
2865.154053 0.000000 727.224609 0.000000 0.986662 0.000000 0.162785 0.579181 0.579181 0.579181
2850.981689 0.000000 707.004211 0.000000 0.915771 0.000000 0.401702 0.546129 0.546129 0.546129
2857.998291 0.000000 731.717896 0.000000 0.736259 0.000000 0.676700 0.504250 0.504250 0.504250
2850.475342 0.000000 725.283203 0.000000 0.857161 0.000000 0.515049 0.523005 0.523005 0.523005
2870.675293 0.000000 708.769348 0.000000 0.763219 0.000000 0.646139 0.390589 0.390589 0.390589
2866.600830 0.000000 728.832336 0.000000 0.994774 0.000000 0.102103 0.570584 0.570584 0.570584
2857.416992 0.000000 725.508240 0.000000 0.750567 0.000000 0.660794 0.336158 0.336158 0.336158
2870.284668 0.000000 704.012146 0.000000 0.847493 0.000000 0.530806 0.386267 0.386267 0.386267
2864.700439 0.000000 708.435852 0.000000 0.743218 0.000000 0.669049 0.381523 0.381523 0.381523
2858.907471 0.000000 725.194519 0.000000 0.855285 0.000000 0.518158 0.423762 0.423762 0.423762
2869.313232 0.000000 706.938538 0.000000 0.930128 0.000000 0.367236 0.456365 0.456365 0.456365
2860.885986 0.000000 729.472290 0.000000 0.926533 0.000000 0.376213 0.510447 0.510447 0.510447
2860.451660 0.000000 725.904846 0.000000 0.823830 0.000000 0.566837 0.415840 0.415840 0.415840
2860.918213 0.000000 727.536926 0.000000 0.959768 0.000000 0.280793 0.516437 0.516437 0.516437
2864.149902 0.000000 735.169434 0.000000 0.986607 0.000000 0.163114 0.561958 0.561958 0.561958
2872.214111 0.000000 705.803833 0.000000 0.918865 0.000000 0.394572 0.445072 0.445072 0.445072
2848.461426 0.000000 720.601807 0.000000 0.764316 0.000000 0.644841 0.332308 0.332308 0.332308
2869.882568 0.000000 710.746216 0.000000 0.908500 0.000000 0.417884 0.526381 0.526381 0.526381
2870.147217 0.000000 709.377441 0.000000 0.958750 0.000000 0.284251 0.514084 0.514084 0.514084
2864.433105 0.000000 709.761230 0.000000 0.976939 0.000000 0.213518 0.535859 0.535859 0.535859
2872.697266 0.000000 704.627625 0.000000 0.993450 0.000000 0.114266 0.556258 0.556258 0.556258
2832.859375 0.000000 748.441101 0.000000 0.873001 0.000000 0.487718 0.405395 0.405395 0.405395
2842.925293 0.000000 747.527283 0.000000 0.812395 0.000000 0.583107 0.504882 0.504882 0.504882
2834.049561 0.000000 747.464172 0.000000 0.957379 0.000000 0.288834 0.549526 0.549526 0.549526
2835.588867 0.000000 747.068848 0.000000 0.847499 0.000000 0.530796 0.503613 0.503613 0.503613
2843.496826 0.000000 746.732605 0.000000 0.767409 0.000000 0.641158 0.493658 0.493658 0.493658
2846.376465 0.000000 746.914612 0.000000 0.964662 0.000000 0.263492 0.562855 0.562855 0.562855
2850.270996 0.000000 746.231567 0.000000 0.991036 0.000000 0.133593 0.558051 0.558051 0.558051
2862.270020 0.000000 738.266418 0.000000 0.990312 0.000000 0.138858 0.572038 0.572038 0.572038
2852.507324 0.000000 749.492737 0.000000 0.995982 0.000000 0.089554 0.565747 0.565747 0.565747
2852.046875 0.000000 751.506409 0.000000 0.964914 0.000000 0.262565 0.582091 0.582091 0.582091
2855.097412 0.000000 747.986816 0.000000 0.778274 0.000000 0.627925 0.517630 0.517630 0.517630
2850.510254 0.000000 750.566589 0.000000 0.875448 0.000000 0.483313 0.446612 0.446612 0.446612
2853.753174 0.000000 746.795166 0.000000 0.914300 0.000000 0.405038 0.467571 0.467571 0.467571
2853.750977 0.000000 748.250244 0.000000 0.896531 0.000000 0.442980 0.424705 0.424705 0.424705
2853.322510 0.000000 749.675964 0.000000 0.845502 0.000000 0.533973 0.384838 0.384838 0.384838
2853.172363 0.000000 747.415100 0.000000 0.773858 0.000000 0.633359 0.382189 0.382189 0.382189
2852.133545 0.000000 748.812744 0.000000 0.844521 0.000000 0.535522 0.384138 0.384138 0.384138
2851.340576 0.000000 751.897949 0.000000 0.941193 0.000000 0.337869 0.495199 0.495199 0.495199
2853.336914 0.000000 746.073914 0.000000 0.962456 0.000000 0.271439 0.512707 0.512707 0.512707
2911.088135 0.000000 727.075378 0.000000 0.801720 0.000000 0.597699 0.355298 0.355298 0.355298
2904.009277 0.000000 725.903137 0.000000 0.827599 0.000000 0.561319 0.386637 0.386637 0.386637
2911.096680 0.000000 724.986572 0.000000 0.861988 0.000000 0.506928 0.396937 0.396937 0.396937
2901.155518 0.000000 724.864807 0.000000 0.926701 0.000000 0.375798 0.506512 0.506512 0.506512
2908.378906 0.000000 725.288635 0.000000 0.973817 0.000000 0.227333 0.512399 0.512399 0.512399
2913.915527 0.000000 722.667053 0.000000 0.793200 0.000000 0.608961 0.544096 0.544096 0.544096
2911.306641 0.000000 723.051514 0.000000 0.886484 0.000000 0.462759 0.543068 0.543068 0.543068
2913.923584 0.000000 724.487732 0.000000 0.930502 0.000000 0.366287 0.456755 0.456755 0.456755
2913.993652 0.000000 728.796509 0.000000 0.926107 0.000000 0.377262 0.452239 0.452239 0.452239
2916.869873 0.000000 727.977539 0.000000 0.886456 0.000000 0.462813 0.416208 0.416208 0.416208
2914.547607 0.000000 731.575134 0.000000 0.892775 0.000000 0.450504 0.511097 0.511097 0.511097
2915.219238 0.000000 722.149353 0.000000 0.975110 0.000000 0.221723 0.580575 0.580575 0.580575
2915.168457 0.000000 729.862061 0.000000 0.924726 0.000000 0.380635 0.450847 0.450847 0.450847
2919.079346 0.000000 731.797241 0.000000 0.881201 0.000000 0.472742 0.504852 0.504852 0.504852
2917.659912 0.000000 732.765930 0.000000 0.871911 0.000000 0.489664 0.487325 0.487325 0.487325
2915.867676 0.000000 730.266785 0.000000 0.953999 0.000000 0.299810 0.542074 0.542074 0.542074
2924.771973 0.000000 756.537720 0.000000 0.958834 0.000000 0.283966 0.590943 0.590943 0.590943
2932.592041 0.000000 759.551819 0.000000 0.880015 0.000000 0.474945 0.439873 0.439873 0.439873
2934.573730 0.000000 744.302612 0.000000 0.986871 0.000000 0.161513 0.596841 0.596841 0.596841
2928.835938 0.000000 748.441101 0.000000 0.981389 0.000000 0.192031 0.526191 0.526191 0.526191
2940.121094 0.000000 759.481934 0.000000 0.873966 0.000000 0.485988 0.406152 0.406152 0.406152
2931.867188 0.000000 750.713379 0.000000 0.942051 0.000000 0.335470 0.469326 0.469326 0.469326
2931.967285 0.000000 757.396667 0.000000 0.807547 0.000000 0.589804 0.359046 0.359046 0.359046
2943.080322 0.000000 759.059753 0.000000 0.876387 0.000000 0.481607 0.454731 0.454731 0.454731
2927.829834 0.000000 751.765564 0.000000 0.863913 0.000000 0.503640 0.412624 0.412624 0.412624
2929.931641 0.000000 750.156128 0.000000 0.953297 0.000000 0.302035 0.482801 0.482801 0.482801
2926.334717 0.000000 755.421448 0.000000 0.842651 0.000000 0.538461 0.382807 0.382807 0.382807
2936.001465 0.000000 757.887512 0.000000 0.876188 0.000000 0.481970 0.407906 0.407906 0.407906
2924.953369 0.000000 741.584045 0.000000 0.988936 0.000000 0.148344 0.573013 0.573013 0.573013
2928.292725 0.000000 750.219666 0.000000 0.980384 0.000000 0.197099 0.524218 0.524218 0.524218
2922.680908 0.000000 745.717896 0.000000 0.758960 0.000000 0.651137 0.329151 0.329151 0.329151
2924.174072 0.000000 742.993408 0.000000 0.824438 0.000000 0.565952 0.392739 0.392739 0.392739
2925.219727 0.000000 753.227051 0.000000 0.886885 0.000000 0.461990 0.416563 0.416563 0.416563
2925.646240 0.000000 748.832458 0.000000 0.813232 0.000000 0.581939 0.403690 0.403690 0.403690
2940.902832 0.000000 761.176147 0.000000 0.774462 0.000000 0.632620 0.535363 0.535363 0.535363
2932.657959 0.000000 747.981995 0.000000 0.914022 0.000000 0.405664 0.440449 0.440449 0.440449
2940.677734 0.000000 756.365417 0.000000 0.774794 0.000000 0.632213 0.338576 0.338576 0.338576
2929.517090 0.000000 755.508362 0.000000 0.994027 0.000000 0.109138 0.558229 0.558229 0.558229
2936.721191 0.000000 759.758789 0.000000 0.950331 0.000000 0.311241 0.479106 0.479106 0.479106
2929.130615 0.000000 751.196167 0.000000 0.987728 0.000000 0.156183 0.540097 0.540097 0.540097
2926.002441 0.000000 756.658142 0.000000 0.980241 0.000000 0.197809 0.549294 0.549294 0.549294
2921.563965 0.000000 751.598083 0.000000 0.911538 0.000000 0.411215 0.541598 0.541598 0.541598
2931.048340 0.000000 749.650269 0.000000 0.912142 0.000000 0.409875 0.438687 0.438687 0.438687
2935.572266 0.000000 750.928955 0.000000 0.928159 0.000000 0.372185 0.454331 0.454331 0.454331
2924.651611 0.000000 740.403076 0.000000 0.891996 0.000000 0.452043 0.514984 0.514984 0.514984
2930.835205 0.000000 757.533875 0.000000 0.875374 0.000000 0.483446 0.407262 0.407262 0.407262
2927.666016 0.000000 757.136353 0.000000 0.975831 0.000000 0.218526 0.543900 0.543900 0.543900
2938.253662 0.000000 753.912842 0.000000 0.949877 0.000000 0.312625 0.501411 0.501411 0.501411
2934.182861 0.000000 754.925720 0.000000 0.961198 0.000000 0.275858 0.493246 0.493246 0.493246
2939.171875 0.000000 750.651489 0.000000 0.963824 0.000000 0.266538 0.496944 0.496944 0.496944
2936.584717 0.000000 748.809692 0.000000 0.765944 0.000000 0.642907 0.333274 0.333274 0.333274
2936.745850 0.000000 753.008118 0.000000 0.917920 0.000000 0.396765 0.480217 0.480217 0.480217
2929.081055 0.000000 749.493896 0.000000 0.985975 0.000000 0.166895 0.535951 0.535951 0.535951
2930.939941 0.000000 756.407837 0.000000 0.978319 0.000000 0.207105 0.520315 0.520315 0.520315
2936.372314 0.000000 746.059021 0.000000 0.887575 0.000000 0.460662 0.463030 0.463030 0.463030
2941.701904 0.000000 756.463501 0.000000 0.736507 0.000000 0.676430 0.316231 0.316231 0.316231
2936.136719 0.000000 758.892639 0.000000 0.847476 0.000000 0.530833 0.386255 0.386255 0.386255
2919.501221 0.000000 736.509949 0.000000 0.994707 0.000000 0.102750 0.580727 0.580727 0.580727
2920.866943 0.000000 741.309631 0.000000 0.975726 0.000000 0.218995 0.515667 0.515667 0.515667
2920.457031 0.000000 737.126709 0.000000 0.853088 0.000000 0.521767 0.390328 0.390328 0.390328
2940.371094 0.000000 757.273010 0.000000 0.865568 0.000000 0.500791 0.399651 0.399651 0.399651
2925.476074 0.000000 755.821167 0.000000 0.908040 0.000000 0.418884 0.522956 0.522956 0.522956
2920.522705 0.000000 747.023010 0.000000 0.785565 0.000000 0.618779 0.345153 0.345153 0.345153
2930.070312 0.000000 759.547791 0.000000 0.992044 0.000000 0.125891 0.566911 0.566911 0.566911
2924.282227 0.000000 748.614197 0.000000 0.782057 0.000000 0.623208 0.387341 0.387341 0.387341
2920.182373 0.000000 748.514465 0.000000 0.951559 0.000000 0.307466 0.513393 0.513393 0.513393
2918.697754 0.000000 737.418640 0.000000 0.925513 0.000000 0.378716 0.527274 0.527274 0.527274
2931.684082 0.000000 753.739319 0.000000 0.904730 0.000000 0.425985 0.431913 0.431913 0.431913
2922.679443 0.000000 741.804932 0.000000 0.835815 0.000000 0.549011 0.378005 0.378005 0.378005
2932.100830 0.000000 755.207458 0.000000 0.930532 0.000000 0.366210 0.456786 0.456786 0.456786
2937.716309 0.000000 747.335083 0.000000 0.792380 0.000000 0.610028 0.412288 0.412288 0.412288
2929.024414 0.000000 747.223022 0.000000 0.830397 0.000000 0.557173 0.410558 0.410558 0.410558
2921.308350 0.000000 739.274841 0.000000 0.754082 0.000000 0.656781 0.326301 0.326301 0.326301
2922.476074 0.000000 744.879944 0.000000 0.884022 0.000000 0.467445 0.414210 0.414210 0.414210
2924.611572 0.000000 752.505127 0.000000 0.934114 0.000000 0.356975 0.460570 0.460570 0.460570
2925.287842 0.000000 749.623840 0.000000 0.797954 0.000000 0.602718 0.395538 0.395538 0.395538
2933.133545 0.000000 748.738831 0.000000 0.830170 0.000000 0.557511 0.374108 0.374108 0.374108
2931.335449 0.000000 746.228699 0.000000 0.966924 0.000000 0.255066 0.501484 0.501484 0.501484
2922.187256 0.000000 743.504639 0.000000 0.739213 0.000000 0.673472 0.317763 0.317763 0.317763
2926.837646 0.000000 751.986511 0.000000 0.774730 0.000000 0.632292 0.356993 0.356993 0.356993
2923.208252 0.000000 747.475403 0.000000 0.797209 0.000000 0.603703 0.479613 0.479613 0.479613
2937.834961 0.000000 755.929749 0.000000 0.917442 0.000000 0.397871 0.443699 0.443699 0.443699
2931.994873 0.000000 748.789124 0.000000 0.979630 0.000000 0.200810 0.522771 0.522771 0.522771
2941.624268 0.000000 755.657654 0.000000 0.912138 0.000000 0.409882 0.438684 0.438684 0.438684
2938.832275 0.000000 755.629700 0.000000 0.775220 0.000000 0.631692 0.338833 0.338833 0.338833
2928.211914 0.000000 751.040100 0.000000 0.857378 0.000000 0.514687 0.393490 0.393490 0.393490
2937.520264 0.000000 753.342712 0.000000 0.949364 0.000000 0.314177 0.506170 0.506170 0.506170
2936.290527 0.000000 757.096680 0.000000 0.808017 0.000000 0.589159 0.359351 0.359351 0.359351
2932.102051 0.000000 746.424011 0.000000 0.940768 0.000000 0.339050 0.467873 0.467873 0.467873
2926.609375 0.000000 748.016602 0.000000 0.938232 0.000000 0.346008 0.512147 0.512147 0.512147
2926.824951 0.000000 743.395996 0.000000 0.944575 0.000000 0.328295 0.519330 0.519330 0.519330
2925.696045 0.000000 751.236694 0.000000 0.982978 0.000000 0.183726 0.529421 0.529421 0.529421
2924.801758 0.000000 751.008362 0.000000 0.946120 0.000000 0.323816 0.474041 0.474041 0.474041
2939.994629 0.000000 753.408203 0.000000 0.822161 0.000000 0.569256 0.412221 0.412221 0.412221
2940.735107 0.000000 750.754333 0.000000 0.986431 0.000000 0.164175 0.537004 0.537004 0.537004
2920.176270 0.000000 745.023499 0.000000 0.781299 0.000000 0.624157 0.342531 0.342531 0.342531
2951.500732 0.000000 694.344971 0.000000 0.977926 0.000000 0.208953 0.580450 0.580450 0.580450
2970.038574 0.000000 686.778748 0.000000 0.866388 0.000000 0.499372 0.400277 0.400277 0.400277
2972.113281 0.000000 695.513184 0.000000 0.994908 0.000000 0.100791 0.584574 0.584574 0.584574
2963.859375 0.000000 686.744629 0.000000 0.937665 0.000000 0.347539 0.506955 0.506955 0.506955
2963.987061 0.000000 688.883423 0.000000 0.861884 0.000000 0.507105 0.550609 0.550609 0.550609
2960.284912 0.000000 686.250916 0.000000 0.817988 0.000000 0.575235 0.537571 0.537571 0.537571
2951.688232 0.000000 695.942078 0.000000 0.991190 0.000000 0.132445 0.587663 0.587663 0.587663
2950.332764 0.000000 693.327026 0.000000 0.959228 0.000000 0.282632 0.580685 0.580685 0.580685
2955.407471 0.000000 684.331909 0.000000 0.996199 0.000000 0.087101 0.589680 0.589680 0.589680
2975.251465 0.000000 682.610718 0.000000 0.952276 0.000000 0.305237 0.577697 0.577697 0.577697
2961.122803 0.000000 687.227417 0.000000 0.957304 0.000000 0.289084 0.570128 0.570128 0.570128
2972.016846 0.000000 690.244751 0.000000 0.960307 0.000000 0.278945 0.545374 0.545374 0.545374
2955.968994 0.000000 691.721985 0.000000 0.833573 0.000000 0.552409 0.550030 0.550030 0.550030
2968.576904 0.000000 684.840942 0.000000 0.834400 0.000000 0.551160 0.539665 0.539665 0.539665
2974.680176 0.000000 694.057861 0.000000 0.937090 0.000000 0.349088 0.543913 0.543913 0.543913
2964.982178 0.000000 689.269958 0.000000 0.964502 0.000000 0.264075 0.549561 0.549561 0.549561
2974.914307 0.000000 687.452087 0.000000 0.929513 0.000000 0.368790 0.455727 0.455727 0.455727
2971.807129 0.000000 688.503418 0.000000 0.791541 0.000000 0.611116 0.373486 0.373486 0.373486
2970.336914 0.000000 685.898071 0.000000 0.951246 0.000000 0.308432 0.480235 0.480235 0.480235
2954.884033 0.000000 693.210144 0.000000 0.990187 0.000000 0.139748 0.556946 0.556946 0.556946
2974.259033 0.000000 693.225830 0.000000 0.936468 0.000000 0.350753 0.516793 0.516793 0.516793
2973.616455 0.000000 691.688904 0.000000 0.980341 0.000000 0.197311 0.561621 0.561621 0.561621
2960.550781 0.000000 695.902222 0.000000 0.931367 0.000000 0.364081 0.458776 0.458776 0.458776
2974.896484 0.000000 688.261597 0.000000 0.779259 0.000000 0.626702 0.341285 0.341285 0.341285
2959.560791 0.000000 685.907349 0.000000 0.982322 0.000000 0.187199 0.556278 0.556278 0.556278
2971.743408 0.000000 687.293701 0.000000 0.978161 0.000000 0.207849 0.520024 0.520024 0.520024
2971.986816 0.000000 689.439453 0.000000 0.862036 0.000000 0.506847 0.416878 0.416878 0.416878
2971.419189 0.000000 685.961060 0.000000 0.900993 0.000000 0.433834 0.428592 0.428592 0.428592
2970.110107 0.000000 685.137573 0.000000 0.815901 0.000000 0.578192 0.364510 0.364510 0.364510
2968.344238 0.000000 689.692627 0.000000 0.928447 0.000000 0.371464 0.454627 0.454627 0.454627
2987.781250 0.000000 682.834106 0.000000 0.935529 0.000000 0.353250 0.473990 0.473990 0.473990
2977.729248 0.000000 698.375610 0.000000 0.820611 0.000000 0.571488 0.507967 0.507967 0.507967
2982.956787 0.000000 691.996277 0.000000 0.828876 0.000000 0.559432 0.519961 0.519961 0.519961
2981.073242 0.000000 692.456665 0.000000 0.859727 0.000000 0.510754 0.473932 0.473932 0.473932
2983.163818 0.000000 690.115906 0.000000 0.942449 0.000000 0.334350 0.554040 0.554040 0.554040
2981.164551 0.000000 688.250732 0.000000 0.961957 0.000000 0.273202 0.494301 0.494301 0.494301
2975.404297 0.000000 685.613647 0.000000 0.921108 0.000000 0.389307 0.468821 0.468821 0.468821
2976.643555 0.000000 691.684753 0.000000 0.941357 0.000000 0.337413 0.468538 0.468538 0.468538
2981.163330 0.000000 680.906433 0.000000 0.943093 0.000000 0.332528 0.571057 0.571057 0.571057
2986.400635 0.000000 683.228394 0.000000 0.768261 0.000000 0.640136 0.357546 0.357546 0.357546
2978.531982 0.000000 699.590759 0.000000 0.737168 0.000000 0.675710 0.336609 0.336609 0.336609
2977.219482 0.000000 699.583435 0.000000 0.995358 0.000000 0.096239 0.585417 0.585417 0.585417
2990.853271 0.000000 682.470703 0.000000 0.815842 0.000000 0.578275 0.551971 0.551971 0.551971
2975.661377 0.000000 695.919128 0.000000 0.983482 0.000000 0.181008 0.571373 0.571373 0.571373
2977.043701 0.000000 689.161682 0.000000 0.855094 0.000000 0.518474 0.391800 0.391800 0.391800
2978.936035 0.000000 692.504944 0.000000 0.791943 0.000000 0.610595 0.403229 0.403229 0.403229
2976.990723 0.000000 690.820251 0.000000 0.966515 0.000000 0.256609 0.500874 0.500874 0.500874
2978.563477 0.000000 683.134949 0.000000 0.903994 0.000000 0.427544 0.519929 0.519929 0.519929
2984.166748 0.000000 684.545715 0.000000 0.866799 0.000000 0.498658 0.476445 0.476445 0.476445
2981.609131 0.000000 695.348511 0.000000 0.987804 0.000000 0.155702 0.566746 0.566746 0.566746
2978.444092 0.000000 693.298828 0.000000 0.742176 0.000000 0.670205 0.379959 0.379959 0.379959
2975.896973 0.000000 684.864929 0.000000 0.970542 0.000000 0.240930 0.520178 0.520178 0.520178
2978.179443 0.000000 694.895813 0.000000 0.893317 0.000000 0.449427 0.421954 0.421954 0.421954
2986.966797 0.000000 682.560974 0.000000 0.803290 0.000000 0.595588 0.377328 0.377328 0.377328
2981.537598 0.000000 693.133118 0.000000 0.943510 0.000000 0.331344 0.520575 0.520575 0.520575
2976.191650 0.000000 697.697510 0.000000 0.926463 0.000000 0.376385 0.530057 0.530057 0.530057
2978.412842 0.000000 690.072205 0.000000 0.990748 0.000000 0.135716 0.563702 0.563702 0.563702
2972.113281 0.000000 727.497559 0.000000 0.904735 0.000000 0.425976 0.565065 0.565065 0.565065
2970.273438 0.000000 734.681885 0.000000 0.925562 0.000000 0.378596 0.542420 0.542420 0.542420
2973.602783 0.000000 727.874146 0.000000 0.932584 0.000000 0.360953 0.570682 0.570682 0.570682
2972.582275 0.000000 732.900757 0.000000 0.960818 0.000000 0.277181 0.492720 0.492720 0.492720
2974.680176 0.000000 726.042236 0.000000 0.835101 0.000000 0.550096 0.398450 0.398450 0.398450
2972.331055 0.000000 733.859436 0.000000 0.993089 0.000000 0.117362 0.555068 0.555068 0.555068
2971.154785 0.000000 735.107178 0.000000 0.777685 0.000000 0.628654 0.499186 0.499186 0.499186
2973.603271 0.000000 733.071960 0.000000 0.994091 0.000000 0.108547 0.558456 0.558456 0.558456
2973.567383 0.000000 729.821228 0.000000 0.983169 0.000000 0.182701 0.568350 0.568350 0.568350
2973.053955 0.000000 732.208130 0.000000 0.926868 0.000000 0.375388 0.453011 0.453011 0.453011
2978.531982 0.000000 731.575134 0.000000 0.742356 0.000000 0.670006 0.476822 0.476822 0.476822
2977.219482 0.000000 731.567810 0.000000 0.852120 0.000000 0.523346 0.467997 0.467997 0.467997
2976.105713 0.000000 735.074890 0.000000 0.991762 0.000000 0.128097 0.550936 0.550936 0.550936
2975.305908 0.000000 730.995544 0.000000 0.987103 0.000000 0.160084 0.538588 0.538588 0.538588
2977.924072 0.000000 733.908630 0.000000 0.819784 0.000000 0.572673 0.382615 0.382615 0.382615
2978.875488 0.000000 732.608582 0.000000 0.963451 0.000000 0.267884 0.547190 0.547190 0.547190
2975.293701 0.000000 735.092407 0.000000 0.752914 0.000000 0.658119 0.325623 0.325623 0.325623
2947.364502 0.000000 750.298340 0.000000 0.863256 0.000000 0.504766 0.448619 0.448619 0.448619
2951.500732 0.000000 758.313721 0.000000 0.874667 0.000000 0.484725 0.595452 0.595452 0.595452
2970.964600 0.000000 745.902039 0.000000 0.940202 0.000000 0.340617 0.467237 0.467237 0.467237
2969.720947 0.000000 739.289795 0.000000 0.850739 0.000000 0.525589 0.550262 0.550262 0.550262
2947.409668 0.000000 757.381042 0.000000 0.943534 0.000000 0.331277 0.471025 0.471025 0.471025
2972.430176 0.000000 751.630432 0.000000 0.833627 0.000000 0.552328 0.376488 0.376488 0.376488
2947.364502 0.000000 752.727356 0.000000 0.903984 0.000000 0.427565 0.433893 0.433893 0.433893
2950.964600 0.000000 755.965027 0.000000 0.924709 0.000000 0.380675 0.549692 0.549692 0.549692
2949.583740 0.000000 750.453003 0.000000 0.772215 0.000000 0.635361 0.478308 0.478308 0.478308
2974.285889 0.000000 750.586792 0.000000 0.934388 0.000000 0.356256 0.460864 0.460864 0.460864
2972.870605 0.000000 763.414368 0.000000 0.777398 0.000000 0.629010 0.569430 0.569430 0.569430
2970.894043 0.000000 747.527283 0.000000 0.837567 0.000000 0.546334 0.379227 0.379227 0.379227
2943.412109 0.000000 749.582397 0.000000 0.985032 0.000000 0.172373 0.568341 0.568341 0.568341
2965.849121 0.000000 760.366455 0.000000 0.790338 0.000000 0.612672 0.416271 0.416271 0.416271
2968.713379 0.000000 759.758789 0.000000 0.843049 0.000000 0.537837 0.559170 0.559170 0.559170
2970.891357 0.000000 758.663391 0.000000 0.817592 0.000000 0.575798 0.524634 0.524634 0.524634
2950.190918 0.000000 754.918152 0.000000 0.957965 0.000000 0.286885 0.562516 0.562516 0.562516
2948.494873 0.000000 753.375671 0.000000 0.741551 0.000000 0.670896 0.432557 0.432557 0.432557
2973.573975 0.000000 741.836182 0.000000 0.928308 0.000000 0.371813 0.495571 0.495571 0.495571
2968.479248 0.000000 747.320557 0.000000 0.957544 0.000000 0.288286 0.488298 0.488298 0.488298
2968.793213 0.000000 750.941345 0.000000 0.986240 0.000000 0.165320 0.536561 0.536561 0.536561
2973.407959 0.000000 747.839722 0.000000 0.976714 0.000000 0.214546 0.517407 0.517407 0.517407
2974.822266 0.000000 754.504395 0.000000 0.805584 0.000000 0.592482 0.357778 0.357778 0.357778
2972.465576 0.000000 737.795715 0.000000 0.775886 0.000000 0.630873 0.339236 0.339236 0.339236
2975.026123 0.000000 760.190063 0.000000 0.735980 0.000000 0.677003 0.315934 0.315934 0.315934
2973.296143 0.000000 750.107544 0.000000 0.957566 0.000000 0.288213 0.488327 0.488327 0.488327
2971.164062 0.000000 750.651489 0.000000 0.981352 0.000000 0.192221 0.526117 0.526117 0.526117
2971.685303 0.000000 741.498596 0.000000 0.820023 0.000000 0.572331 0.367247 0.367247 0.367247
2973.397949 0.000000 751.171753 0.000000 0.827710 0.000000 0.561156 0.372428 0.372428 0.372428
2968.364502 0.000000 746.059021 0.000000 0.950025 0.000000 0.312173 0.478732 0.478732 0.478732
2973.434082 0.000000 737.051270 0.000000 0.790737 0.000000 0.612157 0.348363 0.348363 0.348363
2971.912109 0.000000 735.666260 0.000000 0.748287 0.000000 0.663375 0.492439 0.492439 0.492439
2974.914307 0.000000 751.420837 0.000000 0.965143 0.000000 0.261722 0.498852 0.498852 0.498852
2971.807129 0.000000 752.472168 0.000000 0.909177 0.000000 0.416411 0.548532 0.548532 0.548532
2948.561523 0.000000 750.522278 0.000000 0.910859 0.000000 0.412717 0.524802 0.524802 0.524802
2970.344482 0.000000 746.679688 0.000000 0.980886 0.000000 0.194582 0.525198 0.525198 0.525198
2964.210693 0.000000 758.595398 0.000000 0.975916 0.000000 0.218145 0.559153 0.559153 0.559153
2972.495361 0.000000 739.558289 0.000000 0.802327 0.000000 0.596884 0.355686 0.355686 0.355686
2946.442383 0.000000 752.419312 0.000000 0.829627 0.000000 0.558317 0.377286 0.377286 0.377286
2944.998535 0.000000 754.789001 0.000000 0.758111 0.000000 0.652125 0.355256 0.355256 0.355256
2949.175293 0.000000 751.269836 0.000000 0.989950 0.000000 0.141417 0.574920 0.574920 0.574920
2973.361816 0.000000 737.961914 0.000000 0.937895 0.000000 0.346919 0.464673 0.464673 0.464673
2974.418213 0.000000 744.731445 0.000000 0.969800 0.000000 0.243901 0.505888 0.505888 0.505888
2948.248779 0.000000 752.400513 0.000000 0.874300 0.000000 0.485385 0.484608 0.484608 0.484608
2946.451904 0.000000 757.267578 0.000000 0.954189 0.000000 0.299204 0.483935 0.483935 0.483935
2969.708496 0.000000 747.335083 0.000000 0.784069 0.000000 0.620674 0.344231 0.344231 0.344231
2943.904785 0.000000 748.833679 0.000000 0.847007 0.000000 0.531582 0.497576 0.497576 0.497576
2945.350586 0.000000 753.945557 0.000000 0.906712 0.000000 0.421751 0.466307 0.466307 0.466307
2971.380127 0.000000 762.662964 0.000000 0.874559 0.000000 0.484919 0.508239 0.508239 0.508239
2975.019287 0.000000 741.248230 0.000000 0.779487 0.000000 0.626419 0.341424 0.341424 0.341424
2973.589111 0.000000 760.692200 0.000000 0.932609 0.000000 0.360887 0.478879 0.478879 0.478879
2974.885986 0.000000 750.014465 0.000000 0.878485 0.000000 0.477770 0.409734 0.409734 0.409734
2974.913086 0.000000 735.853210 0.000000 0.901476 0.000000 0.432829 0.429018 0.429018 0.429018
2973.493652 0.000000 740.933044 0.000000 0.762020 0.000000 0.647554 0.406918 0.406918 0.406918
2973.993408 0.000000 739.440247 0.000000 0.773250 0.000000 0.634101 0.337644 0.337644 0.337644
2944.437988 0.000000 752.586182 0.000000 0.946808 0.000000 0.321799 0.499393 0.499393 0.499393
2972.143311 0.000000 746.319153 0.000000 0.769860 0.000000 0.638213 0.335609 0.335609 0.335609
2974.773926 0.000000 745.826782 0.000000 0.771517 0.000000 0.636209 0.336602 0.336602 0.336602
2968.992432 0.000000 752.252197 0.000000 0.956207 0.000000 0.292691 0.486539 0.486539 0.486539
2968.936279 0.000000 750.147278 0.000000 0.761183 0.000000 0.648538 0.330457 0.330457 0.330457
2966.790527 0.000000 756.693176 0.000000 0.904445 0.000000 0.426591 0.431657 0.431657 0.431657
2969.829102 0.000000 744.130005 0.000000 0.985543 0.000000 0.169424 0.534971 0.534971 0.534971
2972.082520 0.000000 740.289612 0.000000 0.897675 0.000000 0.440659 0.474910 0.474910 0.474910
2974.493164 0.000000 743.131714 0.000000 0.783215 0.000000 0.621752 0.343706 0.343706 0.343706
2971.743408 0.000000 751.262451 0.000000 0.780122 0.000000 0.625628 0.341811 0.341811 0.341811
2946.938721 0.000000 753.386597 0.000000 0.919552 0.000000 0.392967 0.448158 0.448158 0.448158
2947.712158 0.000000 753.541504 0.000000 0.959496 0.000000 0.281722 0.492624 0.492624 0.492624
2974.337646 0.000000 741.642456 0.000000 0.764652 0.000000 0.644444 0.332507 0.332507 0.332507
2946.420654 0.000000 754.040955 0.000000 0.986968 0.000000 0.160916 0.538266 0.538266 0.538266
2973.621826 0.000000 749.409546 0.000000 0.859362 0.000000 0.511367 0.394967 0.394967 0.394967
2968.344238 0.000000 753.661377 0.000000 0.899378 0.000000 0.437172 0.427176 0.427176 0.427176
2975.524414 0.000000 761.192444 0.000000 0.989343 0.000000 0.145605 0.544185 0.544185 0.544185
2985.084961 0.000000 754.744995 0.000000 0.919246 0.000000 0.393684 0.589696 0.589696 0.589696
2979.401855 0.000000 757.381042 0.000000 0.990079 0.000000 0.140514 0.546149 0.546149 0.546149
2984.312988 0.000000 761.856140 0.000000 0.931734 0.000000 0.363141 0.590536 0.590536 0.590536
2986.025391 0.000000 748.768494 0.000000 0.795231 0.000000 0.606307 0.439975 0.439975 0.439975
2980.858887 0.000000 748.172119 0.000000 0.882962 0.000000 0.469444 0.444088 0.444088 0.444088
2977.402344 0.000000 759.315002 0.000000 0.975580 0.000000 0.219645 0.515412 0.515412 0.515412
2988.398193 0.000000 758.827271 0.000000 0.930664 0.000000 0.365875 0.532670 0.532670 0.532670
2984.461670 0.000000 742.291687 0.000000 0.842873 0.000000 0.538113 0.508930 0.508930 0.508930
2989.628418 0.000000 764.979919 0.000000 0.984059 0.000000 0.177840 0.559828 0.559828 0.559828
2975.377686 0.000000 758.852234 0.000000 0.783593 0.000000 0.621274 0.343938 0.343938 0.343938
2977.907959 0.000000 756.472107 0.000000 0.766905 0.000000 0.641761 0.333845 0.333845 0.333845
2979.491943 0.000000 755.597961 0.000000 0.943894 0.000000 0.330248 0.471441 0.471441 0.471441
2977.018311 0.000000 766.282043 0.000000 0.947085 0.000000 0.320982 0.511895 0.511895 0.511895
2975.541748 0.000000 735.713745 0.000000 0.975994 0.000000 0.217796 0.516136 0.516136 0.516136
2977.978027 0.000000 760.780884 0.000000 0.988966 0.000000 0.148144 0.543204 0.543204 0.543204
2985.817383 0.000000 741.521606 0.000000 0.841895 0.000000 0.539641 0.511201 0.511201 0.511201
2981.959961 0.000000 749.052124 0.000000 0.930070 0.000000 0.367382 0.479972 0.479972 0.479972
2979.203613 0.000000 754.133728 0.000000 0.759504 0.000000 0.650503 0.329470 0.329470 0.329470
2978.144531 0.000000 753.316650 0.000000 0.894772 0.000000 0.446523 0.423195 0.423195 0.423195
2980.015625 0.000000 751.506409 0.000000 0.832270 0.000000 0.554370 0.424842 0.424842 0.424842
2977.219482 0.000000 763.552185 0.000000 0.947416 0.000000 0.320006 0.530226 0.530226 0.530226
2977.406006 0.000000 743.444519 0.000000 0.773904 0.000000 0.633302 0.338039 0.338039 0.338039
2986.826660 0.000000 744.033264 0.000000 0.996266 0.000000 0.086341 0.571123 0.571123 0.571123
2987.579346 0.000000 741.869019 0.000000 0.933471 0.000000 0.358653 0.493402 0.493402 0.493402
2975.349854 0.000000 756.382446 0.000000 0.899059 0.000000 0.437828 0.426898 0.426898 0.426898
2985.901611 0.000000 750.406738 0.000000 0.986513 0.000000 0.163685 0.541874 0.541874 0.541874
2975.444824 0.000000 746.738831 0.000000 0.947766 0.000000 0.318966 0.475997 0.475997 0.475997
2976.337158 0.000000 751.755554 0.000000 0.906425 0.000000 0.422366 0.433440 0.433440 0.433440
2988.451172 0.000000 764.634094 0.000000 0.834497 0.000000 0.551012 0.468877 0.468877 0.468877
2986.777832 0.000000 765.899902 0.000000 0.888270 0.000000 0.459322 0.512787 0.512787 0.512787
2979.053223 0.000000 740.379456 0.000000 0.984904 0.000000 0.173104 0.533544 0.533544 0.533544
2975.661377 0.000000 759.887878 0.000000 0.967372 0.000000 0.253360 0.502157 0.502157 0.502157
2986.216064 0.000000 760.161743 0.000000 0.834872 0.000000 0.550444 0.377350 0.377350 0.377350
2975.300293 0.000000 757.662964 0.000000 0.868365 0.000000 0.495925 0.401795 0.401795 0.401795
2987.290527 0.000000 762.948608 0.000000 0.775723 0.000000 0.631074 0.379034 0.379034 0.379034
2975.925293 0.000000 738.196899 0.000000 0.989747 0.000000 0.142830 0.545256 0.545256 0.545256
2977.282227 0.000000 757.263977 0.000000 0.877194 0.000000 0.480137 0.408704 0.408704 0.408704
2979.884277 0.000000 759.610840 0.000000 0.977272 0.000000 0.211987 0.518408 0.518408 0.518408
2980.216797 0.000000 743.280945 0.000000 0.888737 0.000000 0.458418 0.516540 0.516540 0.516540
2987.309326 0.000000 758.400269 0.000000 0.918740 0.000000 0.394863 0.503322 0.503322 0.503322
2980.865967 0.000000 739.295105 0.000000 0.756645 0.000000 0.653826 0.474039 0.474039 0.474039
2978.931885 0.000000 745.212830 0.000000 0.991355 0.000000 0.131211 0.549736 0.549736 0.549736
2977.220947 0.000000 739.473450 0.000000 0.984111 0.000000 0.177557 0.562566 0.562566 0.562566
2987.531250 0.000000 764.808167 0.000000 0.869404 0.000000 0.494101 0.505556 0.505556 0.505556
2988.035645 0.000000 761.102417 0.000000 0.904747 0.000000 0.425949 0.487952 0.487952 0.487952
2978.434570 0.000000 752.419312 0.000000 0.871153 0.000000 0.491012 0.403953 0.403953 0.403953
2976.990723 0.000000 754.789001 0.000000 0.910509 0.000000 0.413489 0.437172 0.437172 0.437172
2986.663818 0.000000 741.804932 0.000000 0.970857 0.000000 0.239659 0.529671 0.529671 0.529671
2987.898438 0.000000 738.427490 0.000000 0.896712 0.000000 0.442614 0.431729 0.431729 0.431729
2975.570557 0.000000 745.757629 0.000000 0.892380 0.000000 0.451285 0.421159 0.421159 0.421159
2989.249756 0.000000 764.167969 0.000000 0.934873 0.000000 0.354982 0.518461 0.518461 0.518461
2976.287598 0.000000 749.617920 0.000000 0.774590 0.000000 0.632463 0.338453 0.338453 0.338453
2975.896973 0.000000 748.833679 0.000000 0.964615 0.000000 0.263661 0.498084 0.498084 0.498084
2975.769043 0.000000 750.389282 0.000000 0.828285 0.000000 0.560307 0.372820 0.372820 0.372820
2976.135498 0.000000 754.852661 0.000000 0.987811 0.000000 0.155656 0.540301 0.540301 0.540301
2979.780518 0.000000 739.924377 0.000000 0.939561 0.000000 0.342381 0.466520 0.466520 0.466520
2976.763916 0.000000 744.017639 0.000000 0.854744 0.000000 0.519049 0.391543 0.391543 0.391543
2975.319824 0.000000 744.008301 0.000000 0.812065 0.000000 0.583566 0.361988 0.361988 0.361988
2979.113525 0.000000 746.480591 0.000000 0.762075 0.000000 0.647489 0.330983 0.330983 0.330983
2975.930420 0.000000 758.215088 0.000000 0.818799 0.000000 0.574081 0.366432 0.366432 0.366432
2978.741211 0.000000 767.150208 0.000000 0.972493 0.000000 0.232930 0.533092 0.533092 0.533092
2978.822754 0.000000 760.953247 0.000000 0.962786 0.000000 0.270265 0.510634 0.510634 0.510634
2976.310791 0.000000 748.134766 0.000000 0.992475 0.000000 0.122445 0.553112 0.553112 0.553112
2975.472168 0.000000 762.084595 0.000000 0.807087 0.000000 0.590433 0.394700 0.394700 0.394700
2989.277344 0.000000 747.205383 0.000000 0.874953 0.000000 0.484208 0.416772 0.416772 0.416772
2976.706055 0.000000 764.199402 0.000000 0.926625 0.000000 0.375986 0.452765 0.452765 0.452765
2977.004395 0.000000 762.713440 0.000000 0.928173 0.000000 0.372148 0.518319 0.518319 0.518319
2979.852051 0.000000 762.251160 0.000000 0.948191 0.000000 0.317701 0.482803 0.482803 0.482803
2976.191650 0.000000 761.666260 0.000000 0.972359 0.000000 0.233492 0.509982 0.509982 0.509982
2986.709961 0.000000 749.142700 0.000000 0.987324 0.000000 0.158720 0.560843 0.560843 0.560843
2986.177734 0.000000 761.970093 0.000000 0.807107 0.000000 0.590406 0.358761 0.358761 0.358761
2980.102295 0.000000 748.812744 0.000000 0.976917 0.000000 0.213620 0.531313 0.531313 0.531313
2979.309326 0.000000 751.897949 0.000000 0.854746 0.000000 0.519046 0.391545 0.391545 0.391545
2976.052002 0.000000 753.371460 0.000000 0.917042 0.000000 0.398790 0.443316 0.443316 0.443316
2977.360107 0.000000 768.249878 0.000000 0.797879 0.000000 0.602818 0.529248 0.529248 0.529248
2984.039307 0.000000 767.626099 0.000000 0.943642 0.000000 0.330967 0.552502 0.552502 0.552502
2987.579346 0.000000 773.853394 0.000000 0.766002 0.000000 0.642838 0.493323 0.493323 0.493323
2977.523926 0.000000 769.505676 0.000000 0.907071 0.000000 0.420978 0.552485 0.552485 0.552485
2976.293701 0.000000 768.493713 0.000000 0.802067 0.000000 0.597235 0.530011 0.530011 0.530011
2986.290283 0.000000 772.607910 0.000000 0.857905 0.000000 0.513808 0.517552 0.517552 0.517552
2986.280273 0.000000 769.777588 0.000000 0.801499 0.000000 0.597996 0.473258 0.473258 0.473258
2979.780518 0.000000 771.908752 0.000000 0.882065 0.000000 0.471127 0.519903 0.519903 0.519903
2976.677490 0.000000 767.739868 0.000000 0.852652 0.000000 0.522479 0.451771 0.451771 0.451771
"}
object={
	name="cerulean_grass_01_generator_1_2"
	render_pass=Map
	clamp_to_water_level=no
	generated_content=yes
	layer="grass_layer"
	pdxmesh="cerulean_grass_01_tall_grass_mesh"
	count=2890
	transform="2779.645508 0.000000 569.904846 0.000000 0.776315 0.000000 -0.630346 0.612259 0.612259 0.612259
2781.600586 0.000000 574.087341 0.000000 0.236364 0.000000 -0.971665 0.693789 0.693789 0.693789
2781.553955 0.000000 565.633301 0.000000 0.610114 0.000000 -0.792314 0.804129 0.804129 0.804129
2783.004395 0.000000 571.762329 0.000000 0.262194 0.000000 -0.965015 0.844444 0.844444 0.844444
2780.160156 0.000000 567.575684 0.000000 0.807543 0.000000 -0.589808 0.693548 0.693548 0.693548
2779.469482 0.000000 565.607605 0.000000 0.738312 0.000000 -0.674460 0.676508 0.676508 0.676508
2782.118652 0.000000 560.270630 0.000000 0.477172 0.000000 -0.878810 0.720587 0.720587 0.720587
2781.121826 0.000000 563.078918 0.000000 0.786086 0.000000 -0.618117 0.741736 0.741736 0.741736
2778.211182 0.000000 563.241333 0.000000 0.975618 0.000000 -0.219478 0.611601 0.611601 0.611601
2780.629150 0.000000 572.978882 0.000000 0.112624 0.000000 -0.993638 0.835859 0.835859 0.835859
2782.114014 0.000000 570.686096 0.000000 0.999852 0.000000 0.017202 0.596779 0.596779 0.596779
2783.127930 0.000000 565.064697 0.000000 0.728417 0.000000 -0.685134 0.652008 0.652008 0.652008
2782.559082 0.000000 573.066895 0.000000 0.240241 0.000000 -0.970713 0.898428 0.898428 0.898428
2782.617432 0.000000 575.085449 0.000000 0.313981 0.000000 -0.949429 0.879305 0.879305 0.879305
2782.869141 0.000000 562.598145 0.000000 0.257662 0.000000 -0.966235 0.721680 0.721680 0.721680
2783.072998 0.000000 568.283813 0.000000 0.995811 0.000000 -0.091440 0.609327 0.609327 0.609327
2781.033691 0.000000 562.019775 0.000000 0.034166 0.000000 -0.999416 0.926849 0.926849 0.926849
2780.410156 0.000000 565.366760 0.000000 0.801938 0.000000 -0.597408 0.742902 0.742902 0.742902
2781.024170 0.000000 567.231201 0.000000 0.994415 0.000000 -0.105540 0.615680 0.615680 0.615680
2781.650146 0.000000 573.150085 0.000000 0.999986 0.000000 -0.005218 0.600844 0.600844 0.600844
2780.270508 0.000000 572.194946 0.000000 0.147400 0.000000 -0.989077 0.830185 0.830185 0.830185
2781.635986 0.000000 568.785950 0.000000 0.278704 0.000000 -0.960377 0.841233 0.841233 0.841233
2780.470947 0.000000 563.502502 0.000000 0.992927 0.000000 -0.118729 0.625314 0.625314 0.625314
2793.802002 0.000000 573.250305 0.000000 0.999870 0.000000 0.016154 0.593854 0.593854 0.593854
2784.308594 0.000000 565.234314 0.000000 0.467276 0.000000 -0.884112 0.668235 0.668235 0.668235
2810.844482 0.000000 544.110596 0.000000 0.869940 0.000000 -0.493157 0.606953 0.606953 0.606953
2787.403564 0.000000 558.392090 0.000000 0.995044 0.000000 -0.099433 0.606564 0.606564 0.606564
2813.592773 0.000000 574.087341 0.000000 0.774310 0.000000 -0.632806 0.676975 0.676975 0.676975
2808.499268 0.000000 573.923279 0.000000 0.730016 0.000000 -0.683430 0.704822 0.704822 0.704822
2793.140381 0.000000 548.243530 0.000000 0.542057 0.000000 -0.840342 0.710615 0.710615 0.710615
2808.197754 0.000000 550.472229 0.000000 0.637900 0.000000 -0.770119 0.642135 0.642135 0.642135
2787.722900 0.000000 553.894775 0.000000 0.445820 0.000000 -0.895122 0.724557 0.724557 0.724557
2801.081055 0.000000 549.304016 0.000000 0.999500 0.000000 -0.031604 0.607102 0.607102 0.607102
2797.706543 0.000000 551.386597 0.000000 0.887501 0.000000 -0.460805 0.654519 0.654519 0.654519
2787.448730 0.000000 565.474792 0.000000 0.643615 0.000000 -0.765349 0.724029 0.724029 0.724029
2783.371826 0.000000 574.262756 0.000000 0.843229 0.000000 -0.537554 0.726669 0.726669 0.726669
2792.359863 0.000000 569.949890 0.000000 0.764003 0.000000 -0.645213 0.663030 0.663030 0.663030
2785.946777 0.000000 562.745178 0.000000 0.223220 0.000000 -0.974768 0.630236 0.630236 0.630236
2800.445312 0.000000 574.301514 0.000000 0.977313 0.000000 -0.211802 0.669692 0.669692 0.669692
2789.250732 0.000000 551.445435 0.000000 0.557594 0.000000 -0.830113 0.710020 0.710020 0.710020
2796.170898 0.000000 571.623413 0.000000 0.305012 0.000000 -0.952348 0.751092 0.751092 0.751092
2811.144775 0.000000 572.602539 0.000000 0.607831 0.000000 -0.794066 0.726436 0.726436 0.726436
2795.061523 0.000000 546.383606 0.000000 0.742379 0.000000 -0.669980 0.682481 0.682481 0.682481
2786.000977 0.000000 555.893555 0.000000 0.226190 0.000000 -0.974083 0.750838 0.750838 0.750838
2790.691162 0.000000 549.314087 0.000000 0.486555 0.000000 -0.873650 0.719383 0.719383 0.719383
2788.905762 0.000000 556.265869 0.000000 0.300643 0.000000 -0.953737 0.742164 0.742164 0.742164
2807.245117 0.000000 548.168884 0.000000 0.854816 0.000000 -0.518931 0.661295 0.661295 0.661295
2802.311279 0.000000 572.437805 0.000000 0.429696 0.000000 -0.902973 0.878458 0.878458 0.878458
2790.311523 0.000000 568.557800 0.000000 0.100787 0.000000 -0.994908 0.906038 0.906038 0.906038
2810.374268 0.000000 551.623596 0.000000 0.997984 0.000000 0.063464 0.596671 0.596671 0.596671
2799.667480 0.000000 546.754578 0.000000 0.513024 0.000000 -0.858374 0.831900 0.831900 0.831900
2783.337891 0.000000 563.129639 0.000000 0.996952 0.000000 -0.078017 0.607253 0.607253 0.607253
2814.324463 0.000000 548.867493 0.000000 0.720489 0.000000 -0.693466 0.741185 0.741185 0.741185
2787.950439 0.000000 571.140808 0.000000 0.178790 0.000000 -0.983887 0.916719 0.916719 0.916719
2798.858643 0.000000 549.437683 0.000000 0.948898 0.000000 -0.315584 0.672141 0.672141 0.672141
2814.207764 0.000000 551.966003 0.000000 0.601779 0.000000 -0.798663 0.726098 0.726098 0.726098
2795.918701 0.000000 573.767517 0.000000 0.964391 0.000000 -0.264481 0.702241 0.702241 0.702241
2810.665771 0.000000 549.365417 0.000000 0.991604 0.000000 -0.129312 0.618453 0.618453 0.618453
2792.508545 0.000000 550.385437 0.000000 0.965115 0.000000 -0.261826 0.629762 0.629762 0.629762
2808.927979 0.000000 545.458801 0.000000 0.839405 0.000000 -0.543506 0.618075 0.618075 0.618075
2792.007568 0.000000 572.385437 0.000000 0.004278 0.000000 -0.999991 1.196020 1.196020 1.196020
2785.528809 0.000000 560.238098 0.000000 0.633732 0.000000 -0.773553 0.667565 0.667565 0.667565
2789.120117 0.000000 564.519165 0.000000 0.993638 0.000000 -0.112626 0.612004 0.612004 0.612004
2786.066650 0.000000 552.892090 0.000000 0.287321 0.000000 -0.957834 0.743730 0.743730 0.743730
2796.984619 0.000000 549.677795 0.000000 0.812695 0.000000 -0.582689 0.701562 0.701562 0.701562
2811.571289 0.000000 547.830444 0.000000 0.928326 0.000000 -0.371768 0.652493 0.652493 0.652493
2791.625732 0.000000 555.240540 0.000000 0.908338 0.000000 -0.418236 0.648477 0.648477 0.648477
2787.538818 0.000000 563.691711 0.000000 0.804097 0.000000 -0.594498 0.661033 0.661033 0.661033
2802.756348 0.000000 548.161926 0.000000 0.888479 0.000000 -0.458917 0.707126 0.707126 0.707126
2785.065186 0.000000 574.375793 0.000000 0.593709 0.000000 -0.804680 0.810115 0.810115 0.810115
2787.772949 0.000000 573.050537 0.000000 0.735865 0.000000 -0.677128 0.767136 0.767136 0.767136
2796.833496 0.000000 546.005737 0.000000 0.855170 0.000000 -0.518347 0.721621 0.721621 0.721621
2790.899414 0.000000 551.045898 0.000000 0.993391 0.000000 -0.114781 0.612924 0.612924 0.612924
2799.421631 0.000000 575.599426 0.000000 0.477285 0.000000 -0.878749 0.903842 0.903842 0.903842
2807.846680 0.000000 546.608032 0.000000 0.998887 0.000000 0.047165 0.594699 0.594699 0.594699
2784.802979 0.000000 556.939148 0.000000 0.116461 0.000000 -0.993195 0.763357 0.763357 0.763357
2786.946777 0.000000 574.375244 0.000000 0.588805 0.000000 -0.808275 0.811481 0.811481 0.811481
2791.048828 0.000000 570.786926 0.000000 0.927417 0.000000 -0.374029 0.686134 0.686134 0.686134
2783.358398 0.000000 559.267456 0.000000 0.512587 0.000000 -0.858636 0.683525 0.683525 0.683525
2802.114258 0.000000 550.597473 0.000000 0.999844 0.000000 0.017690 0.598410 0.598410 0.598410
2787.321289 0.000000 556.791016 0.000000 0.619599 0.000000 -0.784919 0.701398 0.701398 0.701398
2793.055664 0.000000 574.649719 0.000000 0.292822 0.000000 -0.956167 1.054054 1.054054 1.054054
2798.750244 0.000000 574.209961 0.000000 0.996668 0.000000 -0.081568 0.623118 0.623118 0.623118
2796.205322 0.000000 551.087158 0.000000 0.999960 0.000000 0.008993 0.598976 0.598976 0.598976
2793.864258 0.000000 549.615356 0.000000 0.475154 0.000000 -0.879902 0.719233 0.719233 0.719233
2799.839355 0.000000 572.948181 0.000000 0.158462 0.000000 -0.987365 1.058862 1.058862 1.058862
2792.888184 0.000000 555.988586 0.000000 0.883377 0.000000 -0.468663 0.654799 0.654799 0.654799
2812.621338 0.000000 572.978882 0.000000 0.907968 0.000000 -0.419040 0.648576 0.648576 0.648576
2790.212158 0.000000 555.611633 0.000000 0.687995 0.000000 -0.725715 0.691232 0.691232 0.691232
2794.834229 0.000000 572.220947 0.000000 0.568603 0.000000 -0.822612 0.968981 0.968981 0.968981
2789.210205 0.000000 552.968933 0.000000 0.970403 0.000000 -0.241490 0.627401 0.627401 0.627401
2786.286621 0.000000 554.325317 0.000000 0.363911 0.000000 -0.931434 0.734626 0.734626 0.734626
2796.220215 0.000000 570.159973 0.000000 0.619170 0.000000 -0.785257 0.708224 0.708224 0.708224
2793.738037 0.000000 569.456665 0.000000 0.999550 0.000000 -0.030010 0.602698 0.602698 0.602698
2788.901123 0.000000 568.055664 0.000000 0.317083 0.000000 -0.948398 0.822486 0.822486 0.822486
2798.285645 0.000000 546.360168 0.000000 0.367695 0.000000 -0.929946 0.868339 0.868339 0.868339
2794.453857 0.000000 547.669556 0.000000 0.737505 0.000000 -0.675342 0.683295 0.683295 0.683295
2797.593262 0.000000 571.432129 0.000000 0.977748 0.000000 -0.209783 0.625327 0.625327 0.625327
2787.250488 0.000000 562.227478 0.000000 0.841451 0.000000 -0.540333 0.654724 0.654724 0.654724
2799.079590 0.000000 548.035400 0.000000 0.802830 0.000000 -0.596208 0.743525 0.743525 0.743525
2792.897217 0.000000 571.298584 0.000000 0.077781 0.000000 -0.996970 1.022663 1.022663 1.022663
2788.522949 0.000000 557.586487 0.000000 0.120688 0.000000 -0.992691 0.762879 0.762879 0.762879
2796.000244 0.000000 547.423401 0.000000 0.925326 0.000000 -0.379173 0.686800 0.686800 0.686800
2800.708984 0.000000 550.602112 0.000000 0.809692 0.000000 -0.586856 0.704280 0.704280 0.704280
2784.689209 0.000000 568.510498 0.000000 0.100761 0.000000 -0.994911 0.868614 0.868614 0.868614
2788.062500 0.000000 559.600159 0.000000 0.699184 0.000000 -0.714942 0.689487 0.689487 0.689487
2792.003906 0.000000 548.978271 0.000000 0.805907 0.000000 -0.592042 0.670231 0.670231 0.670231
2796.196777 0.000000 575.098145 0.000000 0.999811 0.000000 0.019459 0.594957 0.594957 0.594957
2793.395020 0.000000 551.367676 0.000000 0.867408 0.000000 -0.497598 0.658512 0.658512 0.658512
2801.199951 0.000000 573.153748 0.000000 0.480905 0.000000 -0.876773 0.929899 0.929899 0.929899
2785.266357 0.000000 571.645935 0.000000 0.908023 0.000000 -0.418920 0.695181 0.695181 0.695181
2788.781006 0.000000 572.243958 0.000000 0.916279 0.000000 -0.400541 0.696917 0.696917 0.696917
2784.736816 0.000000 573.124146 0.000000 0.194121 0.000000 -0.980978 0.898744 0.898744 0.898744
2804.629639 0.000000 549.234375 0.000000 0.916150 0.000000 -0.400835 0.646334 0.646334 0.646334
2808.241211 0.000000 572.346924 0.000000 0.666893 0.000000 -0.745153 0.717125 0.717125 0.717125
2795.626221 0.000000 549.962769 0.000000 0.416433 0.000000 -0.909167 0.728217 0.728217 0.728217
2788.533936 0.000000 561.469421 0.000000 0.993828 0.000000 -0.110936 0.612489 0.612489 0.612489
2811.378662 0.000000 573.834290 0.000000 0.308616 0.000000 -0.951187 0.773235 0.773235 0.773235
2802.614014 0.000000 573.670288 0.000000 0.371443 0.000000 -0.928456 0.894176 0.894176 0.894176
2788.422852 0.000000 569.636963 0.000000 0.970441 0.000000 -0.241338 0.643448 0.643448 0.643448
2796.682861 0.000000 548.496826 0.000000 0.715598 0.000000 -0.698513 0.726263 0.726263 0.726263
2813.104248 0.000000 575.488159 0.000000 0.853343 0.000000 -0.521350 0.661614 0.661614 0.661614
2813.075439 0.000000 551.544250 0.000000 0.580546 0.000000 -0.814227 0.696909 0.696909 0.696909
2791.188477 0.000000 569.471741 0.000000 1.000000 0.000000 -0.000740 0.600154 0.600154 0.600154
2802.988525 0.000000 551.448303 0.000000 0.841722 0.000000 -0.539910 0.651259 0.651259 0.651259
2783.340088 0.000000 573.020813 0.000000 0.969093 0.000000 -0.246694 0.656008 0.656008 0.656008
2788.936523 0.000000 573.432129 0.000000 0.248278 0.000000 -0.968689 0.910406 0.910406 0.910406
2797.104736 0.000000 574.085327 0.000000 0.000192 0.000000 -1.000000 1.007009 1.007009 1.007009
2784.384033 0.000000 559.849304 0.000000 0.441558 0.000000 -0.897233 0.725092 0.725092 0.725092
2797.857910 0.000000 548.700500 0.000000 0.165240 0.000000 -0.986253 0.829367 0.829367 0.829367
2788.133301 0.000000 566.390686 0.000000 0.741739 0.000000 -0.670689 0.683690 0.683690 0.683690
2813.894287 0.000000 572.109619 0.000000 0.741702 0.000000 -0.670730 0.682595 0.682595 0.682595
2795.027588 0.000000 570.073730 0.000000 0.528970 0.000000 -0.848641 0.871725 0.871725 0.871725
2785.018311 0.000000 569.583679 0.000000 0.765507 0.000000 -0.643428 0.727735 0.727735 0.727735
2799.704102 0.000000 550.141968 0.000000 0.400756 0.000000 -0.916185 0.797822 0.797822 0.797822
2810.131348 0.000000 548.411743 0.000000 0.998146 0.000000 -0.060860 0.608666 0.608666 0.608666
2796.103027 0.000000 553.801147 0.000000 0.659264 0.000000 -0.751912 0.695601 0.695601 0.695601
2809.921387 0.000000 546.295654 0.000000 0.534523 0.000000 -0.845154 0.713115 0.713115 0.713115
2785.637939 0.000000 559.055115 0.000000 0.992013 0.000000 -0.126135 0.614208 0.614208 0.614208
2790.858887 0.000000 575.688477 0.000000 0.871130 0.000000 -0.491053 0.713795 0.713795 0.713795
2793.239014 0.000000 572.324951 0.000000 0.154460 0.000000 -0.987999 1.138643 1.138643 1.138643
2792.924805 0.000000 553.387939 0.000000 0.869926 0.000000 -0.493183 0.657941 0.657941 0.657941
2810.840576 0.000000 547.015076 0.000000 0.873488 0.000000 -0.486846 0.670073 0.670073 0.670073
2789.334229 0.000000 569.048828 0.000000 0.979289 0.000000 -0.202467 0.636342 0.636342 0.636342
2791.936035 0.000000 551.313477 0.000000 0.836572 0.000000 -0.547856 0.665137 0.665137 0.665137
2815.282959 0.000000 551.475525 0.000000 0.999138 0.000000 0.041501 0.594341 0.594341 0.594341
2791.508545 0.000000 550.039673 0.000000 0.911835 0.000000 -0.410557 0.647529 0.647529 0.647529
2812.015869 0.000000 546.844604 0.000000 0.078576 0.000000 -0.996908 0.883860 0.883860 0.883860
2811.724365 0.000000 549.592346 0.000000 0.998648 0.000000 0.051992 0.592598 0.592598 0.592598
2786.590088 0.000000 567.967590 0.000000 0.695253 0.000000 -0.718765 0.732151 0.732151 0.732151
2801.714600 0.000000 548.447754 0.000000 0.062731 0.000000 -0.998030 0.938837 0.938837 0.938837
2783.352783 0.000000 571.073669 0.000000 0.065967 0.000000 -0.997822 0.881757 0.881757 0.881757
2788.858643 0.000000 565.515259 0.000000 0.836481 0.000000 -0.547996 0.661681 0.661681 0.661681
2788.063965 0.000000 564.634155 0.000000 0.034189 0.000000 -0.999415 0.763422 0.763422 0.763422
2795.337402 0.000000 571.042358 0.000000 0.477468 0.000000 -0.878649 0.887710 0.887710 0.887710
2794.337158 0.000000 548.717285 0.000000 0.956701 0.000000 -0.291071 0.633181 0.633181 0.633181
2806.502197 0.000000 575.611755 0.000000 0.823855 0.000000 -0.566801 0.732694 0.732694 0.732694
2807.925781 0.000000 549.269409 0.000000 0.899878 0.000000 -0.436142 0.650702 0.650702 0.650702
2793.256104 0.000000 570.373047 0.000000 0.966231 0.000000 -0.257678 0.673783 0.673783 0.673783
2792.898193 0.000000 549.403381 0.000000 0.131878 0.000000 -0.991266 0.759457 0.759457 0.759457
2790.569336 0.000000 548.268555 0.000000 0.987727 0.000000 -0.156193 0.617620 0.617620 0.617620
2788.263672 0.000000 551.374695 0.000000 0.907328 0.000000 -0.420424 0.648748 0.648748 0.648748
2809.676514 0.000000 549.345581 0.000000 0.217485 0.000000 -0.976064 0.751841 0.751841 0.751841
2786.982910 0.000000 564.567444 0.000000 0.679609 0.000000 -0.733574 0.717196 0.717196 0.717196
2812.370117 0.000000 573.937561 0.000000 0.998190 0.000000 -0.060145 0.606761 0.606761 0.606761
2784.413086 0.000000 567.309143 0.000000 0.024408 0.000000 -0.999702 0.773728 0.773728 0.773728
2787.519775 0.000000 572.009033 0.000000 0.178387 0.000000 -0.983960 0.912644 0.912644 0.912644
2806.679199 0.000000 572.412537 0.000000 0.897241 0.000000 -0.441541 0.669188 0.669188 0.669188
2807.032227 0.000000 547.141296 0.000000 0.391249 0.000000 -0.920285 0.731309 0.731309 0.731309
2785.970947 0.000000 573.986755 0.000000 0.685461 0.000000 -0.728109 0.777139 0.777139 0.777139
2786.181152 0.000000 556.855713 0.000000 0.974897 0.000000 -0.222656 0.625226 0.625226 0.625226
2791.276123 0.000000 573.829468 0.000000 0.331027 0.000000 -0.943621 0.851267 0.851267 0.851267
2800.796143 0.000000 546.731384 0.000000 0.183512 0.000000 -0.983018 0.911473 0.911473 0.911473
2811.193848 0.000000 575.185303 0.000000 0.062762 0.000000 -0.998029 0.907206 0.907206 0.907206
2799.564941 0.000000 574.657898 0.000000 0.786640 0.000000 -0.617412 0.788394 0.788394 0.788394
2812.534424 0.000000 547.652039 0.000000 0.889578 0.000000 -0.456782 0.690244 0.690244 0.690244
2790.139160 0.000000 570.979492 0.000000 0.750831 0.000000 -0.660494 0.762108 0.762108 0.762108
2789.691162 0.000000 572.844055 0.000000 0.944537 0.000000 -0.328405 0.678693 0.678693 0.678693
2798.434326 0.000000 547.356018 0.000000 0.994335 0.000000 -0.106293 0.623928 0.623928 0.623928
2793.897217 0.000000 574.234802 0.000000 0.901160 0.000000 -0.433486 0.759843 0.759843 0.759843
2790.237061 0.000000 569.488342 0.000000 0.938511 0.000000 -0.345249 0.673396 0.673396 0.673396
2799.883301 0.000000 572.014160 0.000000 0.114778 0.000000 -0.993391 1.073197 1.073197 1.073197
2793.240234 0.000000 575.544861 0.000000 0.768404 0.000000 -0.639965 0.847578 0.847578 0.847578
2796.831055 0.000000 546.922913 0.000000 0.784518 0.000000 -0.620107 0.749288 0.749288 0.749288
2785.221924 0.000000 575.433777 0.000000 0.860983 0.000000 -0.508634 0.719894 0.719894 0.719894
2803.742920 0.000000 572.319702 0.000000 0.922224 0.000000 -0.386656 0.698122 0.698122 0.698122
2786.769531 0.000000 570.751038 0.000000 0.183633 0.000000 -0.982995 0.915598 0.915598 0.915598
2809.361816 0.000000 573.685547 0.000000 0.633722 0.000000 -0.773561 0.723209 0.723209 0.723209
2801.327148 0.000000 574.047241 0.000000 0.911752 0.000000 -0.410741 0.738217 0.738217 0.738217
2787.803223 0.000000 573.949707 0.000000 0.997826 0.000000 -0.065905 0.614819 0.614819 0.614819
2800.029785 0.000000 547.809631 0.000000 0.534730 0.000000 -0.845023 0.826174 0.826174 0.826174
2801.365723 0.000000 572.283569 0.000000 0.089224 0.000000 -0.996012 1.057137 1.057137 1.057137
2786.869629 0.000000 566.206970 0.000000 0.514188 0.000000 -0.857678 0.769837 0.769837 0.769837
2785.873779 0.000000 574.839539 0.000000 0.519285 0.000000 -0.854601 0.830258 0.830258 0.830258
2797.951660 0.000000 573.897766 0.000000 0.815605 0.000000 -0.578609 0.802412 0.802412 0.802412
2792.928955 0.000000 573.115845 0.000000 0.699492 0.000000 -0.714641 0.902899 0.902899 0.902899
2803.071777 0.000000 572.881470 0.000000 0.976765 0.000000 -0.214315 0.653384 0.653384 0.653384
2789.031250 0.000000 575.267883 0.000000 0.354218 0.000000 -0.935163 0.871586 0.871586 0.871586
2787.093994 0.000000 573.531311 0.000000 0.783795 0.000000 -0.621020 0.750552 0.750552 0.750552
2815.058350 0.000000 549.341980 0.000000 0.566842 0.000000 -0.823826 0.778373 0.778373 0.778373
2800.565186 0.000000 572.549316 0.000000 0.501541 0.000000 -0.865134 0.922588 0.922588 0.922588
2786.788086 0.000000 575.243958 0.000000 0.176758 0.000000 -0.984254 0.913016 0.913016 0.913016
2813.532715 0.000000 549.026794 0.000000 0.668085 0.000000 -0.744085 0.788551 0.788551 0.788551
2785.964600 0.000000 572.194397 0.000000 0.955899 0.000000 -0.293694 0.664745 0.664745 0.664745
2802.797119 0.000000 575.197266 0.000000 0.003945 0.000000 -0.999992 1.015425 1.015425 1.015425
2783.519043 0.000000 570.178345 0.000000 0.014137 0.000000 -0.999900 0.891471 0.891471 0.891471
2794.579102 0.000000 572.997131 0.000000 0.741059 0.000000 -0.671440 0.881189 0.881189 0.881189
2800.464600 0.000000 573.475769 0.000000 0.920252 0.000000 -0.391325 0.724069 0.724069 0.724069
2784.752930 0.000000 572.293152 0.000000 0.429231 0.000000 -0.903195 0.844818 0.844818 0.844818
2791.593750 0.000000 570.176514 0.000000 0.526834 0.000000 -0.849968 0.828268 0.828268 0.828268
2790.514648 0.000000 570.215576 0.000000 0.252030 0.000000 -0.967719 0.895695 0.895695 0.895695
2812.121582 0.000000 548.383362 0.000000 0.993465 0.000000 -0.114136 0.625701 0.625701 0.625701
2797.525391 0.000000 546.549500 0.000000 0.601967 0.000000 -0.798521 0.806415 0.806415 0.806415
2794.224609 0.000000 570.063843 0.000000 0.427783 0.000000 -0.903881 0.902653 0.902653 0.902653
2812.849365 0.000000 549.723938 0.000000 0.491146 0.000000 -0.871077 0.837585 0.837585 0.837585
2814.376709 0.000000 549.736206 0.000000 0.990688 0.000000 -0.136149 0.625163 0.625163 0.625163
2790.931396 0.000000 568.068665 0.000000 0.382604 0.000000 -0.923913 0.845312 0.845312 0.845312
2804.777344 0.000000 573.191406 0.000000 0.999634 0.000000 0.027058 0.594893 0.594893 0.594893
2806.342773 0.000000 574.778809 0.000000 0.167417 0.000000 -0.985886 0.908843 0.908843 0.908843
2780.959961 0.000000 589.011047 0.000000 0.999805 0.000000 -0.019736 0.600207 0.600207 0.600207
2781.157471 0.000000 578.907043 0.000000 0.905702 0.000000 -0.423915 0.606557 0.606557 0.606557
2782.332764 0.000000 590.664917 0.000000 0.931016 0.000000 -0.364978 0.626863 0.626863 0.626863
2782.917969 0.000000 579.169739 0.000000 0.129129 0.000000 -0.991628 0.761923 0.761923 0.761923
2782.366455 0.000000 577.692627 0.000000 0.606048 0.000000 -0.795428 0.752921 0.752921 0.752921
2782.505127 0.000000 589.235107 0.000000 0.163908 0.000000 -0.986476 0.757973 0.757973 0.757973
2782.978027 0.000000 576.834473 0.000000 0.993045 0.000000 -0.117734 0.619621 0.619621 0.619621
2782.959961 0.000000 575.931335 0.000000 0.466078 0.000000 -0.884744 0.842373 0.842373 0.842373
2789.012695 0.000000 576.110291 0.000000 0.834897 0.000000 -0.550406 0.730960 0.730960 0.730960
2787.403564 0.000000 590.376465 0.000000 0.949453 0.000000 -0.313910 0.637786 0.637786 0.637786
2791.539795 0.000000 598.391846 0.000000 0.510136 0.000000 -0.860094 0.719430 0.719430 0.719430
2800.214355 0.000000 586.171021 0.000000 0.947016 0.000000 -0.321187 0.667592 0.667592 0.667592
2798.975342 0.000000 603.678711 0.000000 0.648104 0.000000 -0.761552 0.693367 0.693367 0.693367
2801.067627 0.000000 575.998169 0.000000 0.640358 0.000000 -0.768076 0.886001 0.886001 0.886001
2788.159668 0.000000 580.838745 0.000000 0.947018 0.000000 -0.321179 0.673468 0.673468 0.673468
2794.108154 0.000000 575.893921 0.000000 0.489610 0.000000 -0.871942 0.937932 0.937932 0.937932
2787.600830 0.000000 600.646484 0.000000 0.669456 0.000000 -0.742852 0.666475 0.666475 0.666475
2783.436279 0.000000 588.153931 0.000000 0.926604 0.000000 -0.376039 0.643311 0.643311 0.643311
2793.140381 0.000000 580.227905 0.000000 0.999915 0.000000 0.013071 0.597063 0.597063 0.597063
2783.571289 0.000000 601.270569 0.000000 0.961028 0.000000 -0.276450 0.605874 0.605874 0.605874
2801.081055 0.000000 581.288391 0.000000 0.608374 0.000000 -0.793650 0.818351 0.818351 0.818351
2803.283203 0.000000 588.506470 0.000000 0.857653 0.000000 -0.514229 0.660678 0.660678 0.660678
2797.706543 0.000000 583.370972 0.000000 0.265277 0.000000 -0.964172 1.038921 1.038921 1.038921
2798.667480 0.000000 600.046082 0.000000 0.589487 0.000000 -0.807778 0.728184 0.728184 0.728184
2803.240967 0.000000 595.432922 0.000000 0.956367 0.000000 -0.292169 0.666619 0.666619 0.666619
2802.793213 0.000000 601.906372 0.000000 0.419833 0.000000 -0.907601 1.034506 1.034506 1.034506
2784.481445 0.000000 580.447021 0.000000 0.986825 0.000000 -0.161788 0.613631 0.613631 0.613631
2791.111084 0.000000 592.188354 0.000000 0.999716 0.000000 0.023824 0.594825 0.594825 0.594825
2791.617676 0.000000 577.593994 0.000000 0.934593 0.000000 -0.355718 0.683895 0.683895 0.683895
2785.946777 0.000000 594.729553 0.000000 0.450396 0.000000 -0.892829 0.723982 0.723982 0.723982
2805.791992 0.000000 604.822510 0.000000 0.947903 0.000000 -0.318560 0.677703 0.677703 0.677703
2814.140869 0.000000 576.122070 0.000000 0.846318 0.000000 -0.532678 0.620196 0.620196 0.620196
2789.250732 0.000000 583.429810 0.000000 0.566641 0.000000 -0.823965 0.862550 0.862550 0.862550
2802.032959 0.000000 578.588501 0.000000 0.680940 0.000000 -0.732339 0.692319 0.692319 0.692319
2796.022217 0.000000 594.078918 0.000000 0.476644 0.000000 -0.879096 0.720654 0.720654 0.720654
2804.922607 0.000000 586.604797 0.000000 0.488694 0.000000 -0.872455 0.668289 0.668289 0.668289
2807.245117 0.000000 580.153259 0.000000 0.945724 0.000000 -0.324971 0.637184 0.637184 0.637184
2790.311523 0.000000 600.542175 0.000000 0.929763 0.000000 -0.368160 0.642357 0.642357 0.642357
2805.635498 0.000000 582.045044 0.000000 0.415953 0.000000 -0.909386 0.760772 0.760772 0.760772
2790.120605 0.000000 586.106812 0.000000 0.492051 0.000000 -0.870566 0.837351 0.837351 0.837351
2783.337891 0.000000 595.114014 0.000000 0.311010 0.000000 -0.950406 0.637584 0.637584 0.637584
2797.104736 0.000000 591.839111 0.000000 0.205998 0.000000 -0.978552 0.943080 0.943080 0.943080
2800.534424 0.000000 601.709595 0.000000 0.475213 0.000000 -0.879871 0.877119 0.877119 0.877119
2796.445068 0.000000 598.905396 0.000000 0.740135 0.000000 -0.672459 0.750248 0.750248 0.750248
2803.436523 0.000000 581.733337 0.000000 0.652680 0.000000 -0.757634 0.722335 0.722335 0.722335
2789.622803 0.000000 590.531128 0.000000 0.895050 0.000000 -0.445966 0.694169 0.694169 0.694169
2803.998535 0.000000 597.474792 0.000000 0.860388 0.000000 -0.509640 0.723361 0.723361 0.723361
2798.681396 0.000000 597.809937 0.000000 0.134401 0.000000 -0.990927 0.772081 0.772081 0.772081
2798.858643 0.000000 581.422058 0.000000 0.467933 0.000000 -0.883764 0.879246 0.879246 0.879246
2793.206055 0.000000 599.881470 0.000000 0.908060 0.000000 -0.418840 0.684804 0.684804 0.684804
2792.508545 0.000000 582.369812 0.000000 0.440836 0.000000 -0.897588 0.810306 0.810306 0.810306
2801.324463 0.000000 594.283936 0.000000 0.998472 0.000000 0.055256 0.587578 0.587578 0.587578
2785.406982 0.000000 576.343628 0.000000 0.818708 0.000000 -0.574210 0.705362 0.705362 0.705362
2804.026123 0.000000 592.930298 0.000000 0.514358 0.000000 -0.857576 0.649397 0.649397 0.649397
2808.927979 0.000000 577.443176 0.000000 0.996969 0.000000 0.077802 0.582501 0.582501 0.582501
2793.093262 0.000000 592.777344 0.000000 0.192825 0.000000 -0.981233 1.014519 1.014519 1.014519
2792.793701 0.000000 590.635559 0.000000 0.925671 0.000000 -0.378329 0.708681 0.708681 0.708681
2801.962891 0.000000 590.234253 0.000000 0.942626 0.000000 -0.333850 0.640280 0.640280 0.640280
2811.270264 0.000000 577.995605 0.000000 0.494339 0.000000 -0.869269 0.824133 0.824133 0.824133
2799.651123 0.000000 583.417358 0.000000 0.359120 0.000000 -0.933291 0.904659 0.904659 0.904659
2805.219727 0.000000 595.752563 0.000000 0.997106 0.000000 0.076017 0.596581 0.596581 0.596581
2785.528809 0.000000 592.222473 0.000000 0.050108 0.000000 -0.998744 0.770839 0.770839 0.770839
2791.342285 0.000000 579.494202 0.000000 0.999387 0.000000 0.035000 0.592134 0.592134 0.592134
2798.365967 0.000000 595.499573 0.000000 0.212440 0.000000 -0.977174 0.795099 0.795099 0.795099
2786.066650 0.000000 584.876465 0.000000 0.574030 0.000000 -0.818834 0.819873 0.819873 0.819873
2789.211426 0.000000 592.297607 0.000000 0.824188 0.000000 -0.566316 0.674849 0.674849 0.674849
2796.984619 0.000000 581.662170 0.000000 0.870403 0.000000 -0.492340 0.766557 0.766557 0.766557
2791.625732 0.000000 587.224915 0.000000 0.750836 0.000000 -0.660488 0.762106 0.762106 0.762106
2787.538818 0.000000 595.676086 0.000000 0.367177 0.000000 -0.930151 0.734232 0.734232 0.734232
2800.773438 0.000000 603.558350 0.000000 0.215907 0.000000 -0.976414 0.849316 0.849316 0.849316
2802.756348 0.000000 580.146301 0.000000 0.998812 0.000000 0.048738 0.593062 0.593062 0.593062
2808.822510 0.000000 580.802002 0.000000 0.075486 0.000000 -0.997147 0.660474 0.660474 0.660474
2790.899414 0.000000 583.030273 0.000000 0.295328 0.000000 -0.955396 0.885580 0.885580 0.885580
2802.406494 0.000000 576.973694 0.000000 0.995262 0.000000 -0.097233 0.611087 0.611087 0.611087
2807.172607 0.000000 606.811829 0.000000 0.673225 0.000000 -0.739438 0.704717 0.704717 0.704717
2803.940186 0.000000 605.175781 0.000000 0.935236 0.000000 -0.354025 0.710580 0.710580 0.710580
2787.895752 0.000000 584.314453 0.000000 0.191430 0.000000 -0.981506 0.915855 0.915855 0.915855
2784.802979 0.000000 588.923523 0.000000 0.200385 0.000000 -0.979717 0.753805 0.753805 0.753805
2805.173584 0.000000 585.053711 0.000000 0.989851 0.000000 -0.142111 0.609398 0.609398 0.609398
2791.048828 0.000000 602.771301 0.000000 0.939205 0.000000 -0.343358 0.632026 0.632026 0.632026
2790.525146 0.000000 576.500793 0.000000 0.999887 0.000000 0.015053 0.596527 0.596527 0.596527
2800.918701 0.000000 579.659424 0.000000 0.853718 0.000000 -0.520735 0.723065 0.723065 0.723065
2789.564697 0.000000 580.149902 0.000000 0.933032 0.000000 -0.359794 0.682696 0.682696 0.682696
2786.024902 0.000000 600.859009 0.000000 0.837892 0.000000 -0.545836 0.645839 0.645839 0.645839
2799.576172 0.000000 576.365173 0.000000 0.410204 0.000000 -0.911994 0.864849 0.864849 0.864849
2788.063965 0.000000 582.359558 0.000000 0.303122 0.000000 -0.952952 0.942385 0.942385 0.942385
2802.792969 0.000000 594.007202 0.000000 0.942263 0.000000 -0.334874 0.676725 0.676725 0.676725
2784.690430 0.000000 595.731628 0.000000 0.497739 0.000000 -0.867327 0.717940 0.717940 0.717940
2799.839355 0.000000 604.932556 0.000000 0.752127 0.000000 -0.659019 0.646345 0.646345 0.646345
2795.776367 0.000000 592.621948 0.000000 0.351816 0.000000 -0.936069 0.964699 0.964699 0.964699
2790.371826 0.000000 597.373901 0.000000 0.908829 0.000000 -0.417170 0.650924 0.650924 0.650924
2788.144043 0.000000 577.705688 0.000000 0.779435 0.000000 -0.626483 0.752122 0.752122 0.752122
2790.212158 0.000000 587.596008 0.000000 0.989238 0.000000 -0.146316 0.632994 0.632994 0.632994
2798.502930 0.000000 591.305786 0.000000 0.587779 0.000000 -0.809022 0.772237 0.772237 0.772237
2807.014893 0.000000 581.663818 0.000000 0.402633 0.000000 -0.915361 0.729916 0.729916 0.729916
2797.677490 0.000000 588.910583 0.000000 0.353874 0.000000 -0.935293 1.000259 1.000259 1.000259
2788.901123 0.000000 600.040039 0.000000 0.539971 0.000000 -0.841684 0.656944 0.656944 0.656944
2794.447510 0.000000 587.275269 0.000000 0.246965 0.000000 -0.969024 1.104680 1.104680 1.104680
2805.452881 0.000000 583.506775 0.000000 0.052175 0.000000 -0.998638 0.813827 0.813827 0.813827
2789.307861 0.000000 581.701172 0.000000 0.468665 0.000000 -0.883376 0.843343 0.843343 0.843343
2788.829346 0.000000 586.755554 0.000000 0.928043 0.000000 -0.372472 0.689760 0.689760 0.689760
2804.689209 0.000000 588.060120 0.000000 0.403418 0.000000 -0.915016 0.672699 0.672699 0.672699
2799.523926 0.000000 584.861755 0.000000 0.999383 0.000000 0.035131 0.591736 0.591736 0.591736
2785.999756 0.000000 598.097656 0.000000 0.651681 0.000000 -0.758493 0.696728 0.696728 0.696728
2803.898438 0.000000 585.639832 0.000000 0.999923 0.000000 -0.012430 0.601750 0.601750 0.601750
2802.792480 0.000000 584.652832 0.000000 0.938877 0.000000 -0.344252 0.649485 0.649485 0.649485
2797.174072 0.000000 586.461182 0.000000 0.737493 0.000000 -0.675355 0.867663 0.867663 0.867663
2792.897217 0.000000 603.282959 0.000000 0.947672 0.000000 -0.319245 0.625310 0.625310 0.625310
2796.000244 0.000000 579.407776 0.000000 0.424944 0.000000 -0.905219 0.981487 0.981487 0.981487
2787.199707 0.000000 601.924561 0.000000 0.998977 0.000000 0.045212 0.596409 0.596409 0.596409
2793.038818 0.000000 598.412781 0.000000 0.502401 0.000000 -0.864635 0.804946 0.804946 0.804946
2784.689209 0.000000 600.494873 0.000000 0.982344 0.000000 -0.187084 0.618887 0.618887 0.618887
2809.292236 0.000000 576.130371 0.000000 0.482983 0.000000 -0.875630 0.839685 0.839685 0.839685
2797.851318 0.000000 598.941650 0.000000 0.999999 0.000000 -0.001609 0.600328 0.600328 0.600328
2788.062500 0.000000 591.584534 0.000000 0.999524 0.000000 -0.030859 0.606287 0.606287 0.606287
2792.003906 0.000000 580.962646 0.000000 0.775937 0.000000 -0.630810 0.753372 0.753372 0.753372
2790.471680 0.000000 584.369812 0.000000 0.000135 0.000000 -1.000000 0.952911 0.952911 0.952911
2792.771484 0.000000 589.295044 0.000000 0.992662 0.000000 -0.120920 0.640310 0.640310 0.640310
2794.767334 0.000000 577.082458 0.000000 0.272019 0.000000 -0.962292 0.889101 0.889101 0.889101
2799.958252 0.000000 600.517944 0.000000 0.926802 0.000000 -0.375550 0.652479 0.652479 0.652479
2793.395020 0.000000 583.352051 0.000000 0.999843 0.000000 -0.017719 0.603345 0.603345 0.603345
2801.199951 0.000000 605.138123 0.000000 0.823213 0.000000 -0.567733 0.675967 0.675967 0.675967
2786.655029 0.000000 591.542908 0.000000 0.614729 0.000000 -0.788739 0.707539 0.707539 0.707539
2805.320557 0.000000 577.110291 0.000000 0.158140 0.000000 -0.987417 0.813621 0.813621 0.813621
2804.629639 0.000000 581.218750 0.000000 0.220730 0.000000 -0.975335 0.769643 0.769643 0.769643
2810.195068 0.000000 577.202820 0.000000 0.810088 0.000000 -0.586308 0.733259 0.733259 0.733259
2803.211182 0.000000 591.941162 0.000000 0.999998 0.000000 -0.001828 0.600214 0.600214 0.600214
2790.659668 0.000000 578.456970 0.000000 0.268028 0.000000 -0.963411 0.891973 0.891973 0.891973
2795.626221 0.000000 581.947144 0.000000 0.675673 0.000000 -0.737202 0.854541 0.854541 0.854541
2792.329102 0.000000 591.798035 0.000000 0.988287 0.000000 -0.152607 0.642915 0.642915 0.642915
2798.033691 0.000000 596.736267 0.000000 0.163411 0.000000 -0.986558 0.768565 0.768565 0.768565
2799.158691 0.000000 577.504822 0.000000 0.901510 0.000000 -0.432757 0.703241 0.703241 0.703241
2797.230957 0.000000 584.571716 0.000000 0.275270 0.000000 -0.961367 1.064451 1.064451 1.064451
2805.051758 0.000000 598.105286 0.000000 0.884426 0.000000 -0.466681 0.690185 0.690185 0.690185
2784.814209 0.000000 598.333069 0.000000 0.960644 0.000000 -0.277781 0.631623 0.631623 0.631623
2803.079590 0.000000 589.728394 0.000000 0.559191 0.000000 -0.829039 0.709804 0.709804 0.709804
2789.582764 0.000000 577.316345 0.000000 0.210169 0.000000 -0.977665 0.905364 0.905364 0.905364
2796.682861 0.000000 580.481201 0.000000 0.898587 0.000000 -0.438796 0.746976 0.746976 0.746976
2800.149902 0.000000 587.402832 0.000000 0.298423 0.000000 -0.954434 0.862063 0.862063 0.862063
2791.904785 0.000000 593.194641 0.000000 0.965363 0.000000 -0.260909 0.657333 0.657333 0.657333
2793.052490 0.000000 576.431885 0.000000 0.685030 0.000000 -0.728515 0.822502 0.822502 0.822502
2804.897461 0.000000 578.284119 0.000000 0.496672 0.000000 -0.867939 0.718078 0.718078 0.718078
2794.417969 0.000000 592.648987 0.000000 0.786248 0.000000 -0.617911 0.800547 0.800547 0.800547
2801.759521 0.000000 601.314636 0.000000 0.344765 0.000000 -0.938689 0.914018 0.914018 0.914018
2793.948486 0.000000 590.484863 0.000000 0.320093 0.000000 -0.947386 0.948732 0.948732 0.948732
2798.543213 0.000000 584.190063 0.000000 0.255308 0.000000 -0.966860 0.908698 0.908698 0.908698
2784.384033 0.000000 591.833679 0.000000 0.297743 0.000000 -0.954646 0.742506 0.742506 0.742506
2797.857910 0.000000 580.684875 0.000000 0.559758 0.000000 -0.828656 0.916015 0.916015 0.916015
2796.008057 0.000000 595.768860 0.000000 0.837841 0.000000 -0.545915 0.664877 0.664877 0.664877
2801.454346 0.000000 586.479858 0.000000 0.525332 0.000000 -0.850897 0.810371 0.810371 0.810371
2791.514648 0.000000 597.110718 0.000000 0.639257 0.000000 -0.768993 0.703812 0.703812 0.703812
2802.866455 0.000000 597.612000 0.000000 0.834142 0.000000 -0.551550 0.734769 0.734769 0.734769
2799.087891 0.000000 598.903809 0.000000 0.228936 0.000000 -0.973442 0.842840 0.842840 0.842840
2802.374268 0.000000 581.270752 0.000000 0.922713 0.000000 -0.385487 0.656315 0.656315 0.656315
2784.935059 0.000000 584.955139 0.000000 0.750768 0.000000 -0.660566 0.681065 0.681065 0.681065
2798.518066 0.000000 601.180786 0.000000 0.388167 0.000000 -0.921589 0.759778 0.759778 0.759778
2793.838135 0.000000 578.616211 0.000000 0.999502 0.000000 -0.031548 0.607090 0.607090 0.607090
2785.018311 0.000000 601.568054 0.000000 0.996761 0.000000 0.080416 0.591921 0.591921 0.591921
2799.704102 0.000000 582.126343 0.000000 0.729166 0.000000 -0.684337 0.790798 0.790798 0.790798
2808.151611 0.000000 576.088745 0.000000 0.136580 0.000000 -0.990629 0.922157 0.922157 0.922157
2793.970459 0.000000 599.078308 0.000000 0.879702 0.000000 -0.475525 0.697243 0.697243 0.697243
2792.630615 0.000000 600.863464 0.000000 0.193176 0.000000 -0.981164 0.781434 0.781434 0.781434
2804.891113 0.000000 602.540405 0.000000 0.915270 0.000000 -0.402840 0.688813 0.688813 0.688813
2803.503906 0.000000 601.010925 0.000000 0.320687 0.000000 -0.947185 1.075304 1.075304 1.075304
2809.921387 0.000000 578.280029 0.000000 0.373314 0.000000 -0.927705 0.728150 0.728150 0.728150
2797.794189 0.000000 594.312256 0.000000 0.481580 0.000000 -0.876402 0.720022 0.720022 0.720022
2785.637939 0.000000 591.039490 0.000000 0.923958 0.000000 -0.382495 0.644095 0.644095 0.644095
2794.262939 0.000000 600.239868 0.000000 0.807932 0.000000 -0.589276 0.660412 0.660412 0.660412
2785.090576 0.000000 593.208557 0.000000 0.980595 0.000000 -0.196046 0.622168 0.622168 0.622168
2801.112305 0.000000 589.572021 0.000000 0.811514 0.000000 -0.584333 0.670110 0.670110 0.670110
2811.459473 0.000000 576.958008 0.000000 0.706740 0.000000 -0.707473 0.767169 0.767169 0.767169
2802.874268 0.000000 592.935608 0.000000 0.781655 0.000000 -0.623710 0.729130 0.729130 0.729130
2789.891357 0.000000 582.574646 0.000000 0.852357 0.000000 -0.522961 0.749206 0.749206 0.749206
2801.876953 0.000000 593.340881 0.000000 0.858596 0.000000 -0.512653 0.720944 0.720944 0.720944
2802.313965 0.000000 591.247681 0.000000 0.751585 0.000000 -0.659636 0.684163 0.684163 0.684163
2811.951172 0.000000 575.744385 0.000000 0.970588 0.000000 -0.240745 0.649531 0.649531 0.649531
2808.906494 0.000000 578.662170 0.000000 0.997826 0.000000 0.065900 0.592887 0.592887 0.592887
2801.714600 0.000000 580.432129 0.000000 0.840387 0.000000 -0.541986 0.736424 0.736424 0.736424
2794.136719 0.000000 595.145264 0.000000 0.998967 0.000000 0.045431 0.590129 0.590129 0.590129
2799.440430 0.000000 590.832825 0.000000 0.169474 0.000000 -0.985535 0.855938 0.855938 0.855938
2797.962646 0.000000 581.969482 0.000000 0.320148 0.000000 -0.947367 1.002794 1.002794 1.002794
2802.112793 0.000000 575.996216 0.000000 0.944769 0.000000 -0.327737 0.688530 0.688530 0.688530
2792.316406 0.000000 599.162048 0.000000 0.998094 0.000000 -0.061705 0.612116 0.612116 0.612116
2787.931152 0.000000 599.688965 0.000000 0.484268 0.000000 -0.874920 0.719677 0.719677 0.719677
2807.925781 0.000000 581.253784 0.000000 0.728026 0.000000 -0.685550 0.684861 0.684861 0.684861
2792.898193 0.000000 581.387756 0.000000 0.735473 0.000000 -0.677554 0.767266 0.767266 0.767266
2800.913818 0.000000 596.830505 0.000000 0.987347 0.000000 -0.158576 0.634350 0.634350 0.634350
2788.600586 0.000000 590.600403 0.000000 0.624375 0.000000 -0.781125 0.782627 0.782627 0.782627
2785.959717 0.000000 578.714722 0.000000 0.949955 0.000000 -0.312388 0.644735 0.644735 0.644735
2784.263916 0.000000 579.425476 0.000000 0.907356 0.000000 -0.420364 0.661088 0.661088 0.661088
2803.365967 0.000000 579.353210 0.000000 0.414584 0.000000 -0.910011 0.728445 0.728445 0.728445
2789.939697 0.000000 595.943848 0.000000 0.799966 0.000000 -0.600045 0.672300 0.672300 0.672300
2791.090088 0.000000 586.362976 0.000000 0.860955 0.000000 -0.508681 0.719906 0.719906 0.719906
2800.666260 0.000000 595.029602 0.000000 0.278015 0.000000 -0.960577 0.889640 0.889640 0.889640
2785.340332 0.000000 586.633057 0.000000 0.984772 0.000000 -0.173854 0.619631 0.619631 0.619631
2791.113037 0.000000 588.064941 0.000000 0.767134 0.000000 -0.641487 0.725185 0.725185 0.725185
2795.356201 0.000000 598.478394 0.000000 0.568363 0.000000 -0.822778 0.753427 0.753427 0.753427
2798.739746 0.000000 594.589478 0.000000 0.475813 0.000000 -0.879546 0.754573 0.754573 0.754573
2797.688232 0.000000 599.977417 0.000000 0.668547 0.000000 -0.743670 0.770827 0.770827 0.770827
2784.413086 0.000000 599.293518 0.000000 0.999821 0.000000 -0.018927 0.602126 0.602126 0.602126
2784.080566 0.000000 582.641113 0.000000 0.116881 0.000000 -0.993146 0.765487 0.765487 0.765487
2802.783447 0.000000 577.886780 0.000000 0.322019 0.000000 -0.946733 0.741499 0.741499 0.741499
2788.912842 0.000000 579.373230 0.000000 0.997941 0.000000 0.064135 0.585580 0.585580 0.585580
2792.072266 0.000000 589.989441 0.000000 0.650839 0.000000 -0.759216 0.886685 0.886685 0.886685
2792.488281 0.000000 577.204834 0.000000 0.764962 0.000000 -0.644076 0.790785 0.790785 0.790785
2791.630127 0.000000 578.554749 0.000000 0.099559 0.000000 -0.995032 0.930534 0.930534 0.930534
2792.308350 0.000000 597.786865 0.000000 0.821646 0.000000 -0.569999 0.736275 0.736275 0.736275
2797.058105 0.000000 582.622009 0.000000 0.846247 0.000000 -0.532790 0.789377 0.789377 0.789377
2788.306885 0.000000 576.764099 0.000000 0.797927 0.000000 -0.602754 0.745362 0.745362 0.745362
2800.796143 0.000000 578.715759 0.000000 0.134919 0.000000 -0.990857 0.922534 0.922534 0.922534
2795.506592 0.000000 596.615784 0.000000 0.947220 0.000000 -0.320584 0.673326 0.673326 0.673326
2795.274658 0.000000 593.430725 0.000000 0.914537 0.000000 -0.404502 0.725381 0.725381 0.725381
2784.502441 0.000000 577.506775 0.000000 0.806416 0.000000 -0.591348 0.708995 0.708995 0.708995
2789.874756 0.000000 575.728210 0.000000 0.822562 0.000000 -0.568675 0.735913 0.735913 0.735913
2799.769775 0.000000 598.254272 0.000000 0.974007 0.000000 -0.226516 0.641415 0.641415 0.641415
2801.169678 0.000000 599.287109 0.000000 0.831697 0.000000 -0.555230 0.772821 0.772821 0.772821
2801.601074 0.000000 597.792908 0.000000 0.819639 0.000000 -0.572881 0.731582 0.731582 0.731582
2798.434326 0.000000 579.340393 0.000000 0.744741 0.000000 -0.667353 0.786058 0.786058 0.786058
2800.605713 0.000000 583.532959 0.000000 0.243171 0.000000 -0.969983 0.937450 0.937450 0.937450
2792.553955 0.000000 587.101135 0.000000 0.796242 0.000000 -0.604979 0.806332 0.806332 0.806332
2802.101562 0.000000 599.625916 0.000000 0.695747 0.000000 -0.718287 0.870078 0.870078 0.870078
2796.831055 0.000000 578.907288 0.000000 0.289459 0.000000 -0.957191 1.030438 1.030438 1.030438
2790.706787 0.000000 589.713623 0.000000 0.782012 0.000000 -0.623263 0.720956 0.720956 0.720956
2796.313477 0.000000 588.692322 0.000000 0.508426 0.000000 -0.861106 0.943437 0.943437 0.943437
2796.489990 0.000000 583.939880 0.000000 0.885452 0.000000 -0.464730 0.762899 0.762899 0.762899
2797.046875 0.000000 585.471680 0.000000 0.617740 0.000000 -0.786382 0.925325 0.925325 0.925325
2792.089355 0.000000 594.437256 0.000000 0.998522 0.000000 -0.054342 0.613438 0.613438 0.613438
2799.500000 0.000000 601.316162 0.000000 0.124056 0.000000 -0.992275 0.797164 0.797164 0.797164
2790.729004 0.000000 577.496765 0.000000 0.558061 0.000000 -0.829800 0.825779 0.825779 0.825779
2803.715332 0.000000 593.817444 0.000000 0.987197 0.000000 -0.159503 0.630713 0.630713 0.630713
2804.601562 0.000000 576.013428 0.000000 0.689105 0.000000 -0.724661 0.722628 0.722628 0.722628
2803.742920 0.000000 604.304077 0.000000 0.983076 0.000000 -0.183198 0.656299 0.656299 0.656299
2800.400146 0.000000 576.722839 0.000000 0.999568 0.000000 0.029387 0.593088 0.593088 0.593088
2793.775879 0.000000 585.720215 0.000000 0.634219 0.000000 -0.773154 0.847563 0.847563 0.847563
2787.189697 0.000000 577.262939 0.000000 0.840404 0.000000 -0.541961 0.728695 0.728695 0.728695
2791.509033 0.000000 591.334839 0.000000 0.254898 0.000000 -0.966968 0.861593 0.861593 0.861593
2793.405518 0.000000 582.380798 0.000000 0.400718 0.000000 -0.916201 0.818653 0.818653 0.818653
2794.710693 0.000000 581.883057 0.000000 0.996524 0.000000 -0.083302 0.625610 0.625610 0.625610
2798.671143 0.000000 588.950317 0.000000 0.897141 0.000000 -0.441745 0.663739 0.663739 0.663739
2800.029785 0.000000 579.794006 0.000000 0.641837 0.000000 -0.766841 0.796357 0.796357 0.796357
2788.033936 0.000000 588.115784 0.000000 0.818378 0.000000 -0.574680 0.722885 0.722885 0.722885
2796.182373 0.000000 591.839966 0.000000 0.025664 0.000000 -0.999671 0.988835 0.988835 0.988835
2802.616455 0.000000 600.894836 0.000000 0.047937 0.000000 -0.998850 1.181683 1.181683 1.181683
2794.327148 0.000000 577.871338 0.000000 0.968693 0.000000 -0.248261 0.655995 0.655995 0.655995
2793.432617 0.000000 597.570740 0.000000 0.998917 0.000000 0.046534 0.589541 0.589541 0.589541
2793.554688 0.000000 587.290527 0.000000 0.418659 0.000000 -0.908144 0.961647 0.961647 0.961647
2790.232666 0.000000 592.456543 0.000000 0.870007 0.000000 -0.493039 0.711984 0.711984 0.711984
2803.357666 0.000000 582.636047 0.000000 0.304062 0.000000 -0.952652 0.883523 0.883523 0.883523
2800.777588 0.000000 600.858765 0.000000 0.695885 0.000000 -0.718153 0.806410 0.806410 0.806410
2790.125488 0.000000 583.453003 0.000000 0.986553 0.000000 -0.163443 0.636889 0.636889 0.636889
2804.482178 0.000000 577.506592 0.000000 0.392319 0.000000 -0.919829 0.776654 0.776654 0.776654
2795.548096 0.000000 589.252380 0.000000 0.927331 0.000000 -0.374242 0.746516 0.746516 0.746516
2798.058350 0.000000 586.293518 0.000000 0.977569 0.000000 -0.210615 0.643866 0.643866 0.643866
2789.071045 0.000000 580.869934 0.000000 0.999775 0.000000 -0.021227 0.604770 0.604770 0.604770
2799.464600 0.000000 595.559265 0.000000 0.628560 0.000000 -0.777761 0.728141 0.728141 0.728141
2800.385010 0.000000 594.213013 0.000000 0.999883 0.000000 -0.015316 0.603441 0.603441 0.603441
2790.037109 0.000000 585.246521 0.000000 0.034526 0.000000 -0.999404 0.945182 0.945182 0.945182
2802.964600 0.000000 602.753357 0.000000 0.534152 0.000000 -0.845389 0.907806 0.907806 0.907806
2794.507324 0.000000 584.958069 0.000000 0.354918 0.000000 -0.934897 1.061410 1.061410 1.061410
2796.642822 0.000000 592.583252 0.000000 0.904897 0.000000 -0.425630 0.673761 0.673761 0.673761
2799.549316 0.000000 593.778137 0.000000 0.741489 0.000000 -0.670965 0.713479 0.713479 0.713479
2805.499023 0.000000 599.619202 0.000000 0.933929 0.000000 -0.357458 0.667897 0.667897 0.667897
2797.319092 0.000000 589.701965 0.000000 0.525246 0.000000 -0.850950 0.936932 0.936932 0.936932
2801.403320 0.000000 583.125916 0.000000 0.991057 0.000000 -0.133442 0.634082 0.634082 0.634082
2806.300293 0.000000 576.074646 0.000000 0.799787 0.000000 -0.600283 0.737916 0.737916 0.737916
2800.716064 0.000000 580.498352 0.000000 0.213288 0.000000 -0.976989 0.922925 0.922925 0.922925
2789.768799 0.000000 586.873291 0.000000 0.051252 0.000000 -0.998686 0.957353 0.957353 0.957353
2795.286377 0.000000 579.852051 0.000000 0.648590 0.000000 -0.761138 0.865641 0.865641 0.865641
2795.433838 0.000000 583.452576 0.000000 0.979800 0.000000 -0.199980 0.663937 0.663937 0.663937
2802.343750 0.000000 595.901123 0.000000 0.761073 0.000000 -0.648667 0.758593 0.758593 0.758593
2794.543701 0.000000 588.114624 0.000000 0.238465 0.000000 -0.971151 1.108027 1.108027 1.108027
2799.458496 0.000000 599.676697 0.000000 0.871090 0.000000 -0.491124 0.693050 0.693050 0.693050
2788.731201 0.000000 584.202454 0.000000 0.258827 0.000000 -0.965924 0.998037 0.998037 0.998037
2794.923096 0.000000 597.257019 0.000000 0.892614 0.000000 -0.450821 0.705084 0.705084 0.705084
2787.588135 0.000000 578.351135 0.000000 0.376359 0.000000 -0.926474 0.823643 0.823643 0.823643
2794.176514 0.000000 586.463379 0.000000 0.130974 0.000000 -0.991386 1.149827 1.149827 1.149827
2789.955811 0.000000 580.899170 0.000000 0.999056 0.000000 -0.043431 0.609762 0.609762 0.609762
2787.160400 0.000000 586.558716 0.000000 0.895460 0.000000 -0.445143 0.682925 0.682925 0.682925
2802.299316 0.000000 583.903625 0.000000 0.839992 0.000000 -0.542598 0.728865 0.728865 0.728865
2788.076416 0.000000 575.960754 0.000000 0.901986 0.000000 -0.431765 0.700312 0.700312 0.700312
2789.338135 0.000000 589.754089 0.000000 0.997729 0.000000 0.067363 0.586468 0.586468 0.586468
2797.837402 0.000000 575.772644 0.000000 0.916646 0.000000 -0.399701 0.706557 0.706557 0.706557
2791.529297 0.000000 580.300964 0.000000 0.374056 0.000000 -0.927406 0.866800 0.866800 0.866800
2790.597412 0.000000 582.175659 0.000000 0.864982 0.000000 -0.501803 0.718115 0.718115 0.718115
2800.589844 0.000000 599.949097 0.000000 0.996005 0.000000 -0.089299 0.626253 0.626253 0.626253
2793.694824 0.000000 588.092712 0.000000 0.712997 0.000000 -0.701167 0.858395 0.858395 0.858395
2796.392334 0.000000 593.351013 0.000000 0.407398 0.000000 -0.913251 0.793133 0.793133 0.793133
2789.187988 0.000000 587.493225 0.000000 0.260588 0.000000 -0.965450 0.907412 0.907412 0.907412
2787.417236 0.000000 583.640503 0.000000 0.861266 0.000000 -0.508155 0.750110 0.750110 0.750110
2788.526611 0.000000 581.575623 0.000000 0.308348 0.000000 -0.951274 0.882511 0.882511 0.882511
2790.006836 0.000000 578.010498 0.000000 0.717641 0.000000 -0.696413 0.773098 0.773098 0.773098
2786.134277 0.000000 583.944214 0.000000 0.246939 0.000000 -0.969031 0.972086 0.972086 0.972086
2808.712891 0.000000 576.690125 0.000000 0.906537 0.000000 -0.422126 0.697917 0.697917 0.697917
2788.040283 0.000000 586.652954 0.000000 0.922069 0.000000 -0.387027 0.693460 0.693460 0.693460
2789.244141 0.000000 588.978394 0.000000 0.087411 0.000000 -0.996172 0.897726 0.897726 0.897726
2788.149170 0.000000 588.890869 0.000000 0.453618 0.000000 -0.891196 0.820790 0.820790 0.820790
2797.727295 0.000000 591.314819 0.000000 0.330809 0.000000 -0.943698 0.910447 0.910447 0.910447
2788.971191 0.000000 577.801880 0.000000 0.050454 0.000000 -0.998726 0.941600 0.941600 0.941600
2796.833008 0.000000 591.086487 0.000000 0.842162 0.000000 -0.539225 0.743320 0.743320 0.743320
2788.590576 0.000000 580.177490 0.000000 0.999992 0.000000 0.004034 0.599094 0.599094 0.599094
2795.792725 0.000000 590.100769 0.000000 0.166930 0.000000 -0.985969 0.988817 0.988817 0.988817
2804.777344 0.000000 605.175781 0.000000 0.879209 0.000000 -0.476437 0.719019 0.719019 0.719019
2793.582520 0.000000 580.888611 0.000000 0.305821 0.000000 -0.952089 0.883108 0.883108 0.883108
2796.338135 0.000000 582.214355 0.000000 0.769469 0.000000 -0.638684 0.833493 0.833493 0.833493
2792.034912 0.000000 590.779297 0.000000 0.973118 0.000000 -0.230306 0.665096 0.665096 0.665096
2792.207520 0.000000 585.101624 0.000000 0.401107 0.000000 -0.916031 0.924391 0.924391 0.924391
2797.140869 0.000000 598.492676 0.000000 0.912399 0.000000 -0.409303 0.685906 0.685906 0.685906
2789.352539 0.000000 586.152039 0.000000 0.901111 0.000000 -0.433589 0.705469 0.705469 0.705469
2808.197754 0.000000 614.440979 0.000000 0.424159 0.000000 -0.905588 0.749318 0.749318 0.749318
2807.093506 0.000000 608.415283 0.000000 0.974708 0.000000 -0.223483 0.645915 0.645915 0.645915
2811.003662 0.000000 617.964539 0.000000 0.788630 0.000000 -0.614868 0.821206 0.821206 0.821206
2809.760010 0.000000 611.352295 0.000000 0.888489 0.000000 -0.458897 0.695695 0.695695 0.695695
2804.036621 0.000000 608.736755 0.000000 0.999545 0.000000 0.030177 0.593445 0.593445 0.593445
2802.032959 0.000000 610.572876 0.000000 0.135519 0.000000 -0.990775 0.670928 0.670928 0.670928
2809.543945 0.000000 620.250305 0.000000 0.798978 0.000000 -0.601360 0.616430 0.616430 0.616430
2814.996582 0.000000 635.731079 0.000000 0.848306 0.000000 -0.529507 0.624240 0.624240 0.624240
2810.374268 0.000000 615.592346 0.000000 0.875756 0.000000 -0.482754 0.691313 0.691313 0.691313
2815.111572 0.000000 631.122253 0.000000 0.999597 0.000000 -0.028380 0.603869 0.603869 0.603869
2814.472412 0.000000 627.770264 0.000000 0.528088 0.000000 -0.849189 0.951021 0.951021 0.951021
2806.080566 0.000000 610.163879 0.000000 0.693549 0.000000 -0.720410 0.871108 0.871108 0.871108
2812.368896 0.000000 616.597473 0.000000 0.122369 0.000000 -0.992485 0.970930 0.970930 0.970930
2812.496338 0.000000 619.169556 0.000000 0.730942 0.000000 -0.682440 0.831768 0.831768 0.831768
2811.126709 0.000000 621.278198 0.000000 0.983364 0.000000 -0.181648 0.644599 0.644599 0.644599
2805.476807 0.000000 607.777771 0.000000 0.246511 0.000000 -0.969140 0.863319 0.863319 0.863319
2802.406494 0.000000 608.958069 0.000000 0.989699 0.000000 -0.143166 0.617000 0.617000 0.617000
2807.846680 0.000000 610.576782 0.000000 0.637956 0.000000 -0.770073 0.896238 0.896238 0.896238
2809.424561 0.000000 618.563904 0.000000 0.943317 0.000000 -0.331894 0.629899 0.629899 0.629899
2810.933105 0.000000 619.589783 0.000000 0.878846 0.000000 -0.477105 0.746021 0.746021 0.746021
2815.260986 0.000000 617.207703 0.000000 0.786547 0.000000 -0.617530 0.631905 0.631905 0.631905
2807.014893 0.000000 613.648193 0.000000 0.019317 0.000000 -0.999813 0.906769 0.906769 0.906769
2809.604736 0.000000 614.395325 0.000000 0.116188 0.000000 -0.993227 0.791708 0.791708 0.791708
2812.731201 0.000000 625.071045 0.000000 0.338942 0.000000 -0.940807 0.968829 0.968829 0.968829
2815.120117 0.000000 629.033447 0.000000 0.116773 0.000000 -0.993159 1.081255 1.081255 1.081255
2811.073242 0.000000 623.807251 0.000000 0.998841 0.000000 -0.048130 0.607284 0.607284 0.607284
2814.497314 0.000000 621.219482 0.000000 0.974140 0.000000 -0.225945 0.640968 0.640968 0.640968
2803.092285 0.000000 607.727356 0.000000 0.998576 0.000000 -0.053355 0.607996 0.607996 0.607996
2805.320557 0.000000 609.094666 0.000000 0.887175 0.000000 -0.461434 0.704171 0.704171 0.704171
2811.196777 0.000000 614.479919 0.000000 0.980305 0.000000 -0.197488 0.636032 0.636032 0.636032
2806.104492 0.000000 611.456238 0.000000 0.379457 0.000000 -0.925209 0.998235 0.998235 0.998235
2812.800537 0.000000 617.874512 0.000000 0.648352 0.000000 -0.761340 0.821663 0.821663 0.821663
2809.162109 0.000000 615.860107 0.000000 0.998007 0.000000 -0.063101 0.608323 0.608323 0.608323
2811.938965 0.000000 620.281860 0.000000 0.669109 0.000000 -0.743164 0.804556 0.804556 0.804556
2813.075439 0.000000 615.513000 0.000000 0.069305 0.000000 -0.997595 0.782173 0.782173 0.782173
2811.881348 0.000000 615.487244 0.000000 0.446465 0.000000 -0.894801 0.800822 0.800822 0.800822
2813.447021 0.000000 619.902222 0.000000 0.468589 0.000000 -0.883416 0.934217 0.934217 0.934217
2813.537842 0.000000 616.944031 0.000000 0.460435 0.000000 -0.887693 0.879791 0.879791 0.879791
2813.335205 0.000000 622.170044 0.000000 0.790946 0.000000 -0.611887 0.817973 0.817973 0.817973
2809.921387 0.000000 610.264404 0.000000 0.182651 0.000000 -0.983178 0.878425 0.878425 0.878425
2813.437012 0.000000 623.234253 0.000000 0.907857 0.000000 -0.419280 0.743226 0.743226 0.743226
2808.906494 0.000000 610.646545 0.000000 0.901938 0.000000 -0.431866 0.689635 0.689635 0.689635
2802.112793 0.000000 607.980591 0.000000 0.703229 0.000000 -0.710963 0.718466 0.718466 0.718466
2811.852295 0.000000 617.454285 0.000000 0.212641 0.000000 -0.977130 1.053129 1.053129 1.053129
2813.814697 0.000000 614.862671 0.000000 0.184396 0.000000 -0.982852 0.768086 0.768086 0.768086
2807.032227 0.000000 611.110046 0.000000 0.953696 0.000000 -0.300772 0.702965 0.702965 0.702965
2811.504639 0.000000 618.795105 0.000000 0.036381 0.000000 -0.999338 1.050493 1.050493 1.050493
2810.383545 0.000000 618.742188 0.000000 0.542322 0.000000 -0.840171 0.892889 0.892889 0.892889
2806.271729 0.000000 609.145874 0.000000 0.099990 0.000000 -0.994988 0.899596 0.899596 0.899596
2813.025879 0.000000 625.988525 0.000000 0.747234 0.000000 -0.664561 0.818860 0.818860 0.818860
2813.426025 0.000000 618.872559 0.000000 0.604667 0.000000 -0.796478 0.884334 0.884334 0.884334
2810.375977 0.000000 621.929321 0.000000 0.932812 0.000000 -0.360363 0.690012 0.690012 0.690012
2810.000244 0.000000 617.826355 0.000000 0.883343 0.000000 -0.468727 0.762960 0.762960 0.762960
2813.218750 0.000000 624.312073 0.000000 0.917661 0.000000 -0.397365 0.723036 0.723036 0.723036
2806.690918 0.000000 612.816223 0.000000 0.428610 0.000000 -0.903490 0.823005 0.823005 0.823005
2804.482178 0.000000 609.490967 0.000000 0.997600 0.000000 0.069244 0.584948 0.584948 0.584948
2809.185059 0.000000 611.991516 0.000000 0.352944 0.000000 -0.935644 0.842890 0.842890 0.842890
2806.300293 0.000000 608.059021 0.000000 0.999960 0.000000 -0.008985 0.601831 0.601831 0.601831
2805.328857 0.000000 610.985413 0.000000 0.780131 0.000000 -0.625616 0.732635 0.732635 0.732635
2810.401855 0.000000 614.720825 0.000000 0.726396 0.000000 -0.687276 0.737339 0.737339 0.737339
2813.718750 0.000000 624.973206 0.000000 0.816924 0.000000 -0.576746 0.785088 0.785088 0.785088
2812.182373 0.000000 618.381653 0.000000 0.174432 0.000000 -0.984669 1.030604 1.030604 1.030604
2812.025879 0.000000 625.470703 0.000000 0.951495 0.000000 -0.307666 0.694161 0.694161 0.694161
2813.660889 0.000000 621.472046 0.000000 0.998553 0.000000 0.053780 0.580415 0.580415 0.580415
2811.458252 0.000000 621.992310 0.000000 0.191427 0.000000 -0.981507 0.936500 0.936500 0.936500
2807.094482 0.000000 610.350708 0.000000 0.715342 0.000000 -0.698775 0.860758 0.860758 0.860758
2739.495605 0.000000 734.617126 0.000000 0.729052 0.000000 -0.684459 0.672271 0.672271 0.672271
2744.514893 0.000000 733.845154 0.000000 0.590891 0.000000 -0.806752 0.895261 0.895261 0.895261
2740.052246 0.000000 704.689880 0.000000 0.877837 0.000000 -0.478959 0.625438 0.625438 0.625438
2750.416504 0.000000 729.192871 0.000000 0.872696 0.000000 -0.488263 0.610697 0.610697 0.610697
2738.048584 0.000000 706.526001 0.000000 0.867044 0.000000 -0.498232 0.635157 0.635157 0.635157
2747.160400 0.000000 732.524414 0.000000 0.974299 0.000000 -0.225259 0.686787 0.686787 0.686787
2746.328125 0.000000 734.681885 0.000000 0.793699 0.000000 -0.608311 0.849783 0.849783 0.849783
2748.093018 0.000000 734.815979 0.000000 0.840922 0.000000 -0.541157 0.797859 0.797859 0.797859
2743.188232 0.000000 734.749329 0.000000 0.992700 0.000000 -0.120614 0.646184 0.646184 0.646184
2746.518555 0.000000 731.036926 0.000000 0.368082 0.000000 -0.929793 0.684050 0.684050 0.684050
2745.517334 0.000000 732.557007 0.000000 0.756430 0.000000 -0.654075 0.824272 0.824272 0.824272
2750.566895 0.000000 732.988770 0.000000 0.240548 0.000000 -0.970637 1.107207 1.107207 1.107207
2741.022705 0.000000 733.864014 0.000000 0.391738 0.000000 -0.920077 0.694500 0.694500 0.694500
2742.266357 0.000000 733.927063 0.000000 0.947813 0.000000 -0.318828 0.661245 0.661245 0.661245
2746.265137 0.000000 733.457520 0.000000 0.280696 0.000000 -0.959797 1.091322 1.091322 1.091322
2748.698975 0.000000 730.365112 0.000000 0.451964 0.000000 -0.892036 0.774949 0.774949 0.774949
2748.385742 0.000000 733.859436 0.000000 0.992334 0.000000 -0.123585 0.647327 0.647327 0.647327
2742.694824 0.000000 732.334412 0.000000 0.959429 0.000000 -0.281951 0.653947 0.653947 0.653947
2749.657959 0.000000 733.071960 0.000000 0.957795 0.000000 -0.287451 0.711369 0.711369 0.711369
2745.377441 0.000000 733.607422 0.000000 0.676648 0.000000 -0.736307 0.860333 0.860333 0.860333
2750.510010 0.000000 733.967834 0.000000 0.900654 0.000000 -0.434537 0.771706 0.771706 0.771706
2743.638428 0.000000 733.949463 0.000000 0.886170 0.000000 -0.463360 0.690931 0.690931 0.690931
2748.931396 0.000000 734.539368 0.000000 0.765431 0.000000 -0.643518 0.841898 0.841898 0.841898
2747.844238 0.000000 733.084778 0.000000 0.971622 0.000000 -0.236539 0.691216 0.691216 0.691216
2749.108643 0.000000 732.208130 0.000000 0.956584 0.000000 -0.291456 0.712968 0.712968 0.712968
2742.358398 0.000000 734.700684 0.000000 0.029702 0.000000 -0.999559 1.188653 1.188653 1.188653
2750.301270 0.000000 731.362915 0.000000 0.997800 0.000000 0.066302 0.586384 0.586384 0.586384
2740.105469 0.000000 743.843384 0.000000 0.929671 0.000000 -0.368392 0.743545 0.743545 0.743545
2739.452148 0.000000 741.655212 0.000000 0.353001 0.000000 -0.935623 0.687001 0.687001 0.687001
2744.943604 0.000000 737.365051 0.000000 0.101713 0.000000 -0.994814 1.110474 1.110474 1.110474
2741.468506 0.000000 743.428650 0.000000 0.933336 0.000000 -0.359003 0.739710 0.739710 0.739710
2741.336182 0.000000 737.032166 0.000000 0.293850 0.000000 -0.955851 1.086076 1.086076 1.086076
2743.178467 0.000000 737.524597 0.000000 0.440712 0.000000 -0.897649 1.025671 1.025671 1.025671
2749.114990 0.000000 735.667297 0.000000 0.962979 0.000000 -0.269578 0.694448 0.694448 0.694448
2738.799072 0.000000 737.808655 0.000000 0.331265 0.000000 -0.943538 0.936186 0.936186 0.936186
2740.617188 0.000000 735.935303 0.000000 0.229024 0.000000 -0.973421 1.111736 1.111736 1.111736
2740.497803 0.000000 737.428467 0.000000 0.932579 0.000000 -0.360967 0.741064 0.741064 0.741064
2740.328613 0.000000 738.871399 0.000000 0.921606 0.000000 -0.388126 0.752253 0.752253 0.752253
2740.946045 0.000000 744.112732 0.000000 0.998674 0.000000 -0.051480 0.608486 0.608486 0.608486
2741.344482 0.000000 738.922913 0.000000 0.482576 0.000000 -0.875854 1.007641 1.007641 1.007641
2740.690918 0.000000 743.318970 0.000000 0.639289 0.000000 -0.768966 0.933760 0.933760 0.933760
2740.992188 0.000000 740.400513 0.000000 0.413774 0.000000 -0.910380 1.037052 1.037052 1.037052
2738.921875 0.000000 738.625977 0.000000 0.544455 0.000000 -0.838790 0.793768 0.793768 0.793768
2740.209961 0.000000 741.825623 0.000000 0.875111 0.000000 -0.483922 0.792946 0.792946 0.792946
2766.983154 0.000000 731.616211 0.000000 0.998926 0.000000 -0.046343 0.615069 0.615069 0.615069
2763.162109 0.000000 728.857605 0.000000 0.972434 0.000000 -0.233177 0.684607 0.684607 0.684607
2751.579102 0.000000 729.208069 0.000000 0.832197 0.000000 -0.554481 0.612326 0.612326 0.612326
2760.367676 0.000000 729.871765 0.000000 0.999578 0.000000 -0.029063 0.602438 0.602438 0.602438
2768.453125 0.000000 734.223389 0.000000 0.908055 0.000000 -0.418852 0.753428 0.753428 0.753428
2764.178711 0.000000 731.545288 0.000000 0.773031 0.000000 -0.634368 0.862487 0.862487 0.862487
2762.359131 0.000000 725.961731 0.000000 0.009676 0.000000 -0.999953 0.728615 0.728615 0.728615
2764.452881 0.000000 726.842896 0.000000 0.706181 0.000000 -0.708032 0.775586 0.775586 0.775586
2761.213867 0.000000 727.818970 0.000000 0.776943 0.000000 -0.629571 0.636723 0.636723 0.636723
2765.683105 0.000000 732.995544 0.000000 0.373777 0.000000 -0.927519 1.000302 1.000302 1.000302
2764.799316 0.000000 728.400574 0.000000 0.688440 0.000000 -0.725293 0.909955 0.909955 0.909955
2766.758057 0.000000 734.131836 0.000000 0.600560 0.000000 -0.799580 0.953933 0.953933 0.953933
2767.847168 0.000000 732.870056 0.000000 0.978055 0.000000 -0.208348 0.680170 0.680170 0.680170
2761.745850 0.000000 729.378540 0.000000 0.782534 0.000000 -0.622608 0.656376 0.656376 0.656376
2765.685303 0.000000 716.848083 0.000000 0.454107 0.000000 -0.890947 0.791036 0.791036 0.791036
2754.586670 0.000000 731.575134 0.000000 0.692748 0.000000 -0.721180 0.749617 0.749617 0.749617
2766.907959 0.000000 714.455078 0.000000 0.301905 0.000000 -0.953338 0.719293 0.719293 0.719293
2751.347900 0.000000 732.942688 0.000000 0.565210 0.000000 -0.824947 0.970554 0.970554 0.970554
2764.505859 0.000000 732.649719 0.000000 0.575982 0.000000 -0.817463 0.922539 0.922539 0.922539
2762.270752 0.000000 728.177368 0.000000 0.842250 0.000000 -0.539086 0.804684 0.804684 0.804684
2766.680176 0.000000 732.651245 0.000000 0.661519 0.000000 -0.749928 0.923894 0.923894 0.923894
2769.002686 0.000000 735.103149 0.000000 0.901402 0.000000 -0.432982 0.758973 0.758973 0.758973
2763.364014 0.000000 726.415894 0.000000 0.866337 0.000000 -0.499460 0.684605 0.684605 0.684605
2765.696045 0.000000 727.914917 0.000000 0.857224 0.000000 -0.514943 0.720734 0.720734 0.720734
2753.978760 0.000000 733.908630 0.000000 0.921981 0.000000 -0.387234 0.746523 0.746523 0.746523
2752.254395 0.000000 733.846008 0.000000 0.992904 0.000000 -0.118915 0.643923 0.643923 0.643923
2764.817139 0.000000 730.840088 0.000000 0.014874 0.000000 -0.999889 1.194318 1.194318 1.194318
2767.891113 0.000000 731.936035 0.000000 0.999522 0.000000 -0.030931 0.610056 0.610056 0.610056
2765.570557 0.000000 728.936096 0.000000 0.741800 0.000000 -0.670621 0.880767 0.880767 0.880767
2754.777344 0.000000 730.672913 0.000000 0.641624 0.000000 -0.767019 0.762374 0.762374 0.762374
2765.304443 0.000000 732.183594 0.000000 0.793301 0.000000 -0.608830 0.820617 0.820617 0.820617
2767.724854 0.000000 733.718811 0.000000 0.998533 0.000000 -0.054147 0.620693 0.620693 0.620693
2765.326904 0.000000 717.639465 0.000000 0.771288 0.000000 -0.636487 0.719883 0.719883 0.719883
2764.941650 0.000000 727.536926 0.000000 0.614960 0.000000 -0.788559 0.802761 0.802761 0.802761
2766.188232 0.000000 731.968384 0.000000 0.935393 0.000000 -0.353609 0.717482 0.717482 0.717482
2753.972412 0.000000 732.116272 0.000000 0.010018 0.000000 -0.999950 1.175132 1.175132 1.175132
2751.526855 0.000000 730.100220 0.000000 0.870269 0.000000 -0.492576 0.705696 0.705696 0.705696
2752.760742 0.000000 732.215027 0.000000 0.432074 0.000000 -0.901838 1.014185 1.014185 1.014185
2752.498535 0.000000 731.335754 0.000000 0.289888 0.000000 -0.957061 0.881121 0.881121 0.881121
2767.037109 0.000000 733.361023 0.000000 0.986876 0.000000 -0.161479 0.661952 0.661952 0.661952
2803.479980 0.000000 734.617126 0.000000 0.712437 0.000000 -0.701736 0.625633 0.625633 0.625633
2806.138428 0.000000 729.877258 0.000000 0.362530 0.000000 -0.931972 0.824655 0.824655 0.824655
2813.546143 0.000000 725.555176 0.000000 0.762799 0.000000 -0.646636 0.868589 0.868589 0.868589
2808.499268 0.000000 733.845154 0.000000 0.995055 0.000000 -0.099326 0.604322 0.604322 0.604322
2809.654785 0.000000 726.809875 0.000000 0.396633 0.000000 -0.917977 0.882207 0.882207 0.882207
2805.926514 0.000000 721.845886 0.000000 0.680015 0.000000 -0.733198 0.612328 0.612328 0.612328
2808.906006 0.000000 730.932190 0.000000 0.603338 0.000000 -0.797486 0.736894 0.736894 0.736894
2814.400879 0.000000 729.192871 0.000000 0.906384 0.000000 -0.422455 0.707145 0.707145 0.707145
2811.664795 0.000000 723.448975 0.000000 0.577960 0.000000 -0.816065 0.760146 0.760146 0.760146
2812.152344 0.000000 727.497559 0.000000 0.955644 0.000000 -0.294524 0.693146 0.693146 0.693146
2809.253418 0.000000 724.503845 0.000000 0.889047 0.000000 -0.457816 0.663397 0.663397 0.663397
2815.111572 0.000000 727.075378 0.000000 0.432118 0.000000 -0.901817 0.872744 0.872744 0.872744
2812.909668 0.000000 731.429993 0.000000 0.947800 0.000000 -0.318867 0.670975 0.670975 0.670975
2809.572510 0.000000 728.922668 0.000000 0.616206 0.000000 -0.787585 0.803766 0.803766 0.803766
2811.461670 0.000000 725.529480 0.000000 0.441035 0.000000 -0.897490 1.025534 1.025534 1.025534
2808.032715 0.000000 725.903137 0.000000 0.999204 0.000000 0.039885 0.594681 0.594681 0.594681
2807.956055 0.000000 729.428101 0.000000 0.114790 0.000000 -0.993390 0.872577 0.872577 0.872577
2810.502930 0.000000 731.036926 0.000000 0.769015 0.000000 -0.639230 0.730890 0.730890 0.730890
2810.203369 0.000000 723.163208 0.000000 0.959217 0.000000 -0.282671 0.648079 0.648079 0.648079
2812.934082 0.000000 729.191772 0.000000 0.999148 0.000000 -0.041273 0.609276 0.609276 0.609276
2815.120117 0.000000 724.986572 0.000000 0.496442 0.000000 -0.868070 0.990544 0.990544 0.990544
2808.752441 0.000000 727.774414 0.000000 0.923214 0.000000 -0.384286 0.695715 0.695715 0.695715
2810.059814 0.000000 725.585510 0.000000 0.362614 0.000000 -0.931939 1.058261 1.058261 1.058261
2805.007080 0.000000 733.864014 0.000000 0.965655 0.000000 -0.259826 0.634647 0.634647 0.634647
2810.930420 0.000000 726.679016 0.000000 0.087997 0.000000 -0.996121 1.133030 1.133030 1.133030
2802.614014 0.000000 733.592163 0.000000 0.461888 0.000000 -0.886938 1.016607 1.016607 1.016607
2811.807129 0.000000 728.642700 0.000000 0.822793 0.000000 -0.568341 0.735822 0.735822 0.735822
2814.861328 0.000000 722.520020 0.000000 0.071504 0.000000 -0.997440 0.936861 0.936861 0.936861
2815.183350 0.000000 730.296631 0.000000 0.770566 0.000000 -0.637361 0.738713 0.738713 0.738713
2815.065186 0.000000 728.205688 0.000000 0.566146 0.000000 -0.824305 0.838038 0.838038 0.838038
2806.981934 0.000000 728.782410 0.000000 0.511713 0.000000 -0.859156 0.793536 0.793536 0.793536
2803.074463 0.000000 731.572754 0.000000 0.832462 0.000000 -0.554082 0.824317 0.824317 0.824317
2812.683350 0.000000 730.365112 0.000000 0.634328 0.000000 -0.773064 0.793254 0.793254 0.793254
2800.994873 0.000000 735.103149 0.000000 0.992452 0.000000 -0.122633 0.633517 0.633517 0.633517
2808.994385 0.000000 725.539246 0.000000 0.972275 0.000000 -0.233841 0.631466 0.631466 0.631466
2808.167969 0.000000 726.908264 0.000000 0.834509 0.000000 -0.550994 0.741608 0.741608 0.741608
2812.732178 0.000000 728.254761 0.000000 0.835688 0.000000 -0.549204 0.730637 0.730637 0.730637
2811.720215 0.000000 724.606934 0.000000 0.703202 0.000000 -0.710990 0.902104 0.902104 0.902104
2813.016357 0.000000 727.153076 0.000000 0.977547 0.000000 -0.210717 0.666149 0.666149 0.666149
2808.371826 0.000000 724.138672 0.000000 0.762781 0.000000 -0.646657 0.693747 0.693747 0.693747
2803.742920 0.000000 732.241577 0.000000 0.263727 0.000000 -0.964597 1.098058 1.098058 1.098058
2806.479004 0.000000 730.806702 0.000000 0.935034 0.000000 -0.354559 0.725413 0.725413 0.725413
2809.866943 0.000000 727.682678 0.000000 0.921608 0.000000 -0.388121 0.696724 0.696724 0.696724
2802.964600 0.000000 730.690857 0.000000 0.784386 0.000000 -0.620273 0.855574 0.855574 0.855574
2807.809814 0.000000 728.571106 0.000000 0.960514 0.000000 -0.278230 0.652793 0.652793 0.652793
2811.419189 0.000000 730.678589 0.000000 0.998028 0.000000 0.062778 0.588144 0.588144 0.588144
2811.781006 0.000000 726.736389 0.000000 0.999834 0.000000 -0.018212 0.606548 0.606548 0.606548
2813.628174 0.000000 728.707825 0.000000 0.993540 0.000000 -0.113485 0.625554 0.625554 0.625554
2814.298096 0.000000 725.210205 0.000000 0.498953 0.000000 -0.866629 0.989468 0.989468 0.989468
2814.426270 0.000000 727.610535 0.000000 0.942039 0.000000 -0.335502 0.683025 0.683025 0.683025
2811.378662 0.000000 727.409363 0.000000 0.235944 0.000000 -0.971767 1.079076 1.079076 1.079076
2804.923584 0.000000 731.550720 0.000000 0.009245 0.000000 -0.999957 1.196469 1.196469 1.196469
2814.285645 0.000000 731.362915 0.000000 0.189517 0.000000 -0.981877 0.877022 0.877022 0.877022
2772.819336 0.000000 739.611389 0.000000 0.999738 0.000000 -0.022893 0.600377 0.600377 0.600377
2769.075439 0.000000 735.920044 0.000000 0.698258 0.000000 -0.715846 0.883239 0.883239 0.883239
2759.430176 0.000000 748.930176 0.000000 0.612726 0.000000 -0.790295 0.645047 0.645047 0.645047
2765.714355 0.000000 743.292847 0.000000 0.982497 0.000000 -0.186276 0.650520 0.650520 0.650520
2766.080322 0.000000 736.500488 0.000000 0.092060 0.000000 -0.995753 1.164786 1.164786 1.164786
2770.040771 0.000000 738.510376 0.000000 0.851844 0.000000 -0.523796 0.695794 0.695794 0.695794
2767.675293 0.000000 738.660828 0.000000 0.999997 0.000000 -0.002413 0.600922 0.600922 0.600922
2769.332275 0.000000 754.205811 0.000000 0.191469 0.000000 -0.981499 0.812628 0.812628 0.812628
2764.992432 0.000000 741.584045 0.000000 0.755551 0.000000 -0.655090 0.862144 0.862144 0.862144
2759.633545 0.000000 747.146790 0.000000 0.987208 0.000000 -0.159439 0.661162 0.661162 0.661162
2771.661377 0.000000 738.283020 0.000000 0.999832 0.000000 -0.018318 0.603183 0.603183 0.603183
2758.907227 0.000000 742.952148 0.000000 0.690858 0.000000 -0.722990 0.892943 0.892943 0.892943
2768.817871 0.000000 737.491333 0.000000 0.153437 0.000000 -0.988158 1.141159 1.141159 1.141159
2768.331787 0.000000 750.219666 0.000000 0.999997 0.000000 -0.002287 0.600874 0.600874 0.600874
2770.122070 0.000000 742.503723 0.000000 0.783721 0.000000 -0.621113 0.647181 0.647181 0.647181
2764.213135 0.000000 742.993408 0.000000 0.997313 0.000000 -0.073255 0.619769 0.619769 0.619769
2767.374756 0.000000 748.286804 0.000000 0.879532 0.000000 -0.475840 0.789427 0.789427 0.789427
2770.800781 0.000000 753.929077 0.000000 0.421618 0.000000 -0.906774 0.656133 0.656133 0.656133
2757.218018 0.000000 744.875183 0.000000 0.492290 0.000000 -0.870431 1.001810 1.001810 1.001810
2766.510742 0.000000 751.227661 0.000000 0.989325 0.000000 -0.145725 0.643594 0.643594 0.643594
2766.293457 0.000000 738.266418 0.000000 0.999990 0.000000 -0.004539 0.601734 0.601734 0.601734
2756.837158 0.000000 746.677429 0.000000 0.380097 0.000000 -0.924946 0.831725 0.831725 0.831725
2759.926758 0.000000 745.742310 0.000000 0.774945 0.000000 -0.632029 0.861333 0.861333 0.861333
2771.100098 0.000000 735.664856 0.000000 0.999432 0.000000 0.033700 0.595405 0.595405 0.595405
2758.479492 0.000000 744.291687 0.000000 0.250118 0.000000 -0.968215 1.103437 1.103437 1.103437
2769.556152 0.000000 755.508362 0.000000 0.592606 0.000000 -0.805493 0.744491 0.744491 0.744491
2761.402832 0.000000 743.273926 0.000000 0.893052 0.000000 -0.449953 0.778271 0.778271 0.778271
2766.907959 0.000000 746.439453 0.000000 0.425765 0.000000 -0.904834 1.025230 1.025230 1.025230
2763.634033 0.000000 741.869019 0.000000 0.495641 0.000000 -0.868527 0.948331 0.948331 0.948331
2767.166504 0.000000 737.426697 0.000000 0.472264 0.000000 -0.881457 1.012125 1.012125 1.012125
2765.238770 0.000000 744.493591 0.000000 0.866502 0.000000 -0.499174 0.782412 0.782412 0.782412
2768.157715 0.000000 747.324707 0.000000 0.925708 0.000000 -0.378240 0.748165 0.748165 0.748165
2766.551025 0.000000 744.111938 0.000000 0.347564 0.000000 -0.937656 1.064411 1.064411 1.064411
2770.382080 0.000000 741.192627 0.000000 0.884412 0.000000 -0.466707 0.659642 0.659642 0.659642
2771.864746 0.000000 740.253113 0.000000 0.019396 0.000000 -0.999812 0.790559 0.790559 0.790559
2767.711914 0.000000 742.048218 0.000000 0.610876 0.000000 -0.791726 0.872342 0.872342 0.872342
2764.110840 0.000000 745.707397 0.000000 0.673030 0.000000 -0.739615 0.890556 0.890556 0.890556
2758.939209 0.000000 745.268311 0.000000 0.762257 0.000000 -0.647274 0.868909 0.868909 0.868909
2768.029541 0.000000 749.176392 0.000000 0.393467 0.000000 -0.919339 1.045531 1.045531 1.045531
2768.816650 0.000000 752.248352 0.000000 0.996493 0.000000 -0.083681 0.632001 0.632001 0.632001
2767.448242 0.000000 750.754700 0.000000 0.428643 0.000000 -0.903474 0.936185 0.936185 0.936185
2768.674072 0.000000 754.951477 0.000000 0.965863 0.000000 -0.259053 0.640429 0.640429 0.640429
2770.791260 0.000000 737.808655 0.000000 0.490665 0.000000 -0.871348 0.853556 0.853556 0.853556
2754.986572 0.000000 745.212830 0.000000 0.861448 0.000000 -0.507846 0.803470 0.803470 0.803470
2760.080078 0.000000 749.911316 0.000000 0.991095 0.000000 -0.133154 0.640410 0.640410 0.640410
2756.678223 0.000000 745.735657 0.000000 0.218278 0.000000 -0.975887 1.113924 1.113924 1.113924
2768.803955 0.000000 738.637634 0.000000 0.564017 0.000000 -0.825763 0.904162 0.904162 0.904162
2760.561768 0.000000 747.023010 0.000000 0.806754 0.000000 -0.590887 0.841466 0.841466 0.841466
2764.838867 0.000000 738.829163 0.000000 0.999892 0.000000 -0.014683 0.604553 0.604553 0.604553
2764.321289 0.000000 748.614197 0.000000 0.041182 0.000000 -0.999152 1.184265 1.184265 1.184265
2767.131592 0.000000 747.407837 0.000000 0.438472 0.000000 -0.898745 1.019932 1.019932 1.019932
2762.718506 0.000000 741.804932 0.000000 0.965110 0.000000 -0.261846 0.687705 0.687705 0.687705
2766.678955 0.000000 748.872192 0.000000 0.686567 0.000000 -0.727066 0.910940 0.910940 0.910940
2768.037598 0.000000 739.715881 0.000000 0.024413 0.000000 -0.999702 1.084121 1.084121 1.084121
2761.562500 0.000000 747.212402 0.000000 0.972624 0.000000 -0.232383 0.689583 0.689583 0.689583
2767.966553 0.000000 737.805725 0.000000 0.365672 0.000000 -0.930744 1.057007 1.057007 1.057007
2758.133301 0.000000 743.374878 0.000000 0.772712 0.000000 -0.634757 0.849288 0.849288 0.849288
2766.066162 0.000000 746.215393 0.000000 0.968713 0.000000 -0.248185 0.694298 0.694298 0.694298
2768.392822 0.000000 754.134888 0.000000 0.221091 0.000000 -0.975253 0.807957 0.807957 0.807957
2758.044922 0.000000 745.168396 0.000000 0.844141 0.000000 -0.536121 0.816133 0.816133 0.816133
2771.195801 0.000000 736.528809 0.000000 0.396848 0.000000 -0.917884 0.878667 0.878667 0.878667
2763.021484 0.000000 746.529724 0.000000 0.971941 0.000000 -0.235223 0.690699 0.690699 0.690699
2768.723877 0.000000 740.420227 0.000000 0.277905 0.000000 -0.960608 0.824008 0.824008 0.824008
2757.776611 0.000000 746.795166 0.000000 0.999658 0.000000 -0.026159 0.605134 0.605134 0.605134
2763.441650 0.000000 743.374451 0.000000 0.638659 0.000000 -0.769490 0.906452 0.906452 0.906452
2762.551514 0.000000 748.036499 0.000000 0.233205 0.000000 -0.972427 1.110094 1.110094 1.110094
2759.216064 0.000000 743.770935 0.000000 0.963671 0.000000 -0.267094 0.698011 0.698011 0.698011
2756.739014 0.000000 744.124329 0.000000 0.874433 0.000000 -0.485147 0.792722 0.792722 0.792722
2756.261475 0.000000 744.982544 0.000000 0.054292 0.000000 -0.998525 1.176980 1.176980 1.176980
2766.876709 0.000000 751.986511 0.000000 0.354757 0.000000 -0.934958 0.960132 0.960132 0.960132
2768.255615 0.000000 735.681274 0.000000 0.974675 0.000000 -0.223626 0.680066 0.680066 0.680066
2761.702637 0.000000 748.014587 0.000000 0.256891 0.000000 -0.966440 0.996682 0.996682 0.996682
2765.332031 0.000000 747.205383 0.000000 0.957639 0.000000 -0.287972 0.711577 0.711577 0.711577
2757.195801 0.000000 747.415100 0.000000 0.556110 0.000000 -0.831109 0.792520 0.792520 0.792520
2766.648438 0.000000 748.016602 0.000000 0.405984 0.000000 -0.913880 1.040315 1.040315 1.040315
2764.002930 0.000000 747.740051 0.000000 0.957209 0.000000 -0.289398 0.712146 0.712146 0.712146
2767.656006 0.000000 746.664490 0.000000 0.603167 0.000000 -0.797615 0.947154 0.947154 0.947154
2758.841064 0.000000 747.032349 0.000000 0.404373 0.000000 -0.914594 1.040988 1.040988 1.040988
2766.243896 0.000000 750.477844 0.000000 0.989610 0.000000 -0.143780 0.643008 0.643008 0.643008
2765.735107 0.000000 751.236694 0.000000 0.618114 0.000000 -0.786088 0.850640 0.850640 0.850640
2765.611816 0.000000 748.052307 0.000000 0.942087 0.000000 -0.335369 0.730633 0.730633 0.730633
2760.215332 0.000000 745.023499 0.000000 0.221306 0.000000 -0.975204 1.114761 1.114761 1.114761
2799.576172 0.000000 736.287048 0.000000 0.974377 0.000000 -0.224922 0.639759 0.639759 0.639759
2799.158691 0.000000 737.426697 0.000000 0.680848 0.000000 -0.732425 0.744040 0.744040 0.744040
2816.063965 0.000000 551.659363 0.000000 0.954869 0.000000 -0.297027 0.633881 0.633881 0.633881
2823.531982 0.000000 566.407471 0.000000 0.776006 0.000000 -0.630726 0.676674 0.676674 0.676674
2820.151855 0.000000 548.854370 0.000000 0.511370 0.000000 -0.859361 0.632527 0.632527 0.632527
2819.715088 0.000000 553.894775 0.000000 0.990233 0.000000 -0.139425 0.615715 0.615715 0.615715
2822.025635 0.000000 571.951416 0.000000 0.572459 0.000000 -0.819933 0.679197 0.679197 0.679197
2823.103271 0.000000 560.203979 0.000000 0.940957 0.000000 -0.338526 0.638798 0.638798 0.638798
2815.364014 0.000000 574.262756 0.000000 0.704505 0.000000 -0.709699 0.688648 0.688648 0.688648
2824.352051 0.000000 569.949890 0.000000 0.908234 0.000000 -0.418463 0.608408 0.608408 0.608408
2828.014404 0.000000 562.094543 0.000000 0.999330 0.000000 0.036598 0.596326 0.596326 0.596326
2818.726807 0.000000 551.182983 0.000000 0.827514 0.000000 -0.561445 0.666972 0.666972 0.666972
2825.198242 0.000000 567.897095 0.000000 0.407215 0.000000 -0.913332 0.693134 0.693134 0.693134
2825.085449 0.000000 560.792969 0.000000 0.973463 0.000000 -0.228842 0.620405 0.620405 0.620405
2824.785889 0.000000 558.651184 0.000000 0.801699 0.000000 -0.597728 0.626871 0.626871 0.626871
2826.815430 0.000000 563.998474 0.000000 0.837943 0.000000 -0.545757 0.654479 0.654479 0.654479
2830.358154 0.000000 563.515198 0.000000 0.710155 0.000000 -0.704045 0.636270 0.636270 0.636270
2825.703369 0.000000 552.652710 0.000000 0.999115 0.000000 0.042053 0.595967 0.595967 0.595967
2818.058838 0.000000 552.892090 0.000000 0.091590 0.000000 -0.995797 0.766167 0.766167 0.766167
2823.617920 0.000000 555.240540 0.000000 0.950944 0.000000 -0.309364 0.663132 0.663132 0.663132
2822.891602 0.000000 551.045898 0.000000 0.110586 0.000000 -0.993867 0.687478 0.687478 0.687478
2819.887939 0.000000 552.330078 0.000000 0.692232 0.000000 -0.721675 0.690574 0.690574 0.690574
2818.938965 0.000000 574.375244 0.000000 0.903850 0.000000 -0.427848 0.620530 0.620530 0.620530
2823.041016 0.000000 570.786926 0.000000 0.994650 0.000000 -0.103302 0.608526 0.608526 0.608526
2820.056152 0.000000 550.375183 0.000000 0.662392 0.000000 -0.749158 0.695132 0.695132 0.695132
2823.719482 0.000000 568.004578 0.000000 0.029681 0.000000 -0.999559 0.763902 0.763902 0.763902
2824.880371 0.000000 555.988586 0.000000 0.958274 0.000000 -0.285850 0.656451 0.656451 0.656451
2822.204346 0.000000 555.611633 0.000000 0.844638 0.000000 -0.535337 0.713390 0.713390 0.713390
2827.708008 0.000000 565.569519 0.000000 0.998863 0.000000 -0.047665 0.602643 0.602643 0.602643
2820.821533 0.000000 554.771179 0.000000 0.991727 0.000000 -0.128364 0.616968 0.616968 0.616968
2825.031006 0.000000 566.428406 0.000000 0.796518 0.000000 -0.604615 0.652519 0.652519 0.652519
2820.773193 0.000000 572.243958 0.000000 0.882832 0.000000 -0.469688 0.645408 0.645408 0.645408
2816.729004 0.000000 573.124146 0.000000 0.193414 0.000000 -0.981117 0.754604 0.754604 0.754604
2822.553955 0.000000 567.298340 0.000000 0.173377 0.000000 -0.984856 0.756894 0.756894 0.756894
2822.222168 0.000000 563.011902 0.000000 0.528341 0.000000 -0.849032 0.713934 0.713934 0.713934
2825.577881 0.000000 564.038513 0.000000 0.987495 0.000000 -0.157648 0.617785 0.617785 0.617785
2823.896973 0.000000 561.210266 0.000000 0.104317 0.000000 -0.994544 0.764730 0.764730 0.764730
2823.180664 0.000000 569.471741 0.000000 0.023629 0.000000 -0.999721 0.764546 0.764546 0.764546
2815.332275 0.000000 573.020813 0.000000 0.707141 0.000000 -0.707072 0.688230 0.688230 0.688230
2820.928711 0.000000 573.432129 0.000000 0.017334 0.000000 -0.999850 0.744272 0.744272 0.744272
2815.324951 0.000000 548.696716 0.000000 0.999748 0.000000 0.022453 0.595863 0.595863 0.595863
2828.000244 0.000000 563.784485 0.000000 0.558247 0.000000 -0.829675 0.698206 0.698206 0.698206
2827.133545 0.000000 562.895447 0.000000 0.548748 0.000000 -0.835988 0.693419 0.693419 0.693419
2821.198730 0.000000 571.220825 0.000000 0.619352 0.000000 -0.785114 0.701434 0.701434 0.701434
2829.786377 0.000000 562.327881 0.000000 0.079521 0.000000 -0.996833 0.749658 0.749658 0.749658
2824.916992 0.000000 553.387939 0.000000 0.844662 0.000000 -0.535299 0.654152 0.654152 0.654152
2817.567627 0.000000 548.499573 0.000000 0.811174 0.000000 -0.584805 0.670175 0.670175 0.670175
2817.995361 0.000000 550.279114 0.000000 0.518697 0.000000 -0.854958 0.715206 0.715206 0.715206
2815.964355 0.000000 546.290649 0.000000 0.085530 0.000000 -0.996336 0.771299 0.771299 0.771299
2818.870850 0.000000 552.269897 0.000000 0.896489 0.000000 -0.443065 0.651568 0.651568 0.651568
2816.072754 0.000000 550.656738 0.000000 0.695225 0.000000 -0.718792 0.690108 0.690108 0.690108
2817.963135 0.000000 573.986755 0.000000 0.791211 0.000000 -0.611543 0.673924 0.673924 0.673924
2824.546143 0.000000 555.116760 0.000000 0.046041 0.000000 -0.998940 0.896914 0.896914 0.896914
2825.546875 0.000000 555.306152 0.000000 0.747640 0.000000 -0.664104 0.741432 0.741432 0.741432
2827.231689 0.000000 555.569153 0.000000 0.742561 0.000000 -0.669779 0.738518 0.738518 0.738518
2822.825439 0.000000 555.126099 0.000000 0.204748 0.000000 -0.978815 0.873904 0.873904 0.873904
2815.501221 0.000000 577.363220 0.000000 0.900902 0.000000 -0.434022 0.616140 0.616140 0.616140
2815.580811 0.000000 575.791870 0.000000 0.572048 0.000000 -0.820220 0.708053 0.708053 0.708053
2815.563477 0.000000 633.254944 0.000000 0.364702 0.000000 -0.931124 0.650225 0.650225 0.650225
2819.440918 0.000000 629.443542 0.000000 0.998174 0.000000 0.060403 0.594568 0.594568 0.594568
2823.500000 0.000000 638.764404 0.000000 0.695899 0.000000 -0.718139 0.690002 0.690002 0.690002
2817.441406 0.000000 631.377502 0.000000 0.642441 0.000000 -0.766335 0.872037 0.872037 0.872037
2822.303711 0.000000 632.526550 0.000000 0.740507 0.000000 -0.672048 0.630910 0.630910 0.630910
2815.330078 0.000000 627.098389 0.000000 0.816144 0.000000 -0.577849 0.813181 0.813181 0.813181
2819.942627 0.000000 635.109558 0.000000 0.419154 0.000000 -0.907915 0.855760 0.855760 0.855760
2821.341309 0.000000 630.524109 0.000000 0.839280 0.000000 -0.543699 0.627554 0.627554 0.627554
2817.947021 0.000000 628.534607 0.000000 0.485342 0.000000 -0.874325 0.861393 0.861393 0.861393
2815.443359 0.000000 621.644897 0.000000 0.998900 0.000000 -0.046888 0.608431 0.608431 0.608431
2820.893311 0.000000 632.024414 0.000000 0.702727 0.000000 -0.711460 0.766001 0.766001 0.766001
2818.571045 0.000000 635.622009 0.000000 0.924472 0.000000 -0.381249 0.687887 0.687887 0.687887
2817.991943 0.000000 630.082031 0.000000 0.378885 0.000000 -0.925444 0.968339 0.968339 0.968339
2821.842529 0.000000 639.045959 0.000000 0.113587 0.000000 -0.993528 0.763682 0.763682 0.763682
2819.191895 0.000000 633.908936 0.000000 0.937508 0.000000 -0.347965 0.679854 0.679854 0.679854
2820.773193 0.000000 636.212708 0.000000 0.803904 0.000000 -0.594759 0.743120 0.743120 0.743120
2824.206543 0.000000 637.633972 0.000000 0.580260 0.000000 -0.814431 0.706924 0.706924 0.706924
2816.806396 0.000000 630.317444 0.000000 0.051909 0.000000 -0.998652 1.073231 1.073231 1.073231
2815.388916 0.000000 628.444946 0.000000 0.389544 0.000000 -0.921008 0.987538 0.987538 0.987538
2816.144775 0.000000 639.121765 0.000000 0.881073 0.000000 -0.472980 0.645017 0.645017 0.645017
2815.483887 0.000000 618.801331 0.000000 0.615336 0.000000 -0.788265 0.696567 0.696567 0.696567
2821.198730 0.000000 635.189575 0.000000 0.822190 0.000000 -0.569213 0.736060 0.736060 0.736060
2819.624512 0.000000 639.238403 0.000000 0.683122 0.000000 -0.730304 0.691984 0.691984 0.691984
2815.375732 0.000000 625.839966 0.000000 0.870478 0.000000 -0.492207 0.763424 0.763424 0.763424
2815.700439 0.000000 631.950378 0.000000 0.892033 0.000000 -0.451969 0.663926 0.663926 0.663926
2821.326416 0.000000 633.017578 0.000000 0.490156 0.000000 -0.871635 0.821984 0.821984 0.821984
2818.582275 0.000000 631.936340 0.000000 0.231783 0.000000 -0.972768 0.942438 0.942438 0.942438
2819.511963 0.000000 635.977783 0.000000 0.568508 0.000000 -0.822677 0.817073 0.817073 0.817073
2817.963135 0.000000 637.955505 0.000000 0.002705 0.000000 -0.999996 0.776167 0.776167 0.776167
2823.268311 0.000000 637.798218 0.000000 0.999935 0.000000 -0.011425 0.602105 0.602105 0.602105
2821.683350 0.000000 636.812805 0.000000 0.996387 0.000000 -0.084927 0.619105 0.619105 0.619105
2817.029785 0.000000 626.851501 0.000000 0.989293 0.000000 -0.145943 0.626766 0.626766 0.626766
2819.795410 0.000000 637.918457 0.000000 0.941172 0.000000 -0.337929 0.654734 0.654734 0.654734
2818.914551 0.000000 636.655457 0.000000 0.976529 0.000000 -0.215386 0.634469 0.634469 0.634469
2817.545166 0.000000 627.567749 0.000000 0.998078 0.000000 0.061978 0.588666 0.588666 0.588666
2820.663086 0.000000 634.495911 0.000000 0.886230 0.000000 -0.463246 0.708223 0.708223 0.708223
2815.936035 0.000000 620.896179 0.000000 0.927361 0.000000 -0.374167 0.668934 0.668934 0.668934
2815.808105 0.000000 622.451782 0.000000 0.032909 0.000000 -0.999458 1.012351 1.012351 1.012351
2818.218506 0.000000 630.927063 0.000000 0.939098 0.000000 -0.343650 0.689856 0.689856 0.689856
2818.861816 0.000000 630.175720 0.000000 0.983738 0.000000 -0.179609 0.646257 0.646257 0.646257
2816.174561 0.000000 626.915161 0.000000 0.998776 0.000000 0.049461 0.590957 0.590957 0.590957
2817.381836 0.000000 626.008057 0.000000 0.982575 0.000000 -0.185869 0.634166 0.634166 0.634166
2818.377930 0.000000 633.679138 0.000000 0.674539 0.000000 -0.738239 0.786595 0.786595 0.786595
2867.464355 0.000000 638.664001 0.000000 0.901567 0.000000 -0.432641 0.766210 0.766210 0.766210
2872.890381 0.000000 634.979065 0.000000 0.875704 0.000000 -0.482849 0.792477 0.792477 0.792477
2869.776367 0.000000 636.806885 0.000000 0.999442 0.000000 -0.033391 0.610506 0.610506 0.610506
2864.429688 0.000000 638.270264 0.000000 0.166885 0.000000 -0.985976 0.789161 0.789161 0.789161
2875.129150 0.000000 636.571289 0.000000 0.750394 0.000000 -0.660991 0.647595 0.647595 0.647595
2866.295654 0.000000 636.406555 0.000000 0.617909 0.000000 -0.786250 0.815477 0.815477 0.815477
2876.136719 0.000000 631.544434 0.000000 0.326742 0.000000 -0.945113 1.072859 1.072859 1.072859
2873.237793 0.000000 628.550720 0.000000 0.757173 0.000000 -0.653215 0.624524 0.624524 0.624524
2878.456787 0.000000 627.770264 0.000000 0.683180 0.000000 -0.730250 0.629432 0.629432 0.629432
2868.149902 0.000000 635.476318 0.000000 0.163415 0.000000 -0.986557 1.012983 1.012983 1.012983
2875.446045 0.000000 629.576355 0.000000 0.408206 0.000000 -0.912890 0.891200 0.891200 0.891200
2869.573730 0.000000 639.076294 0.000000 0.212513 0.000000 -0.977158 1.097881 1.097881 1.097881
2872.017090 0.000000 629.950012 0.000000 0.675247 0.000000 -0.737592 0.628578 0.628578 0.628578
2865.911377 0.000000 638.689087 0.000000 0.448205 0.000000 -0.893931 0.749109 0.749109 0.749109
2877.626221 0.000000 631.921021 0.000000 0.972396 0.000000 -0.233338 0.689958 0.689958 0.689958
2869.645264 0.000000 635.329834 0.000000 0.508031 0.000000 -0.861339 0.904721 0.904721 0.904721
2874.737793 0.000000 632.016479 0.000000 0.050244 0.000000 -0.998737 1.180800 1.180800 1.180800
2871.182861 0.000000 637.210632 0.000000 0.203161 0.000000 -0.979145 0.937670 0.937670 0.937670
2876.605713 0.000000 636.947632 0.000000 0.280527 0.000000 -0.959846 0.719475 0.719475 0.719475
2874.629883 0.000000 628.485657 0.000000 0.802978 0.000000 -0.596008 0.761642 0.761642 0.761642
2874.044189 0.000000 629.632385 0.000000 0.447558 0.000000 -0.894255 0.880177 0.880177 0.880177
2874.914795 0.000000 630.725891 0.000000 0.268742 0.000000 -0.963212 1.096071 1.096071 1.096071
2875.791504 0.000000 632.689575 0.000000 0.751687 0.000000 -0.659520 0.875088 0.875088 0.875088
2879.167725 0.000000 634.343506 0.000000 0.037371 0.000000 -0.999301 1.185722 1.185722 1.185722
2868.762695 0.000000 636.393677 0.000000 0.824183 0.000000 -0.566324 0.789380 0.789380 0.789380
2864.979248 0.000000 639.150024 0.000000 0.004246 0.000000 -0.999991 0.811192 0.811192 0.811192
2877.717529 0.000000 628.526001 0.000000 0.159390 0.000000 -0.987216 1.138857 1.138857 1.138857
2872.152344 0.000000 630.955139 0.000000 0.946468 0.000000 -0.322798 0.657605 0.657605 0.657605
2873.628174 0.000000 635.636902 0.000000 0.846539 0.000000 -0.532327 0.814419 0.814419 0.814419
2875.704590 0.000000 628.653809 0.000000 0.971537 0.000000 -0.236888 0.660544 0.660544 0.660544
2877.000732 0.000000 631.199951 0.000000 0.217718 0.000000 -0.976012 1.116166 1.116166 1.116166
2867.727295 0.000000 636.288452 0.000000 0.956970 0.000000 -0.290188 0.670123 0.670123 0.670123
2868.450684 0.000000 638.631775 0.000000 0.997849 0.000000 -0.065559 0.624077 0.624077 0.624077
2871.607178 0.000000 637.996338 0.000000 0.629277 0.000000 -0.777181 0.820014 0.820014 0.820014
2870.463379 0.000000 634.853577 0.000000 0.464481 0.000000 -0.885583 1.015489 1.015489 1.015489
2874.727783 0.000000 634.231628 0.000000 0.022852 0.000000 -0.999739 1.191270 1.191270 1.191270
2875.765381 0.000000 630.783264 0.000000 0.084874 0.000000 -0.996392 1.167542 1.167542 1.167542
2877.612549 0.000000 632.754700 0.000000 0.012159 0.000000 -0.999926 1.195355 1.195355 1.195355
2878.410645 0.000000 631.657410 0.000000 0.987920 0.000000 -0.154966 0.659432 0.659432 0.659432
2867.979004 0.000000 637.951660 0.000000 0.561266 0.000000 -0.827636 0.832188 0.832188 0.832188
2868.761719 0.000000 637.160156 0.000000 0.966645 0.000000 -0.256120 0.681474 0.681474 0.681474
2872.029297 0.000000 635.573730 0.000000 0.413413 0.000000 -0.910544 1.037204 1.037204 1.037204
2869.534912 0.000000 636.085083 0.000000 0.970377 0.000000 -0.241598 0.676758 0.676758 0.676758
2870.383057 0.000000 635.662842 0.000000 0.921718 0.000000 -0.387861 0.752143 0.752143 0.752143
2882.077881 0.000000 636.973938 0.000000 0.997303 0.000000 0.073397 0.588886 0.588886 0.588886
2883.425293 0.000000 629.443542 0.000000 0.994403 0.000000 -0.105654 0.617283 0.617283 0.617283
2879.348389 0.000000 638.231506 0.000000 0.090419 0.000000 -0.995904 0.646564 0.646564 0.646564
2881.923340 0.000000 626.713928 0.000000 0.571374 0.000000 -0.820690 0.638932 0.638932 0.638932
2887.484375 0.000000 638.764404 0.000000 0.789266 0.000000 -0.614052 0.852554 0.852554 0.852554
2879.314453 0.000000 627.098389 0.000000 0.322077 0.000000 -0.946714 0.644682 0.644682 0.644682
2883.927002 0.000000 635.109558 0.000000 0.126164 0.000000 -0.992009 0.924518 0.924518 0.924518
2885.325684 0.000000 630.524109 0.000000 0.576514 0.000000 -0.817088 0.695980 0.695980 0.695980
2879.401123 0.000000 630.914734 0.000000 0.966542 0.000000 -0.256509 0.699087 0.699087 0.699087
2885.096680 0.000000 628.487915 0.000000 0.999904 0.000000 0.013880 0.599231 0.599231 0.599231
2886.108887 0.000000 637.703857 0.000000 0.540248 0.000000 -0.841506 0.713850 0.713850 0.713850
2881.041748 0.000000 638.344543 0.000000 0.995677 0.000000 -0.092882 0.625358 0.625358 0.625358
2883.749512 0.000000 637.019287 0.000000 0.956063 0.000000 -0.293163 0.645014 0.645014 0.645014
2882.001465 0.000000 632.843384 0.000000 0.210724 0.000000 -0.977545 0.901166 0.901166 0.901166
2880.257080 0.000000 634.530579 0.000000 0.931120 0.000000 -0.364712 0.737566 0.737566 0.737566
2884.877686 0.000000 632.024414 0.000000 0.027926 0.000000 -0.999610 0.710933 0.710933 0.710933
2882.555420 0.000000 635.622009 0.000000 0.751348 0.000000 -0.659906 0.761932 0.761932 0.761932
2885.826904 0.000000 639.045959 0.000000 0.368428 0.000000 -0.929656 0.953974 0.953974 0.953974
2883.176270 0.000000 633.908936 0.000000 0.727936 0.000000 -0.685645 0.767487 0.767487 0.767487
2880.665771 0.000000 632.479248 0.000000 0.359470 0.000000 -0.933156 0.944211 0.944211 0.944211
2884.757568 0.000000 636.212708 0.000000 0.889145 0.000000 -0.457625 0.755216 0.755216 0.755216
2880.713379 0.000000 637.092896 0.000000 0.404626 0.000000 -0.914482 0.753876 0.753876 0.753876
2880.790771 0.000000 630.317444 0.000000 0.140519 0.000000 -0.990078 0.921263 0.921263 0.921263
2879.316650 0.000000 636.989563 0.000000 0.431325 0.000000 -0.902197 0.699411 0.699411 0.699411
2884.913086 0.000000 637.400879 0.000000 0.062708 0.000000 -0.998032 1.092450 1.092450 1.092450
2879.373291 0.000000 628.444946 0.000000 0.589245 0.000000 -0.807954 0.959310 0.959310 0.959310
2886.933838 0.000000 636.871460 0.000000 0.915697 0.000000 -0.401868 0.647080 0.647080 0.647080
2884.109863 0.000000 630.359436 0.000000 0.278040 0.000000 -0.960569 0.729370 0.729370 0.729370
2880.994873 0.000000 633.552429 0.000000 0.981320 0.000000 -0.192382 0.655387 0.655387 0.655387
2886.835449 0.000000 639.657227 0.000000 0.325310 0.000000 -0.945607 1.073438 1.073438 1.073438
2879.684814 0.000000 631.950378 0.000000 0.951426 0.000000 -0.307879 0.719543 0.719543 0.719543
2882.566650 0.000000 631.936340 0.000000 0.995388 0.000000 -0.095932 0.621588 0.621588 0.621588
2881.305664 0.000000 629.326477 0.000000 0.260278 0.000000 -0.965534 1.099423 1.099423 1.099423
2882.959473 0.000000 628.536194 0.000000 0.847694 0.000000 -0.530486 0.691299 0.691299 0.691299
2883.496338 0.000000 635.977783 0.000000 0.602863 0.000000 -0.797845 0.807548 0.807548 0.807548
2887.252686 0.000000 637.798218 0.000000 0.926446 0.000000 -0.376428 0.643936 0.643936 0.643936
2886.593018 0.000000 638.477905 0.000000 0.469927 0.000000 -0.882705 1.013137 1.013137 1.013137
2882.746094 0.000000 634.719788 0.000000 0.999999 0.000000 0.001080 0.599757 0.599757 0.599757
2882.898926 0.000000 636.655457 0.000000 0.813526 0.000000 -0.581529 0.693892 0.693892 0.693892
2881.071289 0.000000 628.478638 0.000000 0.183758 0.000000 -0.982971 1.129408 1.129408 1.129408
2881.850342 0.000000 638.808289 0.000000 0.510657 0.000000 -0.859785 0.882123 0.882123 0.882123
2882.362305 0.000000 633.679138 0.000000 0.840410 0.000000 -0.541950 0.726976 0.726976 0.726976
2885.007812 0.000000 639.236633 0.000000 0.875095 0.000000 -0.483951 0.749827 0.749827 0.749827
2879.953857 0.000000 630.277588 0.000000 0.988864 0.000000 -0.148825 0.657059 0.657059 0.657059
2882.846191 0.000000 633.015747 0.000000 0.725227 0.000000 -0.688510 0.768361 0.768361 0.768361
2881.027832 0.000000 634.775940 0.000000 0.489102 0.000000 -0.872227 0.990503 0.990503 0.990503
2880.467285 0.000000 635.382629 0.000000 0.256797 0.000000 -0.966465 1.083124 1.083124 1.083124
2829.496094 0.000000 643.517334 0.000000 0.691233 0.000000 -0.722632 0.690730 0.690730 0.690730
2821.004883 0.000000 640.079041 0.000000 0.025082 0.000000 -0.999685 0.773652 0.773652 0.773652
2835.472168 0.000000 670.648376 0.000000 0.215665 0.000000 -0.976467 0.654738 0.654738 0.654738
2836.803711 0.000000 643.658264 0.000000 0.197907 0.000000 -0.980221 0.606164 0.606164 0.606164
2838.130615 0.000000 665.908508 0.000000 0.945966 0.000000 -0.324267 0.637100 0.637100 0.637100
2845.584961 0.000000 670.040466 0.000000 0.731366 0.000000 -0.681985 0.684312 0.684312 0.684312
2827.820312 0.000000 650.849731 0.000000 0.183812 0.000000 -0.982961 0.680965 0.680965 0.680965
2840.189941 0.000000 646.425354 0.000000 0.970262 0.000000 -0.242056 0.637355 0.637355 0.637355
2838.379639 0.000000 654.826111 0.000000 0.503354 0.000000 -0.864080 0.717211 0.717211 0.717211
2830.779053 0.000000 653.812805 0.000000 0.997651 0.000000 -0.068501 0.607702 0.607702 0.607702
2841.646973 0.000000 662.841125 0.000000 0.998809 0.000000 0.048782 0.594517 0.594517 0.594517
2835.233154 0.000000 659.401672 0.000000 0.745390 0.000000 -0.666628 0.674324 0.674324 0.674324
2823.609863 0.000000 641.562744 0.000000 0.597616 0.000000 -0.801783 0.704511 0.704511 0.704511
2843.136963 0.000000 668.555664 0.000000 0.999506 0.000000 0.031442 0.596467 0.596467 0.596467
2827.053711 0.000000 642.336731 0.000000 0.510336 0.000000 -0.859975 0.716302 0.716302 0.716302
2822.683350 0.000000 645.267212 0.000000 0.342330 0.000000 -0.939580 0.737218 0.737218 0.737218
2834.303467 0.000000 668.390930 0.000000 0.999360 0.000000 -0.035765 0.601072 0.601072 0.601072
2821.365479 0.000000 642.488342 0.000000 0.289038 0.000000 -0.957318 0.722478 0.722478 0.722478
2832.859375 0.000000 652.487976 0.000000 0.649865 0.000000 -0.760050 0.695704 0.695704 0.695704
2842.366455 0.000000 647.576721 0.000000 0.866176 0.000000 -0.499738 0.637625 0.637625 0.637625
2828.405518 0.000000 653.602844 0.000000 0.931780 0.000000 -0.363024 0.631720 0.631720 0.631720
2841.245605 0.000000 660.535095 0.000000 0.999974 0.000000 -0.007152 0.600804 0.600804 0.600804
2827.457520 0.000000 644.646606 0.000000 0.789364 0.000000 -0.613926 0.674263 0.674263 0.674263
2828.437256 0.000000 662.874146 0.000000 0.333714 0.000000 -0.942674 0.647925 0.647925 0.647925
2835.428711 0.000000 645.702087 0.000000 0.307861 0.000000 -0.951431 0.741313 0.741313 0.741313
2835.990723 0.000000 661.443542 0.000000 0.999968 0.000000 -0.007994 0.600898 0.600898 0.600898
2830.850830 0.000000 645.390808 0.000000 0.574858 0.000000 -0.818253 0.707667 0.707667 0.707667
2827.955322 0.000000 648.660278 0.000000 0.617521 0.000000 -0.786555 0.758645 0.758645 0.758645
2846.317139 0.000000 654.633667 0.000000 0.306323 0.000000 -0.951928 0.809412 0.809412 0.809412
2830.125244 0.000000 649.390991 0.000000 0.055706 0.000000 -0.998447 0.940418 0.940418 0.940418
2833.316650 0.000000 658.252686 0.000000 0.524618 0.000000 -0.851338 0.714426 0.714426 0.714426
2843.198730 0.000000 657.328125 0.000000 0.755281 0.000000 -0.655401 0.680294 0.680294 0.680294
2833.955078 0.000000 654.203003 0.000000 0.897083 0.000000 -0.441862 0.639077 0.639077 0.639077
2837.581543 0.000000 671.060669 0.000000 0.997407 0.000000 0.071969 0.591908 0.591908 0.591908
2824.078369 0.000000 639.688599 0.000000 0.997892 0.000000 -0.064901 0.607296 0.607296 0.607296
2837.211914 0.000000 659.721313 0.000000 0.196010 0.000000 -0.980602 0.754306 0.754306 0.754306
2840.024902 0.000000 661.934387 0.000000 0.956231 0.000000 -0.292611 0.633361 0.633361 0.633361
2843.118896 0.000000 653.262573 0.000000 0.994087 0.000000 -0.108585 0.617927 0.617927 0.617927
2846.638916 0.000000 651.841370 0.000000 0.052131 0.000000 -0.998640 0.898001 0.898001 0.898001
2828.976807 0.000000 645.630920 0.000000 0.785272 0.000000 -0.619151 0.675008 0.675008 0.675008
2840.736816 0.000000 671.667358 0.000000 0.778917 0.000000 -0.627126 0.676154 0.676154 0.676154
2825.495117 0.000000 641.500671 0.000000 0.988437 0.000000 -0.151630 0.617101 0.617101 0.617101
2844.069580 0.000000 670.847229 0.000000 0.683266 0.000000 -0.730170 0.691962 0.691962 0.691962
2834.748535 0.000000 644.115051 0.000000 0.785597 0.000000 -0.618738 0.674949 0.674949 0.674949
2836.487793 0.000000 665.443298 0.000000 0.058003 0.000000 -0.998316 0.769951 0.769951 0.769951
2839.948242 0.000000 665.459351 0.000000 0.998322 0.000000 -0.057914 0.606510 0.606510 0.606510
2828.825684 0.000000 641.958862 0.000000 0.602559 0.000000 -0.798074 0.703817 0.703817 0.703817
2839.164795 0.000000 670.780579 0.000000 0.920874 0.000000 -0.389860 0.644992 0.644992 0.644992
2837.493408 0.000000 656.218872 0.000000 0.859637 0.000000 -0.510905 0.660243 0.660243 0.660243
2832.316162 0.000000 654.266541 0.000000 0.164451 0.000000 -0.986385 0.720012 0.720012 0.720012
2834.106445 0.000000 646.550598 0.000000 0.810230 0.000000 -0.586111 0.721950 0.721950 0.721950
2832.910889 0.000000 643.628174 0.000000 0.443828 0.000000 -0.896112 0.699846 0.699846 0.699846
2845.106201 0.000000 659.032043 0.000000 0.708553 0.000000 -0.705657 0.688005 0.688005 0.688005
2836.408936 0.000000 658.403198 0.000000 0.117827 0.000000 -0.993034 0.763202 0.763202 0.763202
2831.359131 0.000000 652.333679 0.000000 0.242256 0.000000 -0.970212 0.748981 0.748981 0.748981
2834.785156 0.000000 657.975952 0.000000 0.998284 0.000000 0.058550 0.593418 0.593418 0.593418
2837.653076 0.000000 667.314209 0.000000 0.917342 0.000000 -0.398100 0.645999 0.645999 0.645999
2824.689941 0.000000 642.728271 0.000000 0.984266 0.000000 -0.176691 0.619955 0.619955 0.619955
2842.745605 0.000000 664.000854 0.000000 0.804770 0.000000 -0.593587 0.671396 0.671396 0.671396
2842.195557 0.000000 659.194458 0.000000 0.580003 0.000000 -0.814614 0.706959 0.706959 0.706959
2839.190674 0.000000 669.195007 0.000000 0.127947 0.000000 -0.991781 0.762057 0.762057 0.762057
2820.136230 0.000000 641.674438 0.000000 0.505794 0.000000 -0.862655 0.716894 0.716894 0.716894
2830.495117 0.000000 655.274536 0.000000 0.677454 0.000000 -0.735565 0.674282 0.674282 0.674282
2829.669678 0.000000 652.879333 0.000000 0.691728 0.000000 -0.722158 0.668896 0.668896 0.668896
2826.439697 0.000000 651.244019 0.000000 0.999863 0.000000 -0.016573 0.600968 0.600968 0.600968
2836.681396 0.000000 652.028870 0.000000 0.161504 0.000000 -0.986872 0.754027 0.754027 0.754027
2846.098389 0.000000 666.639221 0.000000 0.953376 0.000000 -0.301786 0.634441 0.634441 0.634441
2844.723389 0.000000 657.055420 0.000000 0.870052 0.000000 -0.492960 0.657912 0.657912 0.657912
2834.784668 0.000000 648.621582 0.000000 0.953171 0.000000 -0.302432 0.669034 0.669034 0.669034
2847.282715 0.000000 650.626343 0.000000 0.257648 0.000000 -0.966239 0.857101 0.857101 0.857101
2847.112305 0.000000 661.017822 0.000000 0.993315 0.000000 -0.115437 0.612998 0.612998 0.612998
2837.783691 0.000000 644.635498 0.000000 0.357528 0.000000 -0.933902 0.717342 0.717342 0.717342
2827.992432 0.000000 643.376526 0.000000 0.973594 0.000000 -0.228288 0.625875 0.625875 0.625875
2828.765625 0.000000 651.856384 0.000000 0.904524 0.000000 -0.426422 0.649492 0.649492 0.649492
2846.489502 0.000000 653.203857 0.000000 0.712195 0.000000 -0.701982 0.809818 0.809818 0.809818
2846.543457 0.000000 669.020020 0.000000 0.822919 0.000000 -0.568158 0.667886 0.667886 0.667886
2832.701172 0.000000 646.555237 0.000000 0.513942 0.000000 -0.857825 0.810038 0.810038 0.810038
2823.996094 0.000000 644.931396 0.000000 0.640602 0.000000 -0.767873 0.698359 0.698359 0.698359
2842.637695 0.000000 660.470032 0.000000 0.661366 0.000000 -0.750063 0.695286 0.695286 0.695286
2828.054688 0.000000 654.912781 0.000000 0.164019 0.000000 -0.986457 0.739005 0.739005 0.739005
2833.540527 0.000000 659.555237 0.000000 0.924968 0.000000 -0.380045 0.643797 0.643797 0.643797
2826.759521 0.000000 641.051208 0.000000 0.439534 0.000000 -0.898226 0.725345 0.725345 0.725345
2829.407471 0.000000 654.527344 0.000000 0.698032 0.000000 -0.716067 0.678908 0.678908 0.678908
2840.750000 0.000000 659.343384 0.000000 0.998026 0.000000 0.062805 0.592940 0.592940 0.592940
2839.620605 0.000000 660.697021 0.000000 0.996320 0.000000 -0.085714 0.607842 0.607842 0.607842
2836.621826 0.000000 645.187500 0.000000 0.081011 0.000000 -0.996713 0.745045 0.745045 0.745045
2839.614746 0.000000 649.346680 0.000000 0.999994 0.000000 0.003342 0.599249 0.599249 0.599249
2844.792725 0.000000 649.858887 0.000000 0.883337 0.000000 -0.468738 0.667963 0.667963 0.667963
2829.223145 0.000000 648.540466 0.000000 0.127001 0.000000 -0.991903 0.913517 0.913517 0.913517
2837.043945 0.000000 662.074036 0.000000 0.794514 0.000000 -0.607246 0.673315 0.673315 0.673315
2835.071777 0.000000 653.697144 0.000000 0.089681 0.000000 -0.995970 0.832935 0.832935 0.832935
2844.480225 0.000000 662.282349 0.000000 0.589799 0.000000 -0.807550 0.705603 0.705603 0.705603
2839.595703 0.000000 654.975830 0.000000 0.354355 0.000000 -0.935111 0.735777 0.735777 0.735777
2834.110352 0.000000 652.819092 0.000000 0.044481 0.000000 -0.999010 0.840060 0.840060 0.840060
2828.675049 0.000000 644.449951 0.000000 0.951147 0.000000 -0.308737 0.635261 0.635261 0.635261
2836.114502 0.000000 660.199097 0.000000 0.324319 0.000000 -0.945948 0.739364 0.739364 0.739364
2843.931152 0.000000 652.266235 0.000000 0.949845 0.000000 -0.312721 0.652407 0.652407 0.652407
2834.980713 0.000000 647.401428 0.000000 0.613053 0.000000 -0.790042 0.777376 0.777376 0.777376
2825.044678 0.000000 640.400635 0.000000 0.740098 0.000000 -0.672499 0.682863 0.682863 0.682863
2830.112793 0.000000 656.420227 0.000000 0.244104 0.000000 -0.969749 0.748767 0.748767 0.748767
2841.810303 0.000000 666.125488 0.000000 0.492422 0.000000 -0.870357 0.718628 0.718628 0.718628
2830.668701 0.000000 646.655701 0.000000 0.578612 0.000000 -0.815603 0.792872 0.792872 0.792872
2846.853516 0.000000 658.551270 0.000000 0.931977 0.000000 -0.362517 0.641676 0.641676 0.641676
2838.359863 0.000000 660.064819 0.000000 0.029265 0.000000 -0.999572 0.740855 0.740855 0.740855
2829.850098 0.000000 644.653625 0.000000 0.232580 0.000000 -0.972577 0.750100 0.750100 0.750100
2835.849121 0.000000 644.299988 0.000000 0.199191 0.000000 -0.979961 0.753942 0.753942 0.753942
2842.661377 0.000000 665.210632 0.000000 0.999801 0.000000 -0.019971 0.602244 0.602244 0.602244
2847.057373 0.000000 664.236938 0.000000 0.998213 0.000000 0.059759 0.593282 0.593282 0.593282
2842.277100 0.000000 657.959717 0.000000 0.814536 0.000000 -0.580112 0.669526 0.669526 0.669526
2825.830322 0.000000 642.584961 0.000000 0.910892 0.000000 -0.412646 0.647787 0.647787 0.647787
2839.190186 0.000000 666.318481 0.000000 0.019285 0.000000 -0.999814 0.739443 0.739443 0.739443
2839.008545 0.000000 662.345276 0.000000 0.604755 0.000000 -0.796412 0.703508 0.703508 0.703508
2827.187988 0.000000 639.757446 0.000000 0.805599 0.000000 -0.592461 0.670289 0.670289 0.670289
2840.608154 0.000000 652.856567 0.000000 0.993155 0.000000 -0.116806 0.623149 0.623149 0.623149
2843.246094 0.000000 648.384094 0.000000 0.748547 0.000000 -0.663082 0.754197 0.754197 0.754197
2818.356689 0.000000 640.827026 0.000000 0.978726 0.000000 -0.205172 0.623215 0.623215 0.623215
2832.013916 0.000000 653.223267 0.000000 0.833522 0.000000 -0.552486 0.664883 0.664883 0.664883
2832.801025 0.000000 656.295227 0.000000 0.245052 0.000000 -0.969510 0.748657 0.748657 0.748657
2831.336914 0.000000 656.775452 0.000000 0.766512 0.000000 -0.642230 0.678350 0.678350 0.678350
2837.013428 0.000000 657.285583 0.000000 0.386874 0.000000 -0.922133 0.731843 0.731843 0.731843
2834.306152 0.000000 655.216431 0.000000 0.395361 0.000000 -0.918526 0.730807 0.730807 0.730807
2845.725342 0.000000 660.510376 0.000000 0.623655 0.000000 -0.781700 0.700817 0.700817 0.700817
2840.986572 0.000000 661.570496 0.000000 0.996904 0.000000 0.078634 0.591157 0.591157 0.591157
2846.913574 0.000000 657.179871 0.000000 0.994825 0.000000 -0.101605 0.611435 0.611435 0.611435
2837.727295 0.000000 653.619324 0.000000 0.265318 0.000000 -0.964161 0.742401 0.742401 0.742401
2826.329346 0.000000 644.670410 0.000000 0.389421 0.000000 -0.921060 0.731532 0.731532 0.731532
2824.890381 0.000000 645.356506 0.000000 0.110137 0.000000 -0.993916 0.764072 0.764072 0.764072
2822.561523 0.000000 644.221680 0.000000 0.207536 0.000000 -0.978227 0.752984 0.752984 0.752984
2844.362305 0.000000 669.890686 0.000000 0.896733 0.000000 -0.442572 0.651506 0.651506 0.651506
2822.144043 0.000000 643.305298 0.000000 0.622072 0.000000 -0.782960 0.701044 0.701044 0.701044
2838.671387 0.000000 668.365662 0.000000 0.036208 0.000000 -0.999344 0.772402 0.772402 0.772402
2840.876709 0.000000 665.789612 0.000000 0.839628 0.000000 -0.543162 0.664508 0.664508 0.664508
2843.496826 0.000000 650.779480 0.000000 0.974490 0.000000 -0.224432 0.650861 0.650861 0.650861
2824.294922 0.000000 643.642273 0.000000 0.227101 0.000000 -0.973871 0.750732 0.750732 0.750732
2842.487061 0.000000 652.464722 0.000000 0.531084 0.000000 -0.847319 0.766571 0.766571 0.766571
2845.418213 0.000000 650.856934 0.000000 0.133830 0.000000 -0.991004 1.006703 1.006703 1.006703
2842.368164 0.000000 653.913696 0.000000 0.615767 0.000000 -0.787929 0.749521 0.749521 0.749521
2844.070312 0.000000 653.276245 0.000000 0.664218 0.000000 -0.747539 0.844102 0.844102 0.844102
2829.039062 0.000000 649.440430 0.000000 0.571460 0.000000 -0.820630 0.809057 0.809057 0.809057
2831.115967 0.000000 651.454712 0.000000 0.997990 0.000000 0.063368 0.589267 0.589267 0.589267
2837.346680 0.000000 651.404541 0.000000 0.191024 0.000000 -0.981585 0.816828 0.816828 0.816828
2837.806152 0.000000 650.440308 0.000000 0.426626 0.000000 -0.904428 0.777735 0.777735 0.777735
2833.047852 0.000000 651.269897 0.000000 0.980677 0.000000 -0.195636 0.644243 0.644243 0.644243
2831.044434 0.000000 649.597473 0.000000 0.721430 0.000000 -0.692487 0.771872 0.771872 0.771872
2830.050537 0.000000 650.262268 0.000000 0.885998 0.000000 -0.463689 0.681612 0.681612 0.681612
2840.895996 0.000000 646.936462 0.000000 0.905778 0.000000 -0.423752 0.666858 0.666858 0.666858
2826.499512 0.000000 648.926819 0.000000 0.948832 0.000000 -0.315782 0.656307 0.656307 0.656307
2834.904785 0.000000 651.693115 0.000000 0.812807 0.000000 -0.582533 0.739721 0.739721 0.739721
2839.104736 0.000000 651.485718 0.000000 0.206933 0.000000 -0.978355 0.869374 0.869374 0.869374
2833.395508 0.000000 647.094666 0.000000 0.756670 0.000000 -0.653797 0.745168 0.745168 0.745168
2827.426025 0.000000 647.421326 0.000000 0.395257 0.000000 -0.918571 0.821521 0.821521 0.821521
2839.588623 0.000000 647.018433 0.000000 0.279978 0.000000 -0.960007 0.839056 0.839056 0.839056
2837.751221 0.000000 648.299500 0.000000 0.999743 0.000000 0.022684 0.594903 0.594903 0.594903
2846.917236 0.000000 654.061340 0.000000 0.345900 0.000000 -0.938271 0.802450 0.802450 0.802450
2838.863281 0.000000 652.778381 0.000000 0.999775 0.000000 0.021194 0.595618 0.595618 0.595618
2827.384277 0.000000 649.255127 0.000000 0.795738 0.000000 -0.605641 0.714018 0.714018 0.714018
2832.269775 0.000000 649.272400 0.000000 0.581986 0.000000 -0.813199 0.813371 0.813371 0.813371
2837.890381 0.000000 646.777466 0.000000 0.775411 0.000000 -0.631456 0.731037 0.731037 0.731037
2844.668213 0.000000 652.015625 0.000000 0.308830 0.000000 -0.951117 0.963351 0.963351 0.963351
2837.480225 0.000000 649.731079 0.000000 0.926378 0.000000 -0.376594 0.686756 0.686756 0.686756
2840.743896 0.000000 652.106384 0.000000 0.595497 0.000000 -0.803358 0.784462 0.784462 0.784462
2843.734863 0.000000 651.503662 0.000000 0.266741 0.000000 -0.963768 0.892273 0.892273 0.892273
2838.053711 0.000000 649.002869 0.000000 0.604154 0.000000 -0.796868 0.807184 0.807184 0.807184
2857.786377 0.000000 669.203430 0.000000 0.979426 0.000000 -0.201805 0.600913 0.600913 0.600913
2858.790039 0.000000 655.398743 0.000000 0.606278 0.000000 -0.795253 0.703292 0.703292 0.703292
2851.387939 0.000000 654.345215 0.000000 0.013492 0.000000 -0.999909 0.905588 0.905588 0.905588
2865.977783 0.000000 656.247864 0.000000 0.254115 0.000000 -0.967174 0.834201 0.834201 0.834201
2860.787598 0.000000 660.584595 0.000000 0.696468 0.000000 -0.717588 0.710293 0.710293 0.710293
2865.052002 0.000000 639.966919 0.000000 0.658407 0.000000 -0.752662 0.714874 0.714874 0.714874
2877.577148 0.000000 670.040466 0.000000 0.315265 0.000000 -0.949004 0.815338 0.815338 0.815338
2852.990479 0.000000 658.586243 0.000000 0.437848 0.000000 -0.899049 0.668637 0.668637 0.668637
2872.182129 0.000000 646.425354 0.000000 0.996109 0.000000 -0.088125 0.633705 0.633705 0.633705
2870.371826 0.000000 654.826111 0.000000 0.696315 0.000000 -0.717736 0.905786 0.905786 0.905786
2855.406738 0.000000 652.977051 0.000000 0.140355 0.000000 -0.990101 0.764934 0.764934 0.764934
2847.555664 0.000000 665.239319 0.000000 0.043637 0.000000 -0.999047 0.771567 0.771567 0.771567
2862.771240 0.000000 653.812805 0.000000 0.734952 0.000000 -0.678119 0.683719 0.683719 0.683719
2865.065430 0.000000 645.257141 0.000000 0.999305 0.000000 0.037266 0.597208 0.597208 0.597208
2867.267578 0.000000 652.475220 0.000000 0.489749 0.000000 -0.871863 0.714213 0.714213 0.714213
2877.936523 0.000000 657.758301 0.000000 0.508652 0.000000 -0.860972 0.946457 0.946457 0.946457
2857.116211 0.000000 658.791870 0.000000 0.951782 0.000000 -0.306776 0.616347 0.616347 0.616347
2874.988037 0.000000 649.948914 0.000000 0.971062 0.000000 -0.238827 0.655992 0.655992 0.655992
2874.062012 0.000000 654.794373 0.000000 0.987440 0.000000 -0.157993 0.630183 0.630183 0.630183
2855.095459 0.000000 656.157104 0.000000 0.773836 0.000000 -0.633386 0.676032 0.676032 0.676032
2851.433105 0.000000 661.427917 0.000000 0.087292 0.000000 -0.996183 0.777761 0.777761 0.777761
2878.016602 0.000000 650.095581 0.000000 0.921328 0.000000 -0.388786 0.651440 0.651440 0.651440
2856.344238 0.000000 665.903015 0.000000 0.866722 0.000000 -0.498791 0.720463 0.720463 0.720463
2868.020996 0.000000 640.721130 0.000000 0.337222 0.000000 -0.941425 0.690048 0.690048 0.690048
2849.931152 0.000000 658.698303 0.000000 0.641367 0.000000 -0.767234 0.655019 0.655019 0.655019
2860.155273 0.000000 667.576538 0.000000 0.997675 0.000000 0.068147 0.584676 0.584676 0.584676
2868.607666 0.000000 663.598694 0.000000 0.731611 0.000000 -0.681722 0.625843 0.625843 0.625843
2866.017334 0.000000 642.557251 0.000000 0.486589 0.000000 -0.873631 0.695503 0.695503 0.695503
2850.095703 0.000000 671.646729 0.000000 0.467871 0.000000 -0.883797 0.721772 0.721772 0.721772
2858.056641 0.000000 652.815369 0.000000 0.560063 0.000000 -0.828450 0.709686 0.709686 0.709686
2852.890137 0.000000 652.218994 0.000000 0.997926 0.000000 0.064374 0.591508 0.591508 0.591508
2876.453613 0.000000 655.677307 0.000000 0.789530 0.000000 -0.613711 0.619795 0.619795 0.619795
2848.686279 0.000000 654.454102 0.000000 0.814893 0.000000 -0.579612 0.716688 0.716688 0.716688
2854.295898 0.000000 664.510925 0.000000 0.967977 0.000000 -0.251039 0.652074 0.652074 0.652074
2871.424072 0.000000 663.780823 0.000000 0.944018 0.000000 -0.329893 0.725897 0.725897 0.725897
2863.651855 0.000000 642.707703 0.000000 0.219147 0.000000 -0.975692 0.775913 0.775913 0.775913
2847.322266 0.000000 659.082764 0.000000 0.926786 0.000000 -0.375589 0.643256 0.643256 0.643256
2878.308838 0.000000 644.820618 0.000000 0.984557 0.000000 -0.175067 0.646656 0.646656 0.646656
2860.429443 0.000000 662.874146 0.000000 0.960050 0.000000 -0.279828 0.659052 0.659052 0.659052
2853.607178 0.000000 654.499878 0.000000 0.771787 0.000000 -0.635881 0.744522 0.744522 0.744522
2870.013428 0.000000 652.618408 0.000000 0.595092 0.000000 -0.803657 0.711855 0.711855 0.711855
2862.665771 0.000000 661.778687 0.000000 0.750595 0.000000 -0.660762 0.674607 0.674607 0.674607
2862.843018 0.000000 645.390808 0.000000 0.809870 0.000000 -0.586610 0.684510 0.684510 0.684510
2857.190430 0.000000 663.850220 0.000000 0.999130 0.000000 -0.041694 0.610558 0.610558 0.610558
2853.333496 0.000000 662.508484 0.000000 0.324302 0.000000 -0.945953 0.862008 0.862008 0.862008
2878.192139 0.000000 647.919128 0.000000 0.931247 0.000000 -0.364390 0.742467 0.742467 0.742467
2863.845459 0.000000 655.812439 0.000000 0.998967 0.000000 0.045433 0.594894 0.594894 0.594894
2856.492920 0.000000 646.338562 0.000000 0.658163 0.000000 -0.752875 0.633198 0.633198 0.633198
2872.829590 0.000000 649.048767 0.000000 0.057016 0.000000 -0.998373 0.804074 0.804074 0.804074
2878.456787 0.000000 659.754639 0.000000 0.451400 0.000000 -0.892322 0.888997 0.888997 0.888997
2865.947266 0.000000 654.203003 0.000000 0.792020 0.000000 -0.610494 0.703285 0.703285 0.703285
2858.807617 0.000000 659.951599 0.000000 0.324192 0.000000 -0.945991 0.730087 0.730087 0.730087
2855.991943 0.000000 668.338562 0.000000 0.177729 0.000000 -0.984079 0.695924 0.695924 0.695924
2876.353271 0.000000 648.581848 0.000000 0.013197 0.000000 -0.999913 1.045636 1.045636 1.045636
2861.659668 0.000000 669.026794 0.000000 0.377368 0.000000 -0.926063 0.908557 0.908557 0.908557
2849.513184 0.000000 656.191223 0.000000 0.217507 0.000000 -0.976059 0.751838 0.751838 0.751838
2847.408936 0.000000 662.899109 0.000000 0.514954 0.000000 -0.857218 0.715697 0.715697 0.715697
2853.104492 0.000000 660.472290 0.000000 0.948237 0.000000 -0.317563 0.660024 0.660024 0.660024
2862.350342 0.000000 659.468323 0.000000 0.282602 0.000000 -0.959237 0.744283 0.744283 0.744283
2855.195068 0.000000 658.131531 0.000000 0.357846 0.000000 -0.933781 0.708286 0.708286 0.708286
2878.631104 0.000000 651.841370 0.000000 0.084994 0.000000 -0.996381 0.791391 0.791391 0.791391
2860.968994 0.000000 645.630920 0.000000 0.239139 0.000000 -0.970985 0.749342 0.749342 0.749342
2854.116699 0.000000 669.688232 0.000000 0.082097 0.000000 -0.996624 0.702572 0.702572 0.702572
2869.461182 0.000000 639.762146 0.000000 0.221276 0.000000 -0.975211 1.094586 1.094586 1.094586
2851.095947 0.000000 663.005615 0.000000 0.176936 0.000000 -0.984222 0.777353 0.777353 0.777353
2863.406006 0.000000 671.552551 0.000000 0.285286 0.000000 -0.958443 0.770843 0.770843 0.770843
2860.775879 0.000000 664.431824 0.000000 0.789879 0.000000 -0.613262 0.718669 0.718669 0.718669
2864.308350 0.000000 654.266541 0.000000 0.915801 0.000000 -0.401631 0.665004 0.665004 0.665004
2848.787354 0.000000 652.892273 0.000000 0.999449 0.000000 -0.033193 0.606117 0.606117 0.606117
2855.033203 0.000000 666.740051 0.000000 0.791853 0.000000 -0.610711 0.678726 0.678726 0.678726
2847.342773 0.000000 655.220581 0.000000 0.714801 0.000000 -0.699328 0.728769 0.728769 0.728769
2851.305664 0.000000 652.744141 0.000000 0.991497 0.000000 -0.130132 0.620526 0.620526 0.620526
2864.903076 0.000000 643.628174 0.000000 0.345912 0.000000 -0.938267 1.032254 1.032254 1.032254
2862.734619 0.000000 670.163086 0.000000 0.600273 0.000000 -0.799795 0.723577 0.723577 0.723577
2878.729736 0.000000 646.379822 0.000000 0.871275 0.000000 -0.490795 0.795952 0.795952 0.795952
2855.711670 0.000000 663.957703 0.000000 0.745197 0.000000 -0.666844 0.792445 0.792445 0.792445
2863.351318 0.000000 652.333679 0.000000 0.857650 0.000000 -0.514235 0.660679 0.660679 0.660679
2850.004883 0.000000 653.778381 0.000000 0.998341 0.000000 0.057582 0.590938 0.590938 0.590938
2848.674805 0.000000 659.700378 0.000000 0.835934 0.000000 -0.548829 0.636550 0.636550 0.636550
2863.823730 0.000000 668.901306 0.000000 0.721031 0.000000 -0.692903 0.695174 0.695174 0.695174
2859.002686 0.000000 663.357910 0.000000 0.318994 0.000000 -0.947757 0.851992 0.851992 0.851992
2855.227051 0.000000 654.426086 0.000000 0.896930 0.000000 -0.442173 0.666550 0.666550 0.666550
2858.818604 0.000000 668.174072 0.000000 0.959727 0.000000 -0.280933 0.647348 0.647348 0.647348
2853.194580 0.000000 648.922058 0.000000 0.184874 0.000000 -0.982762 0.691274 0.691274 0.691274
2863.085205 0.000000 666.133484 0.000000 0.991125 0.000000 -0.132935 0.613581 0.613581 0.613581
2864.272949 0.000000 657.236572 0.000000 0.013160 0.000000 -0.999913 0.877654 0.877654 0.877654
2863.684082 0.000000 658.699280 0.000000 0.294987 0.000000 -0.955501 0.742830 0.742830 0.742830
2861.235352 0.000000 657.273926 0.000000 0.171553 0.000000 -0.985175 0.757102 0.757102 0.757102
2857.722412 0.000000 665.409790 0.000000 0.965565 0.000000 -0.260163 0.660713 0.660713 0.660713
2859.700195 0.000000 661.522644 0.000000 0.167787 0.000000 -0.985823 0.778535 0.778535 0.778535
2858.431885 0.000000 651.244019 0.000000 0.888059 0.000000 -0.459730 0.650088 0.650088 0.650088
2850.563232 0.000000 667.606384 0.000000 0.609701 0.000000 -0.792632 0.702808 0.702808 0.702808
2853.991211 0.000000 653.098999 0.000000 0.831259 0.000000 -0.555886 0.677697 0.677697 0.677697
2868.673584 0.000000 652.028870 0.000000 0.982954 0.000000 -0.183852 0.627974 0.627974 0.627974
2878.090576 0.000000 666.639221 0.000000 0.979029 0.000000 -0.203719 0.655623 0.655623 0.655623
2863.508301 0.000000 648.830505 0.000000 0.512258 0.000000 -0.858831 0.716050 0.716050 0.716050
2849.984131 0.000000 662.066406 0.000000 0.883348 0.000000 -0.468718 0.654806 0.654806 0.654806
2861.158447 0.000000 650.429932 0.000000 0.438792 0.000000 -0.898589 0.725438 0.725438 0.725438
2854.080078 0.000000 657.318909 0.000000 0.996823 0.000000 0.079643 0.591163 0.591163 0.591163
2852.507324 0.000000 653.539612 0.000000 0.626020 0.000000 -0.779807 0.717892 0.717892 0.717892
2870.372803 0.000000 649.704041 0.000000 0.999832 0.000000 0.018336 0.597061 0.597061 0.597061
2875.057617 0.000000 655.791626 0.000000 0.248176 0.000000 -0.968715 0.851113 0.851113 0.851113
2860.757812 0.000000 651.856384 0.000000 0.625790 0.000000 -0.779991 0.700509 0.700509 0.700509
2848.652344 0.000000 651.398254 0.000000 0.188639 0.000000 -0.982047 0.699296 0.699296 0.699296
2870.700195 0.000000 646.983154 0.000000 0.866909 0.000000 -0.498467 0.665660 0.665660 0.665660
2867.076660 0.000000 639.711731 0.000000 0.905626 0.000000 -0.424077 0.762690 0.762690 0.762690
2857.023193 0.000000 662.381531 0.000000 0.992537 0.000000 -0.121940 0.630946 0.630946 0.630946
2850.175781 0.000000 657.363525 0.000000 0.991105 0.000000 -0.133081 0.614995 0.614995 0.614995
2852.046875 0.000000 655.553284 0.000000 0.602623 0.000000 -0.798026 0.793775 0.793775 0.793775
2860.046875 0.000000 654.912781 0.000000 0.114220 0.000000 -0.993455 0.763610 0.763610 0.763610
2872.736816 0.000000 663.805664 0.000000 0.999768 0.000000 -0.021535 0.602032 0.602032 0.602032
2863.942627 0.000000 664.486694 0.000000 0.948058 0.000000 -0.318096 0.628125 0.628125 0.628125
2861.399658 0.000000 654.527344 0.000000 0.932733 0.000000 -0.360569 0.641441 0.641441 0.641441
2852.765381 0.000000 668.197083 0.000000 0.498175 0.000000 -0.867077 0.717884 0.717884 0.717884
2848.721191 0.000000 669.077271 0.000000 0.237990 0.000000 -0.971268 0.749475 0.749475 0.749475
2862.884521 0.000000 650.486328 0.000000 0.997962 0.000000 0.063817 0.592826 0.592826 0.592826
2878.593994 0.000000 671.038574 0.000000 0.537957 0.000000 -0.842972 0.849349 0.849349 0.849349
2875.181152 0.000000 646.464294 0.000000 0.923133 0.000000 -0.384481 0.750743 0.750743 0.750743
2865.146240 0.000000 655.243042 0.000000 0.219375 0.000000 -0.975641 0.812272 0.812272 0.812272
2854.214355 0.000000 658.965027 0.000000 0.617276 0.000000 -0.786747 0.681384 0.681384 0.681384
2852.518311 0.000000 657.422546 0.000000 0.520481 0.000000 -0.853873 0.737966 0.737966 0.737966
2856.313477 0.000000 655.766785 0.000000 0.027687 0.000000 -0.999617 0.773360 0.773360 0.773360
2852.407227 0.000000 665.590088 0.000000 0.979134 0.000000 -0.203214 0.627282 0.627282 0.627282
2861.215332 0.000000 648.540466 0.000000 0.847452 0.000000 -0.530872 0.662871 0.662871 0.662871
2873.146484 0.000000 647.844482 0.000000 0.105750 0.000000 -0.994393 1.159531 1.159531 1.159531
2871.587891 0.000000 654.975830 0.000000 0.980751 0.000000 -0.195264 0.675068 0.675068 0.675068
2877.597412 0.000000 645.883057 0.000000 0.707363 0.000000 -0.706850 0.878695 0.878695 0.878695
2869.209717 0.000000 654.576233 0.000000 0.826151 0.000000 -0.563448 0.828631 0.828631 0.828631
2862.104980 0.000000 656.420227 0.000000 0.529077 0.000000 -0.848574 0.713837 0.713837 0.713837
2862.660889 0.000000 646.655701 0.000000 0.996805 0.000000 0.079872 0.591616 0.591616 0.591616
2863.918457 0.000000 644.853394 0.000000 0.999380 0.000000 -0.035196 0.604746 0.604746 0.604746
2862.527588 0.000000 648.158813 0.000000 0.866510 0.000000 -0.499160 0.658715 0.658715 0.658715
2848.368408 0.000000 655.802429 0.000000 0.578537 0.000000 -0.815656 0.780031 0.780031 0.780031
2877.414551 0.000000 644.034607 0.000000 0.701365 0.000000 -0.712803 0.881695 0.881695 0.881695
2877.522217 0.000000 648.928406 0.000000 0.930844 0.000000 -0.365417 0.707026 0.707026 0.707026
2855.499023 0.000000 661.079468 0.000000 0.387710 0.000000 -0.921781 0.837134 0.837134 0.837134
2859.125732 0.000000 658.848572 0.000000 0.357293 0.000000 -0.933992 0.726395 0.726395 0.726395
2852.117676 0.000000 662.343811 0.000000 0.773712 0.000000 -0.633537 0.744913 0.744913 0.744913
2860.482422 0.000000 668.680969 0.000000 0.998990 0.000000 0.044941 0.588283 0.588283 0.588283
2868.396973 0.000000 655.795959 0.000000 0.265733 0.000000 -0.964047 1.097263 1.097263 1.097263
2859.011963 0.000000 666.026855 0.000000 0.345861 0.000000 -0.938286 0.827992 0.827992 0.827992
2862.502441 0.000000 665.149536 0.000000 0.992589 0.000000 -0.121522 0.610584 0.610584 0.610584
2849.002686 0.000000 665.536804 0.000000 0.998796 0.000000 -0.049053 0.605440 0.605440 0.605440
2863.688477 0.000000 646.095093 0.000000 0.709835 0.000000 -0.704368 0.681948 0.681948 0.681948
2853.190918 0.000000 667.173950 0.000000 0.371475 0.000000 -0.928443 0.724798 0.724798 0.724798
2851.616699 0.000000 671.222778 0.000000 0.508934 0.000000 -0.860805 0.716485 0.716485 0.716485
2874.115723 0.000000 644.364868 0.000000 0.953854 0.000000 -0.300271 0.699133 0.699133 0.699133
2860.087402 0.000000 649.754272 0.000000 0.997935 0.000000 0.064233 0.592779 0.592779 0.592779
2861.778564 0.000000 658.281006 0.000000 0.814798 0.000000 -0.579745 0.669476 0.669476 0.669476
2858.247314 0.000000 664.208618 0.000000 0.531714 0.000000 -0.846924 0.786120 0.786120 0.786120
2854.915771 0.000000 649.315186 0.000000 0.982583 0.000000 -0.185826 0.620999 0.620999 0.620999
2864.793213 0.000000 656.295227 0.000000 0.981345 0.000000 -0.192257 0.634485 0.634485 0.634485
2863.329102 0.000000 656.775452 0.000000 0.985146 0.000000 -0.171716 0.619387 0.619387 0.619387
2865.861328 0.000000 657.309631 0.000000 0.989863 0.000000 -0.142027 0.625403 0.625403 0.625403
2866.298340 0.000000 655.216431 0.000000 0.204887 0.000000 -0.978786 1.121181 1.121181 1.121181
2847.331543 0.000000 661.709839 0.000000 0.845446 0.000000 -0.534061 0.663295 0.663295 0.663295
2858.121094 0.000000 659.114014 0.000000 0.979493 0.000000 -0.201480 0.621272 0.621272 0.621272
2855.094971 0.000000 667.828491 0.000000 0.834530 0.000000 -0.550963 0.669925 0.669925 0.669925
2852.048340 0.000000 660.587280 0.000000 0.761580 0.000000 -0.648070 0.730958 0.730958 0.730958
2866.097168 0.000000 639.964966 0.000000 0.473758 0.000000 -0.880655 1.000181 1.000181 1.000181
2870.486572 0.000000 671.564880 0.000000 0.999285 0.000000 -0.037800 0.607816 0.607816 0.607816
2849.313477 0.000000 661.310852 0.000000 0.155362 0.000000 -0.987858 0.758945 0.758945 0.758945
2857.240479 0.000000 666.326172 0.000000 0.883520 0.000000 -0.468394 0.659146 0.659146 0.659146
2850.967285 0.000000 660.520569 0.000000 0.887302 0.000000 -0.461190 0.657441 0.657441 0.657441
2855.074463 0.000000 650.331726 0.000000 0.322870 0.000000 -0.946443 0.739536 0.739536 0.739536
2875.836670 0.000000 649.438660 0.000000 0.552859 0.000000 -0.833275 0.828697 0.828697 0.828697
2855.097412 0.000000 652.033691 0.000000 0.272887 0.000000 -0.962046 0.749297 0.749297 0.749297
2856.006104 0.000000 666.838379 0.000000 0.513536 0.000000 -0.858068 0.725154 0.725154 0.725154
2859.340576 0.000000 662.447144 0.000000 0.593611 0.000000 -0.804752 0.789128 0.789128 0.789128
2862.724121 0.000000 658.558228 0.000000 0.693989 0.000000 -0.719986 0.690301 0.690301 0.690301
2877.799072 0.000000 646.847046 0.000000 0.979768 0.000000 -0.200139 0.676967 0.676967 0.676967
2861.672607 0.000000 663.946167 0.000000 0.227987 0.000000 -0.973664 0.879168 0.879168 0.879168
2849.955322 0.000000 669.939880 0.000000 0.358340 0.000000 -0.933591 0.735297 0.735297 0.735297
2850.165527 0.000000 652.808838 0.000000 0.873155 0.000000 -0.487443 0.680082 0.680082 0.680082
2877.010254 0.000000 657.972900 0.000000 0.678972 0.000000 -0.734165 0.875393 0.875393 0.875393
2864.780518 0.000000 642.684509 0.000000 0.826782 0.000000 -0.562522 0.812094 0.812094 0.812094
2862.418701 0.000000 643.309143 0.000000 0.289911 0.000000 -0.957053 0.766374 0.766374 0.766374
2860.793701 0.000000 666.871338 0.000000 0.001818 0.000000 -0.999998 0.952533 0.952533 0.952533
2854.221436 0.000000 665.441467 0.000000 0.802008 0.000000 -0.597313 0.731369 0.731369 0.731369
2853.198730 0.000000 655.316711 0.000000 0.999979 0.000000 -0.006440 0.601350 0.601350 0.601350
2866.962158 0.000000 654.586304 0.000000 0.278440 0.000000 -0.960454 1.092219 1.092219 1.092219
2855.493408 0.000000 655.303589 0.000000 0.607929 0.000000 -0.793991 0.733290 0.733290 0.733290
2852.272217 0.000000 656.447388 0.000000 0.013109 0.000000 -0.999914 0.809997 0.809997 0.809997
2877.203125 0.000000 656.296448 0.000000 0.998520 0.000000 -0.054376 0.618173 0.618173 0.618173
2878.478760 0.000000 669.999084 0.000000 0.532930 0.000000 -0.846159 0.980776 0.980776 0.980776
2878.048340 0.000000 658.956360 0.000000 0.817952 0.000000 -0.575286 0.760678 0.760678 0.760678
2859.409180 0.000000 670.625305 0.000000 0.150223 0.000000 -0.988652 0.799944 0.799944 0.799944
2850.866455 0.000000 653.544189 0.000000 0.867550 0.000000 -0.497349 0.681872 0.681872 0.681872
2857.416992 0.000000 661.539490 0.000000 0.948068 0.000000 -0.318068 0.651396 0.651396 0.651396
2855.961182 0.000000 660.320923 0.000000 0.898499 0.000000 -0.438976 0.691901 0.691901 0.691901
2870.252686 0.000000 655.735291 0.000000 0.280953 0.000000 -0.959722 1.091219 1.091219 1.091219
2861.936035 0.000000 669.850891 0.000000 0.602211 0.000000 -0.798337 0.840969 0.840969 0.840969
2876.900146 0.000000 670.570618 0.000000 0.806122 0.000000 -0.591749 0.709081 0.709081 0.709081
2849.142822 0.000000 653.701721 0.000000 0.716306 0.000000 -0.697786 0.742293 0.742293 0.742293
2874.386230 0.000000 646.705200 0.000000 0.979229 0.000000 -0.202756 0.677988 0.677988 0.677988
2848.342041 0.000000 652.181641 0.000000 0.475721 0.000000 -0.879596 0.798066 0.798066 0.798066
2857.456055 0.000000 664.645325 0.000000 0.266894 0.000000 -0.963726 0.900030 0.900030 0.900030
2877.703125 0.000000 656.957581 0.000000 0.932272 0.000000 -0.361758 0.723645 0.723645 0.723645
2855.355469 0.000000 663.222961 0.000000 0.373690 0.000000 -0.927554 0.913150 0.913150 0.913150
2878.797363 0.000000 649.873657 0.000000 0.054925 0.000000 -0.998491 1.056396 1.056396 1.056396
2865.053223 0.000000 657.053650 0.000000 0.479924 0.000000 -0.877310 0.790772 0.790772 0.790772
2873.657715 0.000000 647.188782 0.000000 0.411095 0.000000 -0.911592 1.038176 1.038176 1.038176
2876.105957 0.000000 644.336487 0.000000 0.999754 0.000000 -0.022197 0.607881 0.607881 0.607881
2876.010254 0.000000 657.455078 0.000000 0.999967 0.000000 0.008112 0.597290 0.597290 0.597290
2865.436768 0.000000 643.079407 0.000000 0.821358 0.000000 -0.570413 0.815494 0.815494 0.815494
2855.052246 0.000000 661.714478 0.000000 0.691449 0.000000 -0.722425 0.763253 0.763253 0.763253
2854.439697 0.000000 660.558838 0.000000 0.749308 0.000000 -0.662221 0.746363 0.746363 0.746363
2825.794189 0.000000 701.187805 0.000000 0.469128 0.000000 -0.883130 0.611350 0.611350 0.611350
2833.912109 0.000000 694.624695 0.000000 0.693787 0.000000 -0.720180 0.868587 0.868587 0.868587
2829.564453 0.000000 703.148987 0.000000 0.960774 0.000000 -0.277334 0.610524 0.610524 0.610524
2830.659668 0.000000 695.999207 0.000000 0.878917 0.000000 -0.476975 0.732572 0.732572 0.732572
2832.143799 0.000000 692.100647 0.000000 0.829822 0.000000 -0.558029 0.826131 0.826131 0.826131
2836.615479 0.000000 695.583069 0.000000 0.999819 0.000000 -0.019038 0.606531 0.606531 0.606531
2839.431885 0.000000 695.765198 0.000000 0.808873 0.000000 -0.587983 0.621656 0.621656 0.621656
2835.990723 0.000000 693.427917 0.000000 0.998130 0.000000 0.061128 0.591571 0.591571 0.591571
2826.552734 0.000000 703.018066 0.000000 0.230684 0.000000 -0.973029 0.704221 0.704221 0.704221
2832.182617 0.000000 695.142273 0.000000 0.204532 0.000000 -0.978860 1.055899 1.055899 1.055899
2844.498535 0.000000 672.656006 0.000000 0.216432 0.000000 -0.976298 0.727648 0.727648 0.727648
2834.926514 0.000000 696.014587 0.000000 0.491091 0.000000 -0.871108 0.866111 0.866111 0.866111
2842.925293 0.000000 683.558533 0.000000 0.953316 0.000000 -0.301974 0.634463 0.634463 0.634463
2837.880371 0.000000 696.397705 0.000000 0.972965 0.000000 -0.230952 0.630023 0.630023 0.630023
2831.950439 0.000000 696.471069 0.000000 0.865613 0.000000 -0.500713 0.709977 0.709977 0.709977
2837.043945 0.000000 694.058411 0.000000 0.946330 0.000000 -0.323202 0.712894 0.712894 0.712894
2839.595703 0.000000 686.960205 0.000000 0.871293 0.000000 -0.490764 0.657629 0.657629 0.657629
2843.931152 0.000000 684.250610 0.000000 0.286583 0.000000 -0.958055 0.743817 0.743817 0.743817
2840.824463 0.000000 686.972595 0.000000 0.770326 0.000000 -0.637650 0.677680 0.677680 0.677680
2845.530029 0.000000 680.912781 0.000000 0.564763 0.000000 -0.825253 0.709047 0.709047 0.709047
2844.496826 0.000000 673.826965 0.000000 0.786889 0.000000 -0.617094 0.662760 0.662760 0.662760
2834.858643 0.000000 693.565125 0.000000 0.516218 0.000000 -0.856457 0.741719 0.741719 0.741719
2831.080078 0.000000 694.856934 0.000000 0.384169 0.000000 -0.923263 0.913689 0.913689 0.913689
2840.608154 0.000000 684.840942 0.000000 0.906075 0.000000 -0.423118 0.649082 0.649082 0.649082
2843.246094 0.000000 680.368469 0.000000 0.997970 0.000000 0.063687 0.592840 0.592840 0.592840
2832.906006 0.000000 692.783630 0.000000 0.939660 0.000000 -0.342110 0.733370 0.733370 0.733370
2842.487061 0.000000 684.449097 0.000000 0.974159 0.000000 -0.225864 0.625595 0.625595 0.625595
2836.241943 0.000000 694.626648 0.000000 0.854450 0.000000 -0.519533 0.787396 0.787396 0.787396
2836.954834 0.000000 696.614441 0.000000 0.652366 0.000000 -0.757904 0.710799 0.710799 0.710799
2833.161865 0.000000 695.240234 0.000000 0.785922 0.000000 -0.618326 0.822673 0.822673 0.822673
2833.593262 0.000000 693.746033 0.000000 0.500166 0.000000 -0.865929 0.999927 0.999927 0.999927
2828.801514 0.000000 698.855713 0.000000 0.966807 0.000000 -0.255509 0.653797 0.653797 0.653797
2834.093750 0.000000 695.579041 0.000000 0.994464 0.000000 -0.105081 0.640212 0.640212 0.640212
2829.554932 0.000000 696.951721 0.000000 0.356917 0.000000 -0.934136 0.860100 0.860100 0.860100
2831.492188 0.000000 697.269287 0.000000 0.702359 0.000000 -0.711823 0.766109 0.766109 0.766109
2835.711914 0.000000 695.511658 0.000000 0.292212 0.000000 -0.956354 1.086731 1.086731 1.086731
2834.608643 0.000000 696.847961 0.000000 0.834732 0.000000 -0.550657 0.746751 0.746751 0.746751
2828.893799 0.000000 697.487915 0.000000 0.446187 0.000000 -0.894940 0.839061 0.839061 0.839061
2826.571289 0.000000 700.934631 0.000000 0.867499 0.000000 -0.497439 0.798092 0.798092 0.798092
2826.216797 0.000000 698.001343 0.000000 0.463850 0.000000 -0.885914 1.015761 1.015761 1.015761
2861.488281 0.000000 675.501709 0.000000 0.987536 0.000000 -0.157392 0.636696 0.636696 0.636696
2850.085693 0.000000 700.942688 0.000000 0.973786 0.000000 -0.227467 0.629905 0.629905 0.629905
2851.387939 0.000000 686.329590 0.000000 0.291552 0.000000 -0.956555 0.609549 0.609549 0.609549
2876.507324 0.000000 678.433533 0.000000 0.448059 0.000000 -0.894004 0.987741 0.987741 0.987741
2876.936523 0.000000 684.964172 0.000000 0.927610 0.000000 -0.373550 0.631540 0.631540 0.631540
2858.092529 0.000000 671.847046 0.000000 0.357135 0.000000 -0.934053 0.769755 0.769755 0.769755
2857.124756 0.000000 676.181030 0.000000 0.104510 0.000000 -0.994524 0.692236 0.692236 0.692236
2857.116211 0.000000 690.776245 0.000000 0.998825 0.000000 -0.048473 0.608862 0.608862 0.608862
2871.077881 0.000000 672.384033 0.000000 0.915447 0.000000 -0.402439 0.688719 0.688719 0.688719
2874.988037 0.000000 681.933289 0.000000 0.943607 0.000000 -0.331066 0.687443 0.687443 0.687443
2873.744385 0.000000 675.321045 0.000000 0.314786 0.000000 -0.949163 0.905341 0.905341 0.905341
2867.225342 0.000000 691.386047 0.000000 0.155809 0.000000 -0.987787 0.748302 0.748302 0.748302
2862.056885 0.000000 672.531738 0.000000 0.104699 0.000000 -0.994504 0.769078 0.769078 0.769078
2869.776367 0.000000 700.775635 0.000000 0.998325 0.000000 -0.057860 0.615783 0.615783 0.615783
2878.125244 0.000000 672.075195 0.000000 0.736718 0.000000 -0.676201 0.635595 0.635595 0.635595
2858.335693 0.000000 693.977356 0.000000 0.749152 0.000000 -0.662399 0.820159 0.820159 0.820159
2850.095703 0.000000 703.631104 0.000000 0.992511 0.000000 -0.122153 0.646776 0.646776 0.646776
2860.006592 0.000000 690.032043 0.000000 0.399787 0.000000 -0.916608 1.018585 1.018585 1.018585
2871.229492 0.000000 676.106384 0.000000 0.331396 0.000000 -0.943492 0.781003 0.781003 0.781003
2863.651855 0.000000 674.692078 0.000000 0.942850 0.000000 -0.333219 0.644781 0.644781 0.644781
2878.308838 0.000000 676.804993 0.000000 0.158061 0.000000 -0.987429 0.815748 0.815748 0.815748
2862.843018 0.000000 677.375183 0.000000 0.111252 0.000000 -0.993792 0.833897 0.833897 0.833897
2879.095947 0.000000 695.091003 0.000000 0.963543 0.000000 -0.267552 0.663697 0.663697 0.663697
2878.192139 0.000000 679.903503 0.000000 0.815027 0.000000 -0.579423 0.711090 0.711090 0.711090
2865.308838 0.000000 690.237061 0.000000 0.997041 0.000000 0.076867 0.570610 0.570610 0.570610
2857.077637 0.000000 688.730469 0.000000 0.996613 0.000000 -0.082238 0.609866 0.609866 0.609866
2858.807617 0.000000 691.935974 0.000000 0.658972 0.000000 -0.752168 0.925190 0.925190 0.925190
2870.064941 0.000000 674.132629 0.000000 0.309356 0.000000 -0.950946 0.823937 0.823937 0.823937
2860.033936 0.000000 672.501160 0.000000 0.999697 0.000000 -0.024625 0.605534 0.605534 0.605534
2876.353271 0.000000 680.566223 0.000000 0.871764 0.000000 -0.489926 0.691267 0.691267 0.691267
2875.254639 0.000000 673.948730 0.000000 0.988752 0.000000 -0.149564 0.645426 0.645426 0.645426
2856.679688 0.000000 692.845520 0.000000 0.844183 0.000000 -0.536055 0.617797 0.617797 0.617797
2862.350342 0.000000 691.452698 0.000000 0.482686 0.000000 -0.875794 0.842958 0.842958 0.842958
2878.894531 0.000000 675.122864 0.000000 0.661468 0.000000 -0.749973 0.826109 0.826109 0.826109
2872.729004 0.000000 703.651733 0.000000 0.998298 0.000000 -0.058326 0.611190 0.611190 0.611190
2876.490723 0.000000 672.656006 0.000000 0.970079 0.000000 -0.242789 0.682654 0.682654 0.682654
2872.806885 0.000000 676.755127 0.000000 0.116288 0.000000 -0.993216 0.939823 0.939823 0.939823
2851.348389 0.000000 672.338928 0.000000 0.499682 0.000000 -0.866209 0.642368 0.642368 0.642368
2860.817871 0.000000 673.943237 0.000000 0.344962 0.000000 -0.938617 0.873806 0.873806 0.873806
2854.883789 0.000000 678.983398 0.000000 0.998765 0.000000 -0.049677 0.604541 0.604541 0.604541
2858.412354 0.000000 689.800842 0.000000 0.038767 0.000000 -0.999248 0.859319 0.859319 0.859319
2871.156982 0.000000 702.764954 0.000000 0.316026 0.000000 -0.948751 0.656139 0.656139 0.656139
2871.831055 0.000000 674.545532 0.000000 0.893316 0.000000 -0.449429 0.683089 0.683089 0.683089
2867.924561 0.000000 701.128906 0.000000 0.858460 0.000000 -0.512880 0.682282 0.682282 0.682282
2848.787354 0.000000 684.876648 0.000000 0.999006 0.000000 0.044579 0.597862 0.597862 0.597862
2850.931152 0.000000 702.312744 0.000000 0.938844 0.000000 -0.344344 0.734278 0.734278 0.734278
2851.305664 0.000000 684.728516 0.000000 0.304042 0.000000 -0.952659 0.993158 0.993158 0.993158
2878.729736 0.000000 678.364197 0.000000 0.990863 0.000000 -0.134874 0.624318 0.624318 0.624318
2878.343018 0.000000 673.645752 0.000000 0.948848 0.000000 -0.315734 0.615398 0.615398 0.615398
2876.616455 0.000000 676.914917 0.000000 0.126360 0.000000 -0.991984 0.959084 0.959084 0.959084
2850.004883 0.000000 685.762756 0.000000 0.660879 0.000000 -0.750493 0.864462 0.864462 0.864462
2859.760742 0.000000 688.575073 0.000000 0.084799 0.000000 -0.996398 0.851512 0.851512 0.851512
2861.235352 0.000000 689.258301 0.000000 0.679161 0.000000 -0.733989 0.761727 0.761727 0.761727
2871.909180 0.000000 679.807373 0.000000 0.996027 0.000000 -0.089049 0.615761 0.615761 0.615761
2859.700195 0.000000 693.507019 0.000000 0.992214 0.000000 -0.124545 0.637970 0.637970 0.637970
2862.270020 0.000000 674.297668 0.000000 0.808026 0.000000 -0.589147 0.683046 0.683046 0.683046
2851.548828 0.000000 683.301941 0.000000 0.998611 0.000000 0.052693 0.587839 0.587839 0.587839
2879.274902 0.000000 682.610718 0.000000 0.346878 0.000000 -0.937910 0.800455 0.800455 0.800455
2863.063965 0.000000 675.972900 0.000000 0.266693 0.000000 -0.963782 0.771473 0.771473 0.771473
2879.104492 0.000000 693.002197 0.000000 0.204001 0.000000 -0.978971 0.833153 0.833153 0.833153
2859.984619 0.000000 675.360901 0.000000 0.947248 0.000000 -0.320501 0.637631 0.637631 0.637631
2853.834717 0.000000 703.014709 0.000000 0.750790 0.000000 -0.660541 0.824809 0.824809 0.824809
2873.276611 0.000000 672.083496 0.000000 0.788279 0.000000 -0.615318 0.770764 0.770764 0.770764
2858.751709 0.000000 673.035583 0.000000 0.997317 0.000000 -0.073210 0.609220 0.609220 0.609220
2874.179443 0.000000 673.155945 0.000000 0.897644 0.000000 -0.440722 0.738099 0.738099 0.738099
2868.991455 0.000000 701.879639 0.000000 0.806759 0.000000 -0.590881 0.772339 0.772339 0.772339
2861.331299 0.000000 693.705200 0.000000 0.839216 0.000000 -0.543798 0.659426 0.659426 0.659426
2874.241211 0.000000 680.900757 0.000000 0.707248 0.000000 -0.706965 0.803478 0.803478 0.803478
2870.088867 0.000000 675.424988 0.000000 0.992928 0.000000 -0.118719 0.621212 0.621212 0.621212
2866.598389 0.000000 701.607788 0.000000 0.949533 0.000000 -0.313667 0.648748 0.648748 0.648748
2860.992676 0.000000 671.688110 0.000000 0.641034 0.000000 -0.767513 0.835911 0.835911 0.835911
2863.143066 0.000000 673.457947 0.000000 0.999655 0.000000 -0.026283 0.603032 0.603032 0.603032
2856.061768 0.000000 691.420593 0.000000 0.937074 0.000000 -0.349130 0.665175 0.665175 0.665175
2858.402344 0.000000 688.602112 0.000000 0.085469 0.000000 -0.996341 0.851398 0.851398 0.851398
2875.865723 0.000000 679.455994 0.000000 0.593725 0.000000 -0.804668 0.706456 0.706456 0.706456
2862.104980 0.000000 688.404602 0.000000 0.999907 0.000000 -0.013632 0.605207 0.605207 0.605207
2877.431396 0.000000 683.870972 0.000000 0.644511 0.000000 -0.764595 0.910308 0.910308 0.910308
2863.918457 0.000000 676.837769 0.000000 0.567922 0.000000 -0.823082 0.754960 0.754960 0.754960
2872.389893 0.000000 675.582703 0.000000 0.338896 0.000000 -0.940824 0.899112 0.899112 0.899112
2871.147217 0.000000 673.555847 0.000000 0.117138 0.000000 -0.993116 0.911322 0.911322 0.911322
2877.414551 0.000000 676.018982 0.000000 0.836981 0.000000 -0.547231 0.743985 0.743985 0.743985
2876.489014 0.000000 673.826965 0.000000 0.311363 0.000000 -0.950291 1.022698 1.022698 1.022698
2859.125732 0.000000 690.832947 0.000000 0.980440 0.000000 -0.196818 0.675673 0.675673 0.675673
2851.616699 0.000000 703.207153 0.000000 0.488284 0.000000 -0.872685 1.005147 1.005147 1.005147
2859.180176 0.000000 671.741821 0.000000 0.227703 0.000000 -0.973731 0.788831 0.788831 0.788831
2861.778564 0.000000 690.265381 0.000000 0.998258 0.000000 -0.058998 0.621311 0.621311 0.621311
2877.083740 0.000000 671.698547 0.000000 0.815039 0.000000 -0.579406 0.706458 0.706458 0.706458
2878.703613 0.000000 694.057861 0.000000 0.581767 0.000000 -0.813356 0.823392 0.823392 0.823392
2858.086182 0.000000 692.921997 0.000000 0.594701 0.000000 -0.803947 0.883981 0.883981 0.883981
2874.824951 0.000000 674.952576 0.000000 0.333194 0.000000 -0.942858 1.029678 1.029678 1.029678
2859.782227 0.000000 673.560486 0.000000 0.792262 0.000000 -0.610182 0.682578 0.682578 0.682578
2879.267334 0.000000 679.413025 0.000000 0.694476 0.000000 -0.719516 0.744359 0.744359 0.744359
2876.000244 0.000000 674.782104 0.000000 0.152245 0.000000 -0.988343 1.097016 1.097016 1.097016
2875.708740 0.000000 677.529846 0.000000 0.743368 0.000000 -0.668882 0.729510 0.729510 0.729510
2865.861328 0.000000 689.294006 0.000000 0.897616 0.000000 -0.440778 0.656752 0.656752 0.656752
2856.751709 0.000000 689.721436 0.000000 0.933583 0.000000 -0.358360 0.643921 0.643921 0.643921
2861.101807 0.000000 672.945435 0.000000 0.993075 0.000000 -0.117484 0.626459 0.626459 0.626459
2861.947021 0.000000 677.922607 0.000000 0.636818 0.000000 -0.771014 0.857171 0.857171 0.857171
2858.321533 0.000000 676.654785 0.000000 0.100017 0.000000 -0.994986 0.862142 0.862142 0.862142
2866.301025 0.000000 690.856140 0.000000 0.996866 0.000000 -0.079104 0.608303 0.608303 0.608303
2871.910156 0.000000 677.206909 0.000000 0.999215 0.000000 0.039612 0.594184 0.594184 0.594184
2873.660889 0.000000 677.283081 0.000000 0.761809 0.000000 -0.647801 0.764671 0.764671 0.764671
2875.836670 0.000000 681.423035 0.000000 0.773407 0.000000 -0.633910 0.777926 0.777926 0.777926
2862.724121 0.000000 690.542603 0.000000 0.999158 0.000000 0.041035 0.590654 0.590654 0.590654
2871.958740 0.000000 672.996582 0.000000 0.299197 0.000000 -0.954191 0.871384 0.871384 0.871384
2850.165527 0.000000 684.793213 0.000000 0.458755 0.000000 -0.888563 0.940920 0.940920 0.940920
2859.259033 0.000000 689.383850 0.000000 0.999918 0.000000 0.012835 0.597827 0.597827 0.597827
2872.126709 0.000000 702.760681 0.000000 0.767288 0.000000 -0.641303 0.733485 0.733485 0.733485
2878.048584 0.000000 674.643433 0.000000 0.996377 0.000000 -0.085046 0.622703 0.622703 0.622703
2861.491699 0.000000 691.852417 0.000000 0.710846 0.000000 -0.703348 0.881615 0.881615 0.881615
2862.418701 0.000000 675.293518 0.000000 0.015373 0.000000 -0.999882 0.805032 0.805032 0.805032
2850.594727 0.000000 683.134949 0.000000 0.175867 0.000000 -0.984414 0.921572 0.921572 0.921572
2860.815430 0.000000 674.860413 0.000000 0.817622 0.000000 -0.575756 0.742448 0.742448 0.742448
2856.073730 0.000000 690.390381 0.000000 0.226831 0.000000 -0.973934 0.845242 0.845242 0.845242
2877.385254 0.000000 673.993164 0.000000 0.799105 0.000000 -0.601192 0.817384 0.817384 0.817384
2858.695068 0.000000 677.836182 0.000000 0.735973 0.000000 -0.677011 0.732566 0.732566 0.732566
2872.860107 0.000000 677.712097 0.000000 0.119562 0.000000 -0.992827 0.939053 0.939053 0.939053
2853.343506 0.000000 702.192566 0.000000 0.904605 0.000000 -0.426251 0.737198 0.737198 0.737198
2878.660645 0.000000 675.969177 0.000000 0.198173 0.000000 -0.980167 0.965632 0.965632 0.965632
2870.675293 0.000000 676.784973 0.000000 0.436321 0.000000 -0.899791 0.764309 0.764309 0.764309
2860.185059 0.000000 677.177063 0.000000 0.599762 0.000000 -0.800178 0.870946 0.870946 0.870946
2873.169434 0.000000 675.960266 0.000000 0.022055 0.000000 -0.999757 0.978144 0.978144 0.978144
2863.448975 0.000000 691.512390 0.000000 0.842957 0.000000 -0.537981 0.729334 0.729334 0.729334
2864.369385 0.000000 690.166138 0.000000 0.433158 0.000000 -0.901318 1.028879 1.028879 1.028879
2860.627197 0.000000 688.536377 0.000000 0.715798 0.000000 -0.698307 0.751691 0.751691 0.751691
2863.533691 0.000000 689.731262 0.000000 0.950135 0.000000 -0.311840 0.721134 0.721134 0.721134
2879.048828 0.000000 674.186951 0.000000 0.601079 0.000000 -0.799189 0.846886 0.846886 0.846886
2867.056152 0.000000 700.818970 0.000000 0.998876 0.000000 0.047405 0.592754 0.592754 0.592754
2860.151367 0.000000 690.891663 0.000000 0.990066 0.000000 -0.140605 0.650927 0.650927 0.650927
2871.580811 0.000000 679.002808 0.000000 0.073180 0.000000 -0.997319 0.864701 0.864701 0.864701
2858.907471 0.000000 693.210144 0.000000 0.207781 0.000000 -0.978175 1.014001 1.014001 1.014001
2862.853271 0.000000 688.017761 0.000000 0.437945 0.000000 -0.899002 1.026848 1.026848 1.026848
2878.282471 0.000000 693.225830 0.000000 0.989350 0.000000 -0.145556 0.624944 0.624944 0.624944
2878.410645 0.000000 695.626160 0.000000 0.816800 0.000000 -0.576921 0.744622 0.744622 0.744622
2878.936523 0.000000 671.884460 0.000000 0.697733 0.000000 -0.716358 0.798569 0.798569 0.798569
2874.705078 0.000000 675.755859 0.000000 0.187877 0.000000 -0.982193 1.082271 1.082271 1.082271
2857.766357 0.000000 690.296082 0.000000 0.719157 0.000000 -0.694848 0.740388 0.740388 0.740388
2860.376709 0.000000 689.304138 0.000000 0.578762 0.000000 -0.815496 0.787121 0.787121 0.787121
2878.016846 0.000000 675.471497 0.000000 0.999310 0.000000 0.037132 0.590097 0.590097 0.590097
2872.068115 0.000000 676.362244 0.000000 0.880114 0.000000 -0.474763 0.715599 0.715599 0.715599
2876.166748 0.000000 682.350403 0.000000 0.551629 0.000000 -0.834090 0.951687 0.951687 0.951687
2870.444580 0.000000 678.203796 0.000000 0.832233 0.000000 -0.554426 0.703875 0.703875 0.703875
2873.657715 0.000000 679.173157 0.000000 0.679039 0.000000 -0.734102 0.909937 0.909937 0.909937
2872.697266 0.000000 672.643250 0.000000 0.026703 0.000000 -0.999643 0.997825 0.997825 0.997825
2861.509766 0.000000 674.487000 0.000000 0.999842 0.000000 0.017760 0.595876 0.595876 0.595876
2878.516602 0.000000 679.162964 0.000000 0.969786 0.000000 -0.243959 0.644299 0.644299 0.644299
2868.761719 0.000000 701.128906 0.000000 0.067146 0.000000 -0.997743 1.009916 1.009916 1.009916
2889.778564 0.000000 669.203430 0.000000 0.725764 0.000000 -0.687944 0.617046 0.617046 0.617046
2882.077881 0.000000 668.958313 0.000000 0.921872 0.000000 -0.387493 0.710268 0.710268 0.710268
2883.380127 0.000000 654.345215 0.000000 0.975924 0.000000 -0.218110 0.627666 0.627666 0.627666
2884.982666 0.000000 658.586243 0.000000 0.976124 0.000000 -0.217216 0.639687 0.639687 0.639687
2879.654297 0.000000 656.765381 0.000000 0.682422 0.000000 -0.730958 0.862768 0.862768 0.862768
2891.130859 0.000000 664.888855 0.000000 0.788899 0.000000 -0.614523 0.606939 0.606939 0.606939
2880.458008 0.000000 644.415771 0.000000 0.689040 0.000000 -0.724723 0.909639 0.909639 0.909639
2883.425293 0.000000 661.427917 0.000000 0.430494 0.000000 -0.902593 0.659021 0.659021 0.659021
2879.348389 0.000000 670.215881 0.000000 0.755946 0.000000 -0.654634 0.777466 0.777466 0.777466
2887.594238 0.000000 641.562744 0.000000 0.795040 0.000000 -0.606557 0.815748 0.815748 0.815748
2885.227295 0.000000 647.398560 0.000000 0.981338 0.000000 -0.192291 0.673910 0.673910 0.673910
2890.327881 0.000000 661.992981 0.000000 0.943091 0.000000 -0.332534 0.621327 0.621327 0.621327
2880.469727 0.000000 649.973022 0.000000 0.960866 0.000000 -0.277014 0.673999 0.673999 0.673999
2886.980225 0.000000 660.011902 0.000000 0.876095 0.000000 -0.482139 0.684403 0.684403 0.684403
2879.314453 0.000000 659.082764 0.000000 0.197872 0.000000 -0.980228 0.959550 0.959550 0.959550
2883.927002 0.000000 667.093933 0.000000 0.494496 0.000000 -0.869180 0.906157 0.906157 0.906157
2888.671875 0.000000 660.861145 0.000000 0.874897 0.000000 -0.484310 0.719656 0.719656 0.719656
2885.096680 0.000000 660.472290 0.000000 0.462321 0.000000 -0.886713 0.715944 0.715944 0.715944
2887.187256 0.000000 658.131531 0.000000 0.287627 0.000000 -0.957743 0.780097 0.780097 0.780097
2882.043213 0.000000 648.845215 0.000000 0.990854 0.000000 -0.134936 0.643793 0.643793 0.643793
2879.359863 0.000000 645.928345 0.000000 0.009197 0.000000 -0.999958 1.014032 1.014032 1.014032
2885.550537 0.000000 666.125610 0.000000 0.047424 0.000000 -0.998875 0.782550 0.782550 0.782550
2889.479492 0.000000 641.500671 0.000000 0.178171 0.000000 -0.984000 0.831393 0.831393 0.831393
2883.749512 0.000000 669.003662 0.000000 0.346707 0.000000 -0.937974 0.937179 0.937179 0.937179
2886.875977 0.000000 646.999023 0.000000 0.349787 0.000000 -0.936829 1.001704 1.001704 1.001704
2880.969727 0.000000 646.215881 0.000000 0.869711 0.000000 -0.493562 0.797166 0.797166 0.797166
2892.768066 0.000000 664.431824 0.000000 0.596932 0.000000 -0.802292 0.671133 0.671133 0.671133
2883.872314 0.000000 648.283203 0.000000 0.376255 0.000000 -0.926516 0.983425 0.983425 0.983425
2886.501709 0.000000 640.469543 0.000000 0.983657 0.000000 -0.180055 0.659933 0.659933 0.659933
2885.541260 0.000000 644.118652 0.000000 0.992489 0.000000 -0.122337 0.644458 0.644458 0.644458
2880.481445 0.000000 658.077881 0.000000 0.550737 0.000000 -0.834679 0.681360 0.681360 0.681360
2880.666992 0.000000 659.700378 0.000000 0.409017 0.000000 -0.912527 0.694696 0.694696 0.694696
2880.257080 0.000000 666.514954 0.000000 0.991129 0.000000 -0.132907 0.647124 0.647124 0.647124
2884.120605 0.000000 641.674438 0.000000 0.255032 0.000000 -0.966933 0.743566 0.743566 0.743566
2891.692383 0.000000 661.522644 0.000000 0.910506 0.000000 -0.413496 0.626819 0.626819 0.626819
2882.555420 0.000000 667.606384 0.000000 0.999943 0.000000 0.010647 0.596906 0.596906 0.596906
2890.430420 0.000000 643.622681 0.000000 0.856172 0.000000 -0.516691 0.771617 0.771617 0.771617
2883.227051 0.000000 658.180603 0.000000 0.408678 0.000000 -0.912678 0.734340 0.734340 0.734340
2891.976807 0.000000 643.376526 0.000000 0.999961 0.000000 -0.008791 0.602779 0.602779 0.602779
2882.631592 0.000000 655.511658 0.000000 0.004847 0.000000 -0.999988 0.797037 0.797037 0.797037
2884.757568 0.000000 668.197083 0.000000 0.997679 0.000000 0.068087 0.576626 0.576626 0.576626
2881.429443 0.000000 647.491394 0.000000 0.976415 0.000000 -0.215904 0.683124 0.683124 0.683124
2880.713379 0.000000 669.077271 0.000000 0.497068 0.000000 -0.867711 0.906870 0.906870 0.906870
2879.746094 0.000000 648.836487 0.000000 0.449244 0.000000 -0.893409 0.932661 0.932661 0.932661
2886.206543 0.000000 658.965027 0.000000 0.684019 0.000000 -0.729464 0.715114 0.715114 0.715114
2886.636230 0.000000 642.425720 0.000000 0.011716 0.000000 -0.999931 0.861564 0.861564 0.861564
2885.559326 0.000000 641.285095 0.000000 0.586524 0.000000 -0.809932 0.703229 0.703229 0.703229
2886.933838 0.000000 668.855835 0.000000 0.949596 0.000000 -0.313475 0.721792 0.721792 0.721792
2880.360596 0.000000 655.802429 0.000000 0.820090 0.000000 -0.572234 0.703121 0.703121 0.703121
2887.491211 0.000000 661.079468 0.000000 0.348643 0.000000 -0.937256 0.803783 0.803783 0.803783
2880.911621 0.000000 648.923889 0.000000 0.402946 0.000000 -0.915224 0.904779 0.904779 0.904779
2889.814697 0.000000 642.584961 0.000000 0.467092 0.000000 -0.884209 0.996488 0.996488 0.996488
2883.076660 0.000000 644.426331 0.000000 0.394435 0.000000 -0.918924 0.980541 0.980541 0.980541
2885.183105 0.000000 667.173950 0.000000 0.816380 0.000000 -0.577515 0.673780 0.673780 0.673780
2881.614502 0.000000 655.008240 0.000000 0.125252 0.000000 -0.992125 0.844626 0.844626 0.844626
2882.983154 0.000000 646.100647 0.000000 0.830088 0.000000 -0.557632 0.825948 0.825948 0.825948
2881.552002 0.000000 644.452698 0.000000 0.974694 0.000000 -0.223543 0.686115 0.686115 0.686115
2885.867920 0.000000 646.543396 0.000000 0.999790 0.000000 -0.020500 0.607831 0.607831 0.607831
2884.835205 0.000000 661.468384 0.000000 0.927391 0.000000 -0.374093 0.640778 0.640778 0.640778
2880.276123 0.000000 645.435303 0.000000 0.999815 0.000000 -0.019253 0.607354 0.607354 0.607354
2884.040527 0.000000 660.587280 0.000000 0.951754 0.000000 -0.306862 0.633171 0.633171 0.633171
2887.509033 0.000000 640.556824 0.000000 0.038504 0.000000 -0.999258 1.107251 1.107251 1.107251
2888.874756 0.000000 645.356506 0.000000 0.997068 0.000000 0.076515 0.582447 0.582447 0.582447
2884.240234 0.000000 647.327820 0.000000 0.914744 0.000000 -0.404033 0.758870 0.758870 0.758870
2885.916260 0.000000 659.912598 0.000000 0.705035 0.000000 -0.709172 0.742883 0.742883 0.742883
2882.855225 0.000000 648.223022 0.000000 0.148292 0.000000 -0.988944 1.060077 1.060077 1.060077
2883.496338 0.000000 667.962158 0.000000 0.923296 0.000000 -0.384088 0.714560 0.714560 0.714560
2888.279297 0.000000 643.642273 0.000000 0.977050 0.000000 -0.213012 0.678456 0.678456 0.678456
2882.955322 0.000000 649.259705 0.000000 0.142575 0.000000 -0.989784 1.061947 1.061947 1.061947
2887.252686 0.000000 669.782593 0.000000 0.911352 0.000000 -0.411629 0.762048 0.762048 0.762048
2887.606689 0.000000 642.523499 0.000000 0.235473 0.000000 -0.971881 0.823650 0.823650 0.823650
2884.032227 0.000000 658.770569 0.000000 0.840084 0.000000 -0.542456 0.703921 0.703921 0.703921
2885.667725 0.000000 668.797180 0.000000 0.330134 0.000000 -0.943934 1.023414 1.023414 1.023414
2889.873779 0.000000 670.187927 0.000000 0.828133 0.000000 -0.560532 0.717653 0.717653 0.717653
2886.705566 0.000000 641.465515 0.000000 0.948898 0.000000 -0.315582 0.706288 0.706288 0.706288
2884.926758 0.000000 646.524048 0.000000 0.960881 0.000000 -0.276961 0.707193 0.707193 0.707193
2882.746094 0.000000 666.704163 0.000000 0.668097 0.000000 -0.744074 0.843855 0.843855 0.843855
2891.921875 0.000000 642.474365 0.000000 0.566136 0.000000 -0.824312 0.906260 0.906260 0.906260
2879.593994 0.000000 649.804504 0.000000 0.998662 0.000000 0.051704 0.584426 0.584426 0.584426
2886.102051 0.000000 647.421753 0.000000 0.999967 0.000000 0.008170 0.597295 0.597295 0.597295
2887.953369 0.000000 660.320923 0.000000 0.897131 0.000000 -0.441765 0.676765 0.676765 0.676765
2885.777832 0.000000 658.176758 0.000000 0.998084 0.000000 0.061870 0.588779 0.588779 0.588779
2889.316162 0.000000 643.321716 0.000000 0.905328 0.000000 -0.424713 0.760322 0.760322 0.760322
2883.471436 0.000000 645.384949 0.000000 0.155063 0.000000 -0.987905 1.062100 1.062100 1.062100
2887.184814 0.000000 647.817810 0.000000 0.477807 0.000000 -0.878465 0.955089 0.955089 0.955089
2879.384766 0.000000 647.101379 0.000000 0.733838 0.000000 -0.679325 0.885273 0.885273 0.885273
2880.787354 0.000000 648.064514 0.000000 0.941455 0.000000 -0.337139 0.690658 0.690658 0.690658
2886.573975 0.000000 646.144409 0.000000 0.127075 0.000000 -0.991893 1.077819 1.077819 1.077819
2879.858643 0.000000 659.709778 0.000000 0.719975 0.000000 -0.694000 0.801067 0.801067 0.801067
2881.941162 0.000000 668.147522 0.000000 0.892145 0.000000 -0.451750 0.736913 0.736913 0.736913
2879.495605 0.000000 666.131470 0.000000 0.514975 0.000000 -0.857205 0.879209 0.879209 0.879209
2880.771240 0.000000 647.002686 0.000000 0.999308 0.000000 0.037188 0.585792 0.585792 0.585792
2883.393799 0.000000 647.609253 0.000000 0.998943 0.000000 -0.045975 0.617568 0.617568 0.617568
2884.503174 0.000000 645.544373 0.000000 0.692379 0.000000 -0.721534 0.892179 0.892179 0.892179
2881.027832 0.000000 666.760315 0.000000 0.999321 0.000000 -0.036855 0.613032 0.613032 0.613032
2879.317139 0.000000 671.123657 0.000000 0.015964 0.000000 -0.999873 0.986619 0.986619 0.986619
2884.567139 0.000000 644.146240 0.000000 0.300666 0.000000 -0.953729 1.058708 1.058708 1.058708
2896.190918 0.000000 682.124146 0.000000 0.086323 0.000000 -0.996267 0.802336 0.802336 0.802336
2879.485596 0.000000 673.316345 0.000000 0.999973 0.000000 0.007321 0.599649 0.599649 0.599649
2900.066406 0.000000 679.874634 0.000000 0.206480 0.000000 -0.978451 0.763313 0.763313 0.763313
2902.364014 0.000000 686.810486 0.000000 0.078854 0.000000 -0.996886 0.680449 0.680449 0.680449
2879.547852 0.000000 697.223694 0.000000 0.222507 0.000000 -0.974931 0.610084 0.610084 0.610084
2897.057617 0.000000 677.241516 0.000000 0.025547 0.000000 -0.999674 0.616203 0.616203 0.616203
2887.087646 0.000000 688.141479 0.000000 0.893729 0.000000 -0.448607 0.639023 0.639023 0.639023
2883.425293 0.000000 693.412292 0.000000 0.673975 0.000000 -0.738754 0.822874 0.822874 0.822874
2882.693115 0.000000 674.013367 0.000000 0.896370 0.000000 -0.443306 0.745163 0.745163 0.745163
2898.009521 0.000000 674.541626 0.000000 0.247723 0.000000 -0.968831 0.645493 0.645493 0.645493
2900.899170 0.000000 682.557922 0.000000 0.903112 0.000000 -0.429405 0.698395 0.698395 0.698395
2881.425781 0.000000 695.346252 0.000000 0.486604 0.000000 -0.873623 0.779862 0.779862 0.779862
2902.581543 0.000000 680.333862 0.000000 0.658147 0.000000 -0.752890 0.708536 0.708536 0.708536
2896.843750 0.000000 684.472351 0.000000 0.999967 0.000000 0.008180 0.596875 0.596875 0.596875
2899.875000 0.000000 686.744629 0.000000 0.940887 0.000000 -0.338721 0.684890 0.684890 0.684890
2897.301025 0.000000 690.237061 0.000000 0.501133 0.000000 -0.865370 0.856933 0.856933 0.856933
2907.438232 0.000000 693.545105 0.000000 0.701022 0.000000 -0.713139 0.789100 0.789100 0.789100
2890.799805 0.000000 691.935974 0.000000 0.980300 0.000000 -0.197514 0.616380 0.616380 0.616380
2882.292969 0.000000 677.255188 0.000000 0.910339 0.000000 -0.413863 0.684369 0.684369 0.684369
2887.187256 0.000000 690.115906 0.000000 0.580664 0.000000 -0.814143 0.813736 0.813736 0.813736
2879.359863 0.000000 677.912720 0.000000 0.333724 0.000000 -0.942671 0.788014 0.788014 0.788014
2887.602295 0.000000 683.178040 0.000000 0.301773 0.000000 -0.953380 0.647344 0.647344 0.647344
2883.515381 0.000000 691.629211 0.000000 0.614689 0.000000 -0.788770 0.726603 0.726603 0.726603
2890.404541 0.000000 689.800842 0.000000 0.159085 0.000000 -0.987265 1.086134 1.086134 1.086134
2883.908936 0.000000 675.119385 0.000000 0.842899 0.000000 -0.538072 0.779571 0.779571 0.779571
2880.779541 0.000000 684.876648 0.000000 0.249213 0.000000 -0.968449 0.669148 0.669148 0.669148
2898.090820 0.000000 678.534973 0.000000 0.422097 0.000000 -0.906551 0.812526 0.812526 0.812526
2895.343506 0.000000 684.318054 0.000000 0.998847 0.000000 0.048009 0.591727 0.591727 0.591727
2898.033936 0.000000 683.495422 0.000000 0.927426 0.000000 -0.374006 0.746419 0.746419 0.746419
2894.479492 0.000000 687.258911 0.000000 0.970367 0.000000 -0.241635 0.644234 0.644234 0.644234
2893.227539 0.000000 689.258301 0.000000 0.546903 0.000000 -0.837196 0.978968 0.978968 0.978968
2901.429443 0.000000 679.459900 0.000000 0.529939 0.000000 -0.848036 0.721304 0.721304 0.721304
2892.973145 0.000000 691.049927 0.000000 0.702192 0.000000 -0.711988 0.902646 0.902646 0.902646
2883.227051 0.000000 690.164978 0.000000 0.516781 0.000000 -0.856117 0.743168 0.743168 0.743168
2886.072266 0.000000 689.303284 0.000000 0.741785 0.000000 -0.670638 0.661660 0.661660 0.661660
2880.644531 0.000000 683.382629 0.000000 0.819347 0.000000 -0.573299 0.803939 0.803939 0.803939
2892.039062 0.000000 686.897156 0.000000 0.140368 0.000000 -0.990099 1.146206 1.146206 1.146206
2904.734375 0.000000 691.327759 0.000000 0.902776 0.000000 -0.430111 0.769831 0.769831 0.769831
2903.599121 0.000000 681.331055 0.000000 0.998840 0.000000 -0.048150 0.606133 0.606133 0.606133
2879.746094 0.000000 680.820862 0.000000 0.982357 0.000000 -0.187013 0.634097 0.634097 0.634097
2899.187744 0.000000 687.894287 0.000000 0.981397 0.000000 -0.191988 0.647459 0.647459 0.647459
2886.206543 0.000000 690.949402 0.000000 0.999997 0.000000 -0.002614 0.600587 0.600587 0.600587
2886.636230 0.000000 674.410095 0.000000 0.259108 0.000000 -0.965848 1.086163 1.086163 1.086163
2899.056152 0.000000 685.681519 0.000000 0.687452 0.000000 -0.726230 0.682793 0.682793 0.682793
2898.094727 0.000000 684.803467 0.000000 0.425190 0.000000 -0.905104 0.715266 0.715266 0.715266
2896.126465 0.000000 683.355957 0.000000 0.818145 0.000000 -0.575012 0.683507 0.683507 0.683507
2887.881348 0.000000 689.147766 0.000000 0.794650 0.000000 -0.607067 0.654723 0.654723 0.654723
2879.373291 0.000000 692.413696 0.000000 0.546038 0.000000 -0.837761 0.769597 0.769597 0.769597
2879.309326 0.000000 676.634216 0.000000 0.800935 0.000000 -0.598751 0.698081 0.698081 0.698081
2897.430908 0.000000 682.432983 0.000000 0.668755 0.000000 -0.743483 0.714265 0.714265 0.714265
2900.389160 0.000000 687.780334 0.000000 0.999349 0.000000 0.036067 0.586220 0.586220 0.586220
2880.911621 0.000000 680.908264 0.000000 0.259848 0.000000 -0.965649 0.915429 0.915429 0.915429
2883.076660 0.000000 676.410706 0.000000 0.562546 0.000000 -0.826766 0.792454 0.792454 0.792454
2904.753662 0.000000 689.039368 0.000000 0.956242 0.000000 -0.292578 0.648924 0.648924 0.648924
2893.770752 0.000000 690.265381 0.000000 0.999734 0.000000 0.023045 0.591197 0.591197 0.591197
2897.088867 0.000000 685.525146 0.000000 0.936927 0.000000 -0.349526 0.736389 0.736389 0.736389
2895.998291 0.000000 685.207642 0.000000 0.775165 0.000000 -0.631759 0.717796 0.717796 0.717796
2896.785400 0.000000 688.279602 0.000000 0.426925 0.000000 -0.904287 1.024747 1.024747 1.024747
2897.853516 0.000000 689.294006 0.000000 0.777761 0.000000 -0.628560 0.855554 0.855554 0.855554
2900.997803 0.000000 689.269958 0.000000 0.808732 0.000000 -0.588177 0.840185 0.840185 0.840185
2879.323730 0.000000 693.694214 0.000000 0.703641 0.000000 -0.710555 0.734953 0.734953 0.734953
2888.743896 0.000000 689.721436 0.000000 0.033816 0.000000 -0.999428 1.012108 1.012108 1.012108
2895.416992 0.000000 686.785950 0.000000 0.167664 0.000000 -0.985844 0.854173 0.854173 0.854173
2882.452881 0.000000 691.558044 0.000000 0.661664 0.000000 -0.749800 0.718099 0.718099 0.718099
2898.293213 0.000000 690.856140 0.000000 0.021062 0.000000 -0.999778 1.191954 1.191954 1.191954
2882.959473 0.000000 692.504944 0.000000 0.340971 0.000000 -0.940074 0.927881 0.927881 0.927881
2880.389648 0.000000 695.246643 0.000000 0.618607 0.000000 -0.785701 0.752987 0.752987 0.752987
2884.889404 0.000000 675.326355 0.000000 0.753867 0.000000 -0.657027 0.873823 0.873823 0.873823
2887.606689 0.000000 674.507874 0.000000 0.684592 0.000000 -0.728927 0.903412 0.903412 0.903412
2907.696777 0.000000 692.622559 0.000000 0.519178 0.000000 -0.854666 0.844103 0.844103 0.844103
2881.513916 0.000000 681.658630 0.000000 0.999457 0.000000 0.032962 0.592049 0.592049 0.592049
2891.251221 0.000000 689.383850 0.000000 0.152781 0.000000 -0.988260 1.088333 1.088333 1.088333
2902.106689 0.000000 688.914001 0.000000 0.423937 0.000000 -0.905691 1.032777 1.032777 1.032777
2893.483887 0.000000 691.852417 0.000000 0.251888 0.000000 -0.967756 1.102738 1.102738 1.102738
2882.973877 0.000000 675.019836 0.000000 0.402561 0.000000 -0.915393 0.965522 0.965522 0.965522
2887.146729 0.000000 691.097656 0.000000 0.567390 0.000000 -0.823449 0.817379 0.817379 0.817379
2899.691895 0.000000 689.770569 0.000000 0.705709 0.000000 -0.708502 0.900754 0.900754 0.900754
2898.954346 0.000000 686.570679 0.000000 0.899293 0.000000 -0.437347 0.711197 0.711197 0.711197
2901.331055 0.000000 683.388916 0.000000 0.130376 0.000000 -0.991465 0.919249 0.919249 0.919249
2901.790527 0.000000 682.424683 0.000000 0.927386 0.000000 -0.374106 0.685004 0.685004 0.685004
2900.108643 0.000000 691.238708 0.000000 0.613809 0.000000 -0.789455 0.947564 0.947564 0.947564
2900.269043 0.000000 680.794617 0.000000 0.314192 0.000000 -0.949360 1.077920 1.077920 1.077920
2885.777832 0.000000 690.161133 0.000000 0.920139 0.000000 -0.391592 0.695831 0.695831 0.695831
2879.920410 0.000000 684.864929 0.000000 0.261261 0.000000 -0.965268 0.883764 0.883764 0.883764
2885.047607 0.000000 676.823059 0.000000 0.880415 0.000000 -0.474204 0.788717 0.788717 0.788717
2895.441162 0.000000 691.512390 0.000000 0.867489 0.000000 -0.497456 0.798879 0.798879 0.798879
2882.932861 0.000000 683.952515 0.000000 0.631696 0.000000 -0.775216 0.896311 0.896311 0.896311
2892.619385 0.000000 688.536377 0.000000 0.967546 0.000000 -0.252693 0.697580 0.697580 0.697580
2895.525879 0.000000 689.731262 0.000000 0.983979 0.000000 -0.178282 0.668465 0.668465 0.668465
2898.889160 0.000000 683.677490 0.000000 0.711601 0.000000 -0.702584 0.897564 0.897564 0.897564
2898.135254 0.000000 681.212219 0.000000 0.154414 0.000000 -0.988006 1.132298 1.132298 1.132298
2900.906982 0.000000 680.143982 0.000000 0.557326 0.000000 -0.830294 0.974193 0.974193 0.974193
2885.745361 0.000000 682.826416 0.000000 0.647994 0.000000 -0.761646 0.771201 0.771201 0.771201
2898.655762 0.000000 682.838867 0.000000 0.837955 0.000000 -0.545739 0.820501 0.820501 0.820501
2892.143555 0.000000 690.891663 0.000000 0.897798 0.000000 -0.440407 0.774199 0.774199 0.774199
2898.320312 0.000000 691.854248 0.000000 0.953114 0.000000 -0.302611 0.717430 0.717430 0.717430
2883.803955 0.000000 675.955627 0.000000 0.999739 0.000000 0.022861 0.592774 0.592774 0.592774
2899.161377 0.000000 676.847229 0.000000 0.949597 0.000000 -0.313474 0.664478 0.664478 0.664478
2883.564697 0.000000 674.304260 0.000000 0.994789 0.000000 -0.101958 0.632281 0.632281 0.632281
2899.490234 0.000000 690.586182 0.000000 0.996629 0.000000 0.082045 0.568626 0.568626 0.568626
2901.427490 0.000000 687.355469 0.000000 0.930238 0.000000 -0.366956 0.743520 0.743520 0.743520
2894.845459 0.000000 688.017761 0.000000 0.033600 0.000000 -0.999435 1.187163 1.187163 1.187163
2879.343262 0.000000 680.039551 0.000000 0.585175 0.000000 -0.810907 0.771408 0.771408 0.771408
2883.136963 0.000000 682.511841 0.000000 0.996155 0.000000 -0.087612 0.629303 0.629303 0.629303
2898.275879 0.000000 679.856750 0.000000 0.111846 0.000000 -0.993726 0.873132 0.873132 0.873132
2900.399902 0.000000 683.227783 0.000000 0.842785 0.000000 -0.538250 0.726002 0.726002 0.726002
2905.842773 0.000000 691.960999 0.000000 0.959771 0.000000 -0.280782 0.708713 0.708713 0.708713
2887.505859 0.000000 676.254089 0.000000 0.834976 0.000000 -0.550286 0.822578 0.822578 0.822578
2885.348145 0.000000 691.295044 0.000000 0.020201 0.000000 -0.999796 0.969306 0.969306 0.969306
2892.368896 0.000000 689.304138 0.000000 0.310329 0.000000 -0.950629 1.079473 1.079473 1.079473
2905.396729 0.000000 690.884583 0.000000 0.964192 0.000000 -0.265204 0.702527 0.702527 0.702527
2884.503174 0.000000 677.528748 0.000000 0.930517 0.000000 -0.366247 0.743229 0.743229 0.743229
2895.576416 0.000000 685.907349 0.000000 0.963204 0.000000 -0.268771 0.646875 0.646875 0.646875
2899.819336 0.000000 683.880127 0.000000 0.661474 0.000000 -0.749968 0.923917 0.923917 0.923917
2900.649658 0.000000 681.771301 0.000000 0.897291 0.000000 -0.441440 0.774639 0.774639 0.774639
2891.039062 0.000000 688.139099 0.000000 0.033749 0.000000 -0.999430 1.129547 1.129547 1.129547
2899.070312 0.000000 681.396484 0.000000 0.105327 0.000000 -0.994438 1.150914 1.150914 1.150914
2900.109863 0.000000 682.455261 0.000000 0.908306 0.000000 -0.418306 0.695678 0.695678 0.695678
2898.735840 0.000000 678.095520 0.000000 0.977901 0.000000 -0.209069 0.639437 0.639437 0.639437
2884.016846 0.000000 682.606079 0.000000 0.800781 0.000000 -0.598958 0.726980 0.726980 0.726980
2894.212646 0.000000 686.509094 0.000000 0.519692 0.000000 -0.854354 0.785655 0.785655 0.785655
2893.703857 0.000000 687.267944 0.000000 0.160788 0.000000 -0.986989 1.138316 1.138316 1.138316
2897.599121 0.000000 684.159241 0.000000 0.945370 0.000000 -0.326000 0.726841 0.726841 0.726841
2892.809570 0.000000 687.039612 0.000000 0.035780 0.000000 -0.999360 1.186330 1.186330 1.186330
2880.244141 0.000000 682.709717 0.000000 0.755407 0.000000 -0.655256 0.838677 0.838677 0.838677
2885.329102 0.000000 682.105164 0.000000 0.506730 0.000000 -0.862105 0.805519 0.805519 0.805519
2912.277344 0.000000 693.171814 0.000000 0.410951 0.000000 -0.911657 0.610311 0.610311 0.610311
2826.797852 0.000000 719.367493 0.000000 0.933653 0.000000 -0.358179 0.668041 0.668041 0.668041
2841.158691 0.000000 722.068237 0.000000 0.867108 0.000000 -0.498121 0.749965 0.749965 0.749965
2818.093506 0.000000 732.927063 0.000000 0.521913 0.000000 -0.852999 0.990262 0.990262 0.990262
2823.531982 0.000000 726.329346 0.000000 0.412749 0.000000 -0.910845 1.037482 1.037482 1.037482
2819.593018 0.000000 728.583984 0.000000 0.997875 0.000000 -0.065155 0.620998 0.620998 0.620998
2823.414551 0.000000 716.945801 0.000000 0.788062 0.000000 -0.615596 0.609933 0.609933 0.609933
2822.025635 0.000000 731.873291 0.000000 0.714605 0.000000 -0.699528 0.676593 0.676593 0.676593
2845.944336 0.000000 721.727051 0.000000 0.906650 0.000000 -0.421883 0.692638 0.692638 0.692638
2825.124023 0.000000 722.760620 0.000000 0.998475 0.000000 0.055208 0.589658 0.589658 0.589658
2830.668213 0.000000 721.555542 0.000000 0.037541 0.000000 -0.999295 1.185657 1.185657 1.185657
2819.440918 0.000000 725.396667 0.000000 0.831621 0.000000 -0.555344 0.749931 0.749931 0.749931
2840.898193 0.000000 730.932190 0.000000 0.962193 0.000000 -0.272370 0.705369 0.705369 0.705369
2826.343506 0.000000 725.961731 0.000000 0.946399 0.000000 -0.322999 0.725629 0.725629 0.725629
2841.536133 0.000000 716.203430 0.000000 0.588087 0.000000 -0.808798 0.673383 0.673383 0.673383
2836.914795 0.000000 714.542297 0.000000 0.673363 0.000000 -0.739312 0.804401 0.804401 0.804401
2817.768311 0.000000 730.359985 0.000000 0.521473 0.000000 -0.853268 0.822026 0.822026 0.822026
2817.441406 0.000000 727.330627 0.000000 0.257549 0.000000 -0.966265 0.878711 0.878711 0.878711
2822.303711 0.000000 728.479675 0.000000 0.258232 0.000000 -0.966083 0.951143 0.951143 0.951143
2839.431885 0.000000 727.749573 0.000000 0.996897 0.000000 -0.078714 0.602715 0.602715 0.602715
2830.097412 0.000000 715.468872 0.000000 0.693119 0.000000 -0.720823 0.716964 0.716964 0.716964
2841.245605 0.000000 724.503845 0.000000 0.545825 0.000000 -0.837899 0.972019 0.972019 0.972019
2829.096924 0.000000 719.776611 0.000000 0.904685 0.000000 -0.426080 0.723293 0.723293 0.723293
2847.103760 0.000000 727.075378 0.000000 0.990519 0.000000 -0.137378 0.623327 0.623327 0.623327
2846.317139 0.000000 718.602417 0.000000 0.954931 0.000000 -0.296827 0.622120 0.622120 0.622120
2839.397705 0.000000 723.375183 0.000000 0.907988 0.000000 -0.418997 0.756075 0.756075 0.756075
2824.785889 0.000000 718.573059 0.000000 0.739332 0.000000 -0.673341 0.762663 0.762663 0.762663
2841.564697 0.000000 728.922668 0.000000 0.853511 0.000000 -0.521074 0.786373 0.786373 0.786373
2840.160156 0.000000 717.843689 0.000000 0.325294 0.000000 -0.945613 0.696546 0.696546 0.696546
2815.416748 0.000000 726.867859 0.000000 0.962117 0.000000 -0.272635 0.667007 0.667007 0.667007
2839.126465 0.000000 731.417542 0.000000 0.953398 0.000000 -0.301717 0.666570 0.666570 0.666570
2841.768311 0.000000 720.557861 0.000000 0.851571 0.000000 -0.524240 0.810781 0.810781 0.810781
2839.580811 0.000000 716.230408 0.000000 0.752095 0.000000 -0.659055 0.864074 0.864074 0.864074
2818.017090 0.000000 728.796509 0.000000 0.861320 0.000000 -0.508062 0.771634 0.771634 0.771634
2816.497070 0.000000 722.046631 0.000000 0.993093 0.000000 -0.117328 0.638225 0.638225 0.638225
2826.704346 0.000000 713.733521 0.000000 0.604981 0.000000 -0.796240 0.675882 0.675882 0.675882
2845.106201 0.000000 723.000793 0.000000 0.160763 0.000000 -0.986993 1.053882 1.053882 1.053882
2845.634033 0.000000 727.874146 0.000000 0.986991 0.000000 -0.160778 0.626607 0.626607 0.626607
2823.719482 0.000000 727.926453 0.000000 0.983264 0.000000 -0.182188 0.669981 0.669981 0.669981
2831.359131 0.000000 716.302429 0.000000 0.830772 0.000000 -0.556613 0.729982 0.729982 0.729982
2834.785156 0.000000 721.944702 0.000000 0.985796 0.000000 -0.167946 0.660412 0.660412 0.660412
2816.682617 0.000000 723.669128 0.000000 0.465171 0.000000 -0.885221 0.953320 0.953320 0.953320
2834.049561 0.000000 715.479797 0.000000 0.999991 0.000000 0.004214 0.598390 0.598390 0.598390
2827.768555 0.000000 720.559448 0.000000 0.802875 0.000000 -0.596147 0.763599 0.763599 0.763599
2842.745605 0.000000 727.969604 0.000000 0.996718 0.000000 -0.080953 0.626464 0.626464 0.626464
2822.364014 0.000000 725.311401 0.000000 0.999847 0.000000 0.017515 0.594569 0.594569 0.594569
2816.272705 0.000000 730.483704 0.000000 0.173663 0.000000 -0.984805 0.903265 0.903265 0.903265
2842.195557 0.000000 723.163208 0.000000 0.974687 0.000000 -0.223576 0.644584 0.644584 0.644584
2827.438721 0.000000 716.316284 0.000000 0.958480 0.000000 -0.285159 0.638984 0.638984 0.638984
2832.280762 0.000000 721.205322 0.000000 0.997597 0.000000 -0.069290 0.625865 0.625865 0.625865
2831.691895 0.000000 722.668030 0.000000 0.538772 0.000000 -0.842452 0.882122 0.882122 0.882122
2829.243164 0.000000 721.242676 0.000000 0.318890 0.000000 -0.947792 1.076028 1.076028 1.076028
2820.893311 0.000000 727.977539 0.000000 0.258716 0.000000 -0.965953 1.005915 1.005915 1.005915
2826.439697 0.000000 715.212769 0.000000 0.997541 0.000000 -0.070084 0.607985 0.607985 0.607985
2836.681396 0.000000 715.997620 0.000000 0.848358 0.000000 -0.529422 0.737059 0.737059 0.737059
2844.701172 0.000000 724.381042 0.000000 0.935349 0.000000 -0.353726 0.655783 0.655783 0.655783
2844.723389 0.000000 721.024170 0.000000 0.992567 0.000000 -0.121696 0.625950 0.625950 0.625950
2817.991943 0.000000 726.035156 0.000000 0.195937 0.000000 -0.980617 0.892169 0.892169 0.892169
2838.921631 0.000000 720.278687 0.000000 0.263708 0.000000 -0.964602 0.988686 0.988686 0.988686
2828.765625 0.000000 715.825134 0.000000 0.591143 0.000000 -0.806567 0.930302 0.930302 0.930302
2819.191895 0.000000 729.862061 0.000000 0.529809 0.000000 -0.848117 0.926055 0.926055 0.926055
2842.637695 0.000000 724.438782 0.000000 0.993008 0.000000 -0.118043 0.631193 0.631193 0.631193
2828.054688 0.000000 718.881531 0.000000 0.833887 0.000000 -0.551935 0.763777 0.763777 0.763777
2840.744629 0.000000 727.774414 0.000000 0.090400 0.000000 -0.995906 1.165423 1.165423 1.165423
2817.258545 0.000000 731.567810 0.000000 0.039141 0.000000 -0.999234 0.932673 0.932673 0.932673
2840.750000 0.000000 723.312134 0.000000 0.021802 0.000000 -0.999762 1.045494 1.045494 1.045494
2842.052002 0.000000 725.585510 0.000000 0.824836 0.000000 -0.565373 0.758415 0.758415 0.758415
2829.339111 0.000000 725.689575 0.000000 0.468996 0.000000 -0.883200 0.732981 0.732981 0.732981
2844.048096 0.000000 722.229126 0.000000 0.963871 0.000000 -0.266371 0.686834 0.686834 0.686834
2826.865723 0.000000 712.048889 0.000000 0.178296 0.000000 -0.983977 0.714644 0.714644 0.714644
2820.526123 0.000000 721.391296 0.000000 0.988125 0.000000 -0.153654 0.641132 0.641132 0.641132
2825.577881 0.000000 723.960388 0.000000 0.285637 0.000000 -0.958338 0.839879 0.839879 0.839879
2824.321289 0.000000 719.735535 0.000000 0.996764 0.000000 0.080381 0.582281 0.582281 0.582281
2825.587402 0.000000 719.613708 0.000000 0.519556 0.000000 -0.854436 0.825583 0.825583 0.825583
2829.223145 0.000000 712.509216 0.000000 0.023685 0.000000 -0.999720 0.732095 0.732095 0.732095
2844.480225 0.000000 726.251099 0.000000 0.875645 0.000000 -0.482955 0.683049 0.683049 0.683049
2824.069580 0.000000 723.404968 0.000000 0.685243 0.000000 -0.728314 0.752762 0.752762 0.752762
2823.896973 0.000000 721.132141 0.000000 0.999426 0.000000 -0.033882 0.612944 0.612944 0.612944
2826.410156 0.000000 720.586487 0.000000 0.946098 0.000000 -0.323880 0.684484 0.684484 0.684484
2830.112793 0.000000 720.388977 0.000000 0.721812 0.000000 -0.692089 0.891971 0.891971 0.891971
2846.853516 0.000000 722.520020 0.000000 0.458749 0.000000 -0.888566 0.839301 0.839301 0.839301
2845.848145 0.000000 726.730103 0.000000 0.999985 0.000000 0.005435 0.599104 0.599104 0.599104
2828.000244 0.000000 723.706360 0.000000 0.280833 0.000000 -0.959757 1.091267 1.091267 1.091267
2833.446533 0.000000 714.417358 0.000000 0.943000 0.000000 -0.332792 0.690966 0.690966 0.690966
2823.506836 0.000000 725.048218 0.000000 0.907470 0.000000 -0.420117 0.734439 0.734439 0.734439
2842.661377 0.000000 729.179382 0.000000 0.556282 0.000000 -0.830993 0.974673 0.974673 0.974673
2842.277100 0.000000 721.928467 0.000000 0.999435 0.000000 -0.033596 0.608657 0.608657 0.608657
2839.190186 0.000000 730.287231 0.000000 0.946038 0.000000 -0.324055 0.671679 0.671679 0.671679
2825.962646 0.000000 727.015808 0.000000 0.493854 0.000000 -0.869545 1.002705 1.002705 1.002705
2840.769287 0.000000 721.023743 0.000000 0.404715 0.000000 -0.914443 1.040845 1.040845 1.040845
2846.711426 0.000000 726.042236 0.000000 0.992700 0.000000 -0.120608 0.620465 0.620465 0.620465
2826.093994 0.000000 724.906372 0.000000 0.757300 0.000000 -0.653068 0.871822 0.871822 0.871822
2821.326416 0.000000 728.970703 0.000000 0.993169 0.000000 -0.116681 0.644670 0.644670 0.644670
2832.801025 0.000000 720.263977 0.000000 0.398826 0.000000 -0.917027 1.032871 1.032871 1.032871
2831.336914 0.000000 720.744202 0.000000 0.982776 0.000000 -0.184803 0.670997 0.670997 0.670997
2833.869141 0.000000 721.278381 0.000000 0.434283 0.000000 -0.900776 1.018322 1.018322 1.018322
2815.344971 0.000000 730.995544 0.000000 0.980261 0.000000 -0.197707 0.639947 0.639947 0.639947
2824.759521 0.000000 721.705811 0.000000 0.656803 0.000000 -0.754062 0.830322 0.830322 0.830322
2840.986572 0.000000 725.539246 0.000000 0.999791 0.000000 -0.020425 0.607650 0.607650 0.607650
2829.109619 0.000000 704.929810 0.000000 0.987590 0.000000 -0.157054 0.617245 0.617245 0.617245
2846.913574 0.000000 721.148621 0.000000 0.998401 0.000000 0.056535 0.578394 0.578394 0.578394
2843.838379 0.000000 720.487793 0.000000 0.673420 0.000000 -0.739260 0.814352 0.814352 0.814352
2831.432617 0.000000 718.770325 0.000000 0.037710 0.000000 -0.999289 1.174110 1.174110 1.174110
2840.160156 0.000000 726.908264 0.000000 0.540632 0.000000 -0.841259 0.981822 0.981822 0.981822
2824.308594 0.000000 727.099548 0.000000 0.585627 0.000000 -0.810581 0.961018 0.961018 0.961018
2819.923340 0.000000 727.626465 0.000000 0.921766 0.000000 -0.387746 0.706765 0.706765 0.706765
2818.975098 0.000000 724.489319 0.000000 0.335729 0.000000 -0.941959 0.912814 0.912814 0.912814
2841.635986 0.000000 731.590027 0.000000 0.731796 0.000000 -0.681524 0.886419 0.886419 0.886419
2839.078369 0.000000 722.458618 0.000000 0.577609 0.000000 -0.816313 0.944756 0.944756 0.944756
2819.511963 0.000000 731.930908 0.000000 0.893855 0.000000 -0.448356 0.755999 0.755999 0.755999
2840.876709 0.000000 729.758362 0.000000 0.784899 0.000000 -0.619624 0.827230 0.827230 0.827230
2817.963135 0.000000 733.908630 0.000000 0.743121 0.000000 -0.669157 0.706515 0.706515 0.706515
2845.018066 0.000000 721.941650 0.000000 0.371458 0.000000 -0.928450 0.853166 0.853166 0.853166
2844.724365 0.000000 728.254761 0.000000 0.763769 0.000000 -0.645490 0.783933 0.783933 0.783933
2844.394531 0.000000 725.288635 0.000000 0.910587 0.000000 -0.413317 0.665741 0.665741 0.665741
2827.498779 0.000000 724.553284 0.000000 0.876133 0.000000 -0.482070 0.792138 0.792138 0.792138
2827.266846 0.000000 721.368225 0.000000 0.966327 0.000000 -0.257317 0.666661 0.666661 0.666661
2816.238770 0.000000 733.846008 0.000000 0.813955 0.000000 -0.580927 0.690066 0.690066 0.690066
2822.428711 0.000000 726.220276 0.000000 0.950151 0.000000 -0.311789 0.721114 0.721114 0.721114
2840.009766 0.000000 730.728394 0.000000 0.740535 0.000000 -0.672017 0.881486 0.881486 0.881486
2845.598633 0.000000 729.821228 0.000000 0.811197 0.000000 -0.584773 0.763731 0.763731 0.763731
2840.364014 0.000000 724.138672 0.000000 0.622648 0.000000 -0.782502 0.936538 0.936538 0.936538
2824.081543 0.000000 722.374756 0.000000 0.879550 0.000000 -0.475806 0.692849 0.692849 0.692849
2834.969971 0.000000 718.555054 0.000000 0.769320 0.000000 -0.638863 0.788933 0.788933 0.788933
2818.761719 0.000000 730.672913 0.000000 0.054892 0.000000 -0.998492 1.108632 1.108632 1.108632
2819.795410 0.000000 733.871582 0.000000 0.851742 0.000000 -0.523962 0.810656 0.810656 0.810656
2818.914551 0.000000 732.608582 0.000000 0.793276 0.000000 -0.608862 0.850049 0.850049 0.850049
2828.174561 0.000000 719.777466 0.000000 0.888687 0.000000 -0.458515 0.733424 0.733424 0.733424
2838.471191 0.000000 730.806702 0.000000 0.935044 0.000000 -0.354531 0.678716 0.678716 0.678716
2825.424805 0.000000 725.508240 0.000000 0.855437 0.000000 -0.517906 0.807946 0.807946 0.807946
2838.260498 0.000000 719.704041 0.000000 0.857703 0.000000 -0.514145 0.806269 0.806269 0.806269
2841.859131 0.000000 727.682678 0.000000 0.999649 0.000000 -0.026506 0.610126 0.610126 0.610126
2820.663086 0.000000 730.449036 0.000000 0.999900 0.000000 0.014139 0.594599 0.594599 0.594599
2821.793457 0.000000 722.145508 0.000000 0.819336 0.000000 -0.573314 0.825894 0.825894 0.825894
2830.050537 0.000000 714.231018 0.000000 0.697489 0.000000 -0.716595 0.716081 0.716081 0.716081
2839.648682 0.000000 717.110352 0.000000 0.962778 0.000000 -0.270294 0.700445 0.700445 0.700445
2818.218506 0.000000 726.880188 0.000000 0.559645 0.000000 -0.828733 0.861919 0.861919 0.861919
2828.635010 0.000000 720.520752 0.000000 0.662939 0.000000 -0.748674 0.923171 0.923171 0.923171
2818.861816 0.000000 726.128845 0.000000 0.986738 0.000000 -0.162322 0.643717 0.643717 0.643717
2834.904785 0.000000 715.661865 0.000000 0.694823 0.000000 -0.719181 0.906580 0.906580 0.906580
2816.174561 0.000000 722.868286 0.000000 0.077709 0.000000 -0.996976 1.085304 1.085304 1.085304
2829.311279 0.000000 717.639465 0.000000 0.999925 0.000000 -0.012228 0.603590 0.603590 0.603590
2837.156982 0.000000 716.754456 0.000000 0.754008 0.000000 -0.656865 0.873741 0.873741 0.873741
2842.640625 0.000000 720.588928 0.000000 0.967232 0.000000 -0.253894 0.666138 0.666138 0.666138
2818.377930 0.000000 729.632263 0.000000 0.485246 0.000000 -0.874378 0.942715 0.942715 0.942715
2834.671387 0.000000 714.823242 0.000000 0.823042 0.000000 -0.567980 0.830730 0.830730 0.830730
2835.358887 0.000000 714.244324 0.000000 0.978624 0.000000 -0.205659 0.679120 0.679120 0.679120
2837.443115 0.000000 719.339844 0.000000 0.155870 0.000000 -0.987778 1.140218 1.140218 1.140218
2845.620361 0.000000 728.707825 0.000000 0.678010 0.000000 -0.735052 0.816459 0.816459 0.816459
2836.415527 0.000000 715.212158 0.000000 0.676013 0.000000 -0.736890 0.803519 0.803519 0.803519
2846.418457 0.000000 727.610535 0.000000 0.542629 0.000000 -0.839973 0.768798 0.768798 0.768798
2824.744385 0.000000 723.916443 0.000000 0.994305 0.000000 -0.106576 0.619993 0.619993 0.619993
2815.969482 0.000000 726.230713 0.000000 0.654151 0.000000 -0.756364 0.808142 0.808142 0.808142
2823.791260 0.000000 728.781860 0.000000 0.997107 0.000000 -0.076005 0.620399 0.620399 0.620399
2845.647705 0.000000 723.673279 0.000000 0.258368 0.000000 -0.966046 1.021719 1.021719 1.021719
2815.874268 0.000000 723.678528 0.000000 0.104710 0.000000 -0.994503 0.929371 0.929371 0.929371
2818.861816 0.000000 728.968872 0.000000 0.681093 0.000000 -0.732197 0.864582 0.864582 0.864582
2842.855713 0.000000 723.645325 0.000000 0.544362 0.000000 -0.838851 0.796771 0.796771 0.796771
2828.384521 0.000000 721.288513 0.000000 0.397376 0.000000 -0.917656 1.043905 1.043905 1.043905
2832.235352 0.000000 719.055725 0.000000 0.230294 0.000000 -0.973121 1.033048 1.033048 1.033048
2845.710938 0.000000 720.926331 0.000000 0.054717 0.000000 -0.998502 0.922473 0.922473 0.922473
2838.769287 0.000000 721.480957 0.000000 0.015893 0.000000 -0.999874 1.063498 1.063498 1.063498
2841.543701 0.000000 721.358337 0.000000 0.121938 0.000000 -0.992538 1.153307 1.153307 1.153307
2835.884521 0.000000 717.812988 0.000000 0.770524 0.000000 -0.637411 0.792560 0.792560 0.792560
2841.023682 0.000000 720.267822 0.000000 0.814264 0.000000 -0.580495 0.836569 0.836569 0.836569
2817.043457 0.000000 730.729065 0.000000 0.590950 0.000000 -0.806708 0.803855 0.803855 0.803855
2821.576660 0.000000 725.117493 0.000000 0.514841 0.000000 -0.857286 0.905480 0.905480 0.905480
2840.967529 0.000000 718.162903 0.000000 0.975096 0.000000 -0.221784 0.685426 0.685426 0.685426
2819.891113 0.000000 730.266785 0.000000 0.696407 0.000000 -0.717647 0.868569 0.868569 0.868569
2835.834961 0.000000 715.864502 0.000000 0.725631 0.000000 -0.688084 0.889858 0.889858 0.889858
2817.454346 0.000000 728.223145 0.000000 0.304538 0.000000 -0.952500 0.987327 0.987327 0.987327
2821.319336 0.000000 721.036560 0.000000 0.268110 0.000000 -0.963388 0.946452 0.946452 0.946452
2836.125488 0.000000 714.439636 0.000000 0.617456 0.000000 -0.786605 0.822394 0.822394 0.822394
2818.906494 0.000000 722.882080 0.000000 0.626034 0.000000 -0.779796 0.941613 0.941613 0.941613
2843.370850 0.000000 727.409363 0.000000 0.979126 0.000000 -0.203253 0.666838 0.666838 0.666838
2833.090332 0.000000 718.428162 0.000000 0.009719 0.000000 -0.999953 1.105091 1.105091 1.105091
2829.719482 0.000000 719.252319 0.000000 0.514392 0.000000 -0.857555 0.888656 0.888656 0.888656
2833.614746 0.000000 716.143616 0.000000 0.735542 0.000000 -0.677479 0.806266 0.806266 0.806266
2844.018066 0.000000 721.423828 0.000000 0.997225 0.000000 -0.074441 0.615849 0.615849 0.615849
2840.037109 0.000000 731.526855 0.000000 0.808079 0.000000 -0.589074 0.840609 0.840609 0.840609
2824.027100 0.000000 718.716797 0.000000 0.198608 0.000000 -0.980079 0.901857 0.901857 0.901857
2838.390869 0.000000 731.615967 0.000000 0.285920 0.000000 -0.958253 0.878196 0.878196 0.878196
2840.375488 0.000000 721.677002 0.000000 0.986584 0.000000 -0.163256 0.662640 0.662640 0.662640
2822.447510 0.000000 724.527588 0.000000 0.676913 0.000000 -0.736063 0.856502 0.856502 0.856502
2852.997070 0.000000 704.047791 0.000000 0.275402 0.000000 -0.961329 0.748996 0.748996 0.748996
2851.387939 0.000000 718.313965 0.000000 0.431730 0.000000 -0.902003 0.672423 0.672423 0.672423
2855.524170 0.000000 726.329346 0.000000 0.956565 0.000000 -0.291518 0.631904 0.631904 0.631904
2852.990479 0.000000 722.554993 0.000000 0.106188 0.000000 -0.994346 1.008006 1.008006 1.008006
2868.074219 0.000000 711.859009 0.000000 0.745107 0.000000 -0.666945 0.724675 0.724675 0.724675
2857.116211 0.000000 722.760620 0.000000 0.333852 0.000000 -0.942625 1.069982 1.069982 1.069982
2861.556641 0.000000 735.133362 0.000000 0.983547 0.000000 -0.180654 0.629115 0.629115 0.629115
2873.744385 0.000000 707.305420 0.000000 0.314260 0.000000 -0.949337 0.716193 0.716193 0.716193
2855.095459 0.000000 720.125854 0.000000 0.533559 0.000000 -0.845763 0.938218 0.938218 0.938218
2851.433105 0.000000 725.396667 0.000000 0.477306 0.000000 -0.878737 0.752721 0.752721 0.752721
2856.344238 0.000000 729.871765 0.000000 0.197261 0.000000 -0.980351 0.935048 0.935048 0.935048
2868.020996 0.000000 704.689880 0.000000 0.953356 0.000000 -0.301848 0.668437 0.668437 0.668437
2858.335693 0.000000 725.961731 0.000000 0.481126 0.000000 -0.876651 0.945832 0.945832 0.945832
2848.686279 0.000000 718.422852 0.000000 0.998649 0.000000 -0.051960 0.612070 0.612070 0.612070
2871.229492 0.000000 708.090759 0.000000 0.999989 0.000000 -0.004764 0.601420 0.601420 0.601420
2866.295654 0.000000 732.359680 0.000000 0.999888 0.000000 -0.014971 0.600538 0.600538 0.600538
2869.619873 0.000000 709.982544 0.000000 0.917751 0.000000 -0.397155 0.756003 0.756003 0.756003
2851.387939 0.000000 720.742981 0.000000 0.692913 0.000000 -0.721022 0.671169 0.671169 0.671169
2860.429443 0.000000 726.842896 0.000000 0.700229 0.000000 -0.713919 0.833430 0.833430 0.833430
2857.190430 0.000000 727.818970 0.000000 0.999773 0.000000 0.021318 0.593453 0.593453 0.593453
2859.903076 0.000000 733.689392 0.000000 0.440015 0.000000 -0.897990 0.845558 0.845558 0.845558
2849.391357 0.000000 704.281128 0.000000 0.905733 0.000000 -0.423849 0.733748 0.733748 0.733748
2858.807617 0.000000 723.920349 0.000000 0.778311 0.000000 -0.627880 0.850141 0.850141 0.850141
2870.064941 0.000000 706.117004 0.000000 0.990815 0.000000 -0.135226 0.651811 0.651811 0.651811
2858.544922 0.000000 735.002441 0.000000 0.045762 0.000000 -0.998952 0.675384 0.675384 0.675384
2861.659668 0.000000 732.995544 0.000000 0.401106 0.000000 -0.916032 0.823778 0.823778 0.823778
2853.104492 0.000000 724.441040 0.000000 0.466661 0.000000 -0.884436 0.868237 0.868237 0.868237
2848.947510 0.000000 706.589600 0.000000 0.999202 0.000000 -0.039943 0.611910 0.611910 0.611910
2849.939209 0.000000 724.487732 0.000000 0.961819 0.000000 -0.273685 0.622009 0.622009 0.622009
2851.523193 0.000000 723.613586 0.000000 0.634394 0.000000 -0.773010 0.746912 0.746912 0.746912
2864.757812 0.000000 731.495850 0.000000 0.803027 0.000000 -0.595943 0.671725 0.671725 0.671725
2851.348389 0.000000 704.323303 0.000000 0.999833 0.000000 0.018278 0.593018 0.593018 0.593018
2850.250488 0.000000 707.601440 0.000000 0.677585 0.000000 -0.735444 0.707686 0.707686 0.707686
2863.406006 0.000000 735.521301 0.000000 0.942053 0.000000 -0.335463 0.684040 0.684040 0.684040
2854.356201 0.000000 725.311401 0.000000 0.693074 0.000000 -0.720866 0.889418 0.889418 0.889418
2858.818604 0.000000 732.142822 0.000000 0.983702 0.000000 -0.179805 0.639809 0.639809 0.639809
2860.204590 0.000000 730.081848 0.000000 0.356509 0.000000 -0.934292 0.871035 0.871035 0.871035
2870.999268 0.000000 709.601318 0.000000 0.785086 0.000000 -0.619387 0.799111 0.799111 0.799111
2851.234863 0.000000 722.149353 0.000000 0.360459 0.000000 -0.932775 0.799863 0.799863 0.799863
2856.881592 0.000000 731.220459 0.000000 0.149275 0.000000 -0.988796 0.783051 0.783051 0.783051
2857.023193 0.000000 726.350281 0.000000 0.816096 0.000000 -0.577917 0.789212 0.789212 0.789212
2873.276611 0.000000 704.067871 0.000000 0.323893 0.000000 -0.946094 1.074010 1.074010 1.074010
2850.175781 0.000000 721.332275 0.000000 0.965668 0.000000 -0.259778 0.623225 0.623225 0.623225
2860.181152 0.000000 735.020020 0.000000 0.917266 0.000000 -0.398276 0.665656 0.665656 0.665656
2863.942627 0.000000 728.455444 0.000000 0.407648 0.000000 -0.913139 0.827567 0.827567 0.827567
2869.304932 0.000000 705.047791 0.000000 0.211935 0.000000 -0.977284 0.902925 0.902925 0.902925
2854.546143 0.000000 727.220215 0.000000 0.902074 0.000000 -0.431581 0.648128 0.648128 0.648128
2854.214355 0.000000 722.933777 0.000000 0.361571 0.000000 -0.932345 1.058689 1.058689 1.058689
2852.518311 0.000000 721.391296 0.000000 0.990955 0.000000 -0.134194 0.627824 0.627824 0.627824
2857.570068 0.000000 723.960388 0.000000 0.230889 0.000000 -0.972980 1.111004 1.111004 1.111004
2849.555176 0.000000 705.536926 0.000000 0.993010 0.000000 -0.118033 0.636152 0.636152 0.636152
2856.061768 0.000000 723.404968 0.000000 0.502591 0.000000 -0.864524 0.998856 0.998856 0.998856
2868.881836 0.000000 706.221619 0.000000 0.898718 0.000000 -0.438527 0.773399 0.773399 0.773399
2847.381104 0.000000 724.398071 0.000000 0.052198 0.000000 -0.998637 0.745582 0.745582 0.745582
2861.089111 0.000000 734.007202 0.000000 0.998888 0.000000 0.047149 0.592440 0.592440 0.592440
2848.368408 0.000000 719.771179 0.000000 0.239422 0.000000 -0.970915 0.908572 0.908572 0.908572
2855.499023 0.000000 725.048218 0.000000 0.920490 0.000000 -0.390766 0.744327 0.744327 0.744327
2859.125732 0.000000 722.817322 0.000000 0.998562 0.000000 0.053611 0.580235 0.580235 0.580235
2867.841309 0.000000 708.268738 0.000000 0.805840 0.000000 -0.592134 0.842057 0.842057 0.842057
2858.809082 0.000000 733.915527 0.000000 0.709778 0.000000 -0.704426 0.772108 0.772108 0.772108
2867.488281 0.000000 728.948425 0.000000 0.072541 0.000000 -0.997365 1.030883 1.030883 1.030883
2848.324951 0.000000 704.524963 0.000000 0.368777 0.000000 -0.929518 0.964586 0.964586 0.964586
2867.058838 0.000000 731.572754 0.000000 0.799953 0.000000 -0.600063 0.672303 0.672303 0.672303
2867.788818 0.000000 730.325928 0.000000 0.386027 0.000000 -0.922487 0.731946 0.731946 0.731946
2857.223389 0.000000 732.246826 0.000000 0.373314 0.000000 -0.927705 0.754848 0.754848 0.754848
2858.086182 0.000000 724.906372 0.000000 0.995299 0.000000 -0.096845 0.631384 0.631384 0.631384
2850.348877 0.000000 704.795776 0.000000 0.766575 0.000000 -0.642155 0.866351 0.866351 0.866351
2864.979248 0.000000 735.103149 0.000000 0.649175 0.000000 -0.760639 0.800672 0.800672 0.800672
2859.862305 0.000000 727.906006 0.000000 0.384006 0.000000 -0.923331 1.049453 1.049453 1.049453
2852.843018 0.000000 725.437134 0.000000 0.646393 0.000000 -0.763005 0.814521 0.814521 0.814521
2859.321777 0.000000 730.964233 0.000000 0.203465 0.000000 -0.979082 1.121736 1.121736 1.121736
2856.300781 0.000000 727.099548 0.000000 0.757149 0.000000 -0.653242 0.818594 0.818594 0.818594
2865.180664 0.000000 730.408997 0.000000 0.916647 0.000000 -0.399698 0.646195 0.646195 0.646195
2850.460693 0.000000 723.542419 0.000000 0.943165 0.000000 -0.332324 0.656327 0.656327 0.656327
2871.910156 0.000000 709.191284 0.000000 0.921106 0.000000 -0.389312 0.719201 0.719201 0.719201
2864.898193 0.000000 724.768005 0.000000 0.936514 0.000000 -0.350631 0.716448 0.716448 0.716448
2849.944092 0.000000 706.652222 0.000000 1.000000 0.000000 -0.000377 0.600112 0.600112 0.600112
2853.924072 0.000000 723.881348 0.000000 0.255309 0.000000 -0.966860 0.965718 0.965718 0.965718
2856.006104 0.000000 730.807129 0.000000 0.692630 0.000000 -0.721294 0.703788 0.703788 0.703788
2862.220947 0.000000 730.628662 0.000000 0.025189 0.000000 -0.999683 0.866249 0.866249 0.866249
2871.958740 0.000000 704.980957 0.000000 0.651433 0.000000 -0.758706 0.929002 0.929002 0.929002
2861.672607 0.000000 727.914917 0.000000 0.355634 0.000000 -0.934625 0.954428 0.954428 0.954428
2871.016602 0.000000 707.063171 0.000000 0.270055 0.000000 -0.962845 1.095550 1.095550 1.095550
2856.292725 0.000000 725.724365 0.000000 0.641644 0.000000 -0.767003 0.919500 0.919500 0.919500
2852.291260 0.000000 704.701599 0.000000 0.522623 0.000000 -0.852564 0.717748 0.717748 0.717748
2859.490967 0.000000 724.553284 0.000000 0.814893 0.000000 -0.579611 0.800037 0.800037 0.800037
2848.486816 0.000000 705.444275 0.000000 0.478528 0.000000 -0.878073 0.927524 0.927524 0.927524
2863.754150 0.000000 726.191772 0.000000 0.995088 0.000000 -0.098994 0.619606 0.619606 0.619606
2852.040039 0.000000 722.739319 0.000000 0.170882 0.000000 -0.985291 0.989802 0.989802 0.989802
2859.562500 0.000000 732.823792 0.000000 0.775890 0.000000 -0.630868 0.750321 0.750321 0.750321
2860.066895 0.000000 729.118042 0.000000 0.779950 0.000000 -0.625842 0.757002 0.757002 0.757002
2865.585449 0.000000 725.730408 0.000000 0.844860 0.000000 -0.534987 0.783489 0.783489 0.783489
2864.590088 0.000000 711.470459 0.000000 0.993444 0.000000 -0.114320 0.643763 0.643763 0.643763
2862.554932 0.000000 735.093445 0.000000 0.391621 0.000000 -0.920126 0.887030 0.887030 0.887030
2855.154541 0.000000 723.082031 0.000000 0.999138 0.000000 0.041513 0.584139 0.584139 0.584139
2861.547119 0.000000 728.936096 0.000000 0.750610 0.000000 -0.660745 0.767589 0.767589 0.767589
2863.484375 0.000000 729.253662 0.000000 0.390878 0.000000 -0.920443 0.831184 0.831184 0.831184
2868.585938 0.000000 703.950928 0.000000 0.711967 0.000000 -0.702212 0.896199 0.896199 0.896199
2854.961426 0.000000 721.116638 0.000000 0.996750 0.000000 -0.080562 0.627061 0.627061 0.627061
2851.174072 0.000000 705.200439 0.000000 0.215171 0.000000 -0.976576 1.117163 1.117163 1.117163
2852.272217 0.000000 720.416138 0.000000 0.898592 0.000000 -0.438785 0.693899 0.693899 0.693899
2854.217041 0.000000 720.394043 0.000000 0.987542 0.000000 -0.157356 0.653019 0.653019 0.653019
2864.761963 0.000000 728.796265 0.000000 0.997314 0.000000 0.073238 0.580125 0.580125 0.580125
2855.961182 0.000000 724.289673 0.000000 0.671695 0.000000 -0.740827 0.899934 0.899934 0.899934
2868.466553 0.000000 705.444092 0.000000 0.924770 0.000000 -0.380526 0.687126 0.687126 0.687126
2868.297363 0.000000 706.887024 0.000000 0.926583 0.000000 -0.376089 0.747278 0.747278 0.747278
2853.785645 0.000000 722.145508 0.000000 0.881286 0.000000 -0.472584 0.737140 0.737140 0.737140
2857.601318 0.000000 721.442322 0.000000 0.703765 0.000000 -0.710433 0.895883 0.895883 0.895883
2865.387695 0.000000 711.063416 0.000000 0.997236 0.000000 0.074292 0.571596 0.571596 0.571596
2849.374023 0.000000 721.961182 0.000000 0.999626 0.000000 0.027344 0.589554 0.589554 0.589554
2863.442871 0.000000 727.614197 0.000000 1.000000 0.000000 0.000751 0.599851 0.599851 0.599851
2867.169189 0.000000 708.831604 0.000000 0.675671 0.000000 -0.737204 0.916625 0.916625 0.916625
2856.736572 0.000000 723.916443 0.000000 0.998180 0.000000 -0.060303 0.623048 0.623048 0.623048
2850.568848 0.000000 703.984802 0.000000 0.945099 0.000000 -0.326784 0.727158 0.727158 0.727158
2862.164795 0.000000 731.968384 0.000000 0.999980 0.000000 -0.006312 0.601087 0.601087 0.601087
2847.866455 0.000000 723.678528 0.000000 0.959065 0.000000 -0.283185 0.662791 0.662791 0.662791
2853.355957 0.000000 723.279419 0.000000 0.621071 0.000000 -0.783754 0.850945 0.850945 0.850945
2857.766357 0.000000 722.280457 0.000000 0.979333 0.000000 -0.202255 0.677792 0.677792 0.677792
2858.563477 0.000000 732.919006 0.000000 0.034791 0.000000 -0.999395 0.938220 0.938220 0.938220
2853.568848 0.000000 725.117493 0.000000 0.987641 0.000000 -0.156731 0.638898 0.638898 0.638898
2858.208984 0.000000 729.985718 0.000000 0.578819 0.000000 -0.815456 0.911369 0.911369 0.911369
2862.840576 0.000000 711.411621 0.000000 0.998301 0.000000 0.058270 0.584804 0.584804 0.584804
2868.960938 0.000000 708.416138 0.000000 0.457920 0.000000 -0.888993 1.018314 1.018314 1.018314
2868.178711 0.000000 709.841248 0.000000 0.926762 0.000000 -0.375648 0.747096 0.747096 0.747096
2848.083252 0.000000 721.387085 0.000000 0.207643 0.000000 -0.978205 1.120105 1.120105 1.120105
2861.991943 0.000000 726.122314 0.000000 0.985112 0.000000 -0.171916 0.650726 0.650726 0.650726
2859.583740 0.000000 732.047241 0.000000 0.852016 0.000000 -0.523515 0.721321 0.721321 0.721321
2871.078857 0.000000 706.303833 0.000000 0.495545 0.000000 -0.868582 1.001962 1.001962 1.001962
2855.052246 0.000000 725.683228 0.000000 0.147302 0.000000 -0.989092 1.111557 1.111557 1.111557
2861.125244 0.000000 726.430176 0.000000 0.989425 0.000000 -0.145042 0.642734 0.642734 0.642734
2854.439697 0.000000 724.527588 0.000000 0.662632 0.000000 -0.748945 0.904308 0.904308 0.904308
2839.449707 0.000000 746.608459 0.000000 0.225317 0.000000 -0.974286 0.807289 0.807289 0.807289
2835.275391 0.000000 748.428345 0.000000 0.543394 0.000000 -0.839478 0.710439 0.710439 0.710439
2828.405518 0.000000 749.555969 0.000000 0.998448 0.000000 0.055700 0.595242 0.595242 0.595242
2841.416748 0.000000 746.501404 0.000000 0.026582 0.000000 -0.999647 0.771171 0.771171 0.771171
2831.359131 0.000000 748.286804 0.000000 0.919879 0.000000 -0.392201 0.720136 0.720136 0.720136
2829.669678 0.000000 748.832458 0.000000 0.754627 0.000000 -0.656155 0.661109 0.661109 0.661109
2836.681396 0.000000 747.981995 0.000000 0.983251 0.000000 -0.182258 0.646947 0.646947 0.646947
2838.234131 0.000000 747.217896 0.000000 0.606496 0.000000 -0.795087 0.741813 0.741813 0.741813
2834.110352 0.000000 748.772217 0.000000 0.883026 0.000000 -0.469324 0.654151 0.654151 0.654151
2833.104492 0.000000 749.493896 0.000000 0.952035 0.000000 -0.305988 0.718784 0.718784 0.718784
2842.375732 0.000000 746.679688 0.000000 0.356411 0.000000 -0.934329 0.784320 0.784320 0.784320
2830.663330 0.000000 748.872192 0.000000 0.664181 0.000000 -0.747572 0.851705 0.851705 0.851705
2837.806152 0.000000 746.393433 0.000000 0.714155 0.000000 -0.699987 0.798610 0.798610 0.798610
2833.047852 0.000000 747.223022 0.000000 0.881139 0.000000 -0.472858 0.723947 0.723947 0.723947
2839.104736 0.000000 747.438843 0.000000 0.829039 0.000000 -0.559191 0.691555 0.691555 0.691555
2834.671387 0.000000 746.807617 0.000000 0.849123 0.000000 -0.528195 0.695859 0.695859 0.695859
2835.358887 0.000000 746.228699 0.000000 0.376969 0.000000 -0.926226 0.804005 0.804005 0.804005
2836.415527 0.000000 747.196533 0.000000 0.973967 0.000000 -0.226688 0.658574 0.658574 0.658574
2831.592041 0.000000 749.876099 0.000000 0.877374 0.000000 -0.479808 0.749174 0.749174 0.749174
2830.632812 0.000000 748.016602 0.000000 0.802163 0.000000 -0.597104 0.790742 0.790742 0.790742
2833.614746 0.000000 748.127991 0.000000 0.783432 0.000000 -0.621477 0.856161 0.856161 0.856161
2851.387939 0.000000 750.298340 0.000000 0.068857 0.000000 -0.997626 1.056692 1.056692 1.056692
2865.052002 0.000000 735.920044 0.000000 0.992503 0.000000 -0.122221 0.628448 0.628448 0.628448
2858.092529 0.000000 735.815796 0.000000 0.718914 0.000000 -0.695099 0.637991 0.637991 0.637991
2852.890137 0.000000 748.172119 0.000000 0.071671 0.000000 -0.997428 1.172600 1.172600 1.172600
2848.686279 0.000000 750.407227 0.000000 0.238912 0.000000 -0.971041 0.715511 0.715511 0.715511
2853.607178 0.000000 750.453003 0.000000 0.919906 0.000000 -0.392138 0.627162 0.627162 0.627162
2848.787354 0.000000 748.845398 0.000000 0.214443 0.000000 -0.976736 0.752191 0.752191 0.752191
2864.903076 0.000000 739.581299 0.000000 0.918150 0.000000 -0.396233 0.636006 0.636006 0.636006
2850.004883 0.000000 749.731506 0.000000 0.268034 0.000000 -0.963409 1.096351 1.096351 1.096351
2854.196533 0.000000 747.517883 0.000000 0.990289 0.000000 -0.139027 0.616923 0.616923 0.616923
2853.991211 0.000000 749.052124 0.000000 0.137851 0.000000 -0.990453 1.147177 1.147177 1.147177
2863.063965 0.000000 739.941650 0.000000 0.224840 0.000000 -0.974396 0.869775 0.869775 0.869775
2848.652344 0.000000 747.351379 0.000000 0.942674 0.000000 -0.333716 0.656063 0.656063 0.656063
2850.639404 0.000000 751.464783 0.000000 0.999897 0.000000 -0.014380 0.604373 0.604373 0.604373
2860.992676 0.000000 735.656860 0.000000 0.087608 0.000000 -0.996155 0.837705 0.837705 0.837705
2863.143066 0.000000 737.426697 0.000000 0.912848 0.000000 -0.408300 0.667412 0.667412 0.667412
2847.476074 0.000000 746.738831 0.000000 0.546319 0.000000 -0.837577 0.738309 0.738309 0.738309
2855.074463 0.000000 746.284851 0.000000 0.723969 0.000000 -0.689833 0.692365 0.692365 0.692365
2849.324707 0.000000 746.554932 0.000000 0.999685 0.000000 -0.025099 0.604136 0.604136 0.604136
2850.165527 0.000000 748.761963 0.000000 0.381620 0.000000 -0.924319 1.050440 1.050440 1.050440
2850.594727 0.000000 747.103699 0.000000 0.604232 0.000000 -0.796808 0.888646 0.888646 0.888646
2850.866455 0.000000 749.497314 0.000000 0.270422 0.000000 -0.962742 1.095404 1.095404 1.095404
2863.943115 0.000000 737.805725 0.000000 0.556030 0.000000 -0.831162 0.757264 0.757264 0.757264
2850.940674 0.000000 747.921265 0.000000 0.967009 0.000000 -0.254741 0.680640 0.680640 0.680640
2851.144775 0.000000 746.480591 0.000000 0.991242 0.000000 -0.132060 0.641465 0.641465 0.641465
2864.232178 0.000000 735.681274 0.000000 0.352463 0.000000 -0.935826 0.881075 0.881075 0.881075
2852.024658 0.000000 746.574829 0.000000 0.997261 0.000000 0.073965 0.576490 0.576490 0.576490
2851.387939 0.000000 751.105469 0.000000 0.070030 0.000000 -0.997545 1.056335 1.056335 1.056335
2902.239746 0.000000 725.300781 0.000000 0.976315 0.000000 -0.216354 0.666640 0.666640 0.666640
2905.229980 0.000000 724.503845 0.000000 0.997675 0.000000 0.068152 0.575582 0.575582 0.575582
2903.382080 0.000000 723.375183 0.000000 0.906447 0.000000 -0.422321 0.673801 0.673801 0.673801
2910.448975 0.000000 723.723389 0.000000 0.999998 0.000000 -0.001814 0.600215 0.600215 0.600215
2901.196289 0.000000 723.690063 0.000000 0.231754 0.000000 -0.972774 0.674096 0.674096 0.674096
2909.090576 0.000000 723.000793 0.000000 0.718146 0.000000 -0.695892 0.808675 0.808675 0.808675
2900.393311 0.000000 722.371948 0.000000 0.988302 0.000000 -0.152509 0.608486 0.608486 0.608486
2908.685547 0.000000 724.381042 0.000000 0.612043 0.000000 -0.790824 0.948417 0.948417 0.948417
2906.622070 0.000000 724.438782 0.000000 0.610733 0.000000 -0.791837 0.949050 0.949050 0.949050
2904.734375 0.000000 723.312134 0.000000 0.612740 0.000000 -0.790285 0.799293 0.799293 0.799293
2903.604980 0.000000 724.665771 0.000000 0.062440 0.000000 -0.998049 1.060907 1.060907 1.060907
2906.036377 0.000000 725.585510 0.000000 0.566753 0.000000 -0.823888 0.969839 0.969839 0.969839
2910.837891 0.000000 722.520020 0.000000 0.418441 0.000000 -0.908244 0.734793 0.734793 0.734793
2910.695801 0.000000 726.042236 0.000000 0.142298 0.000000 -0.989824 1.145461 1.145461 1.145461
2904.152100 0.000000 722.463440 0.000000 0.801655 0.000000 -0.597787 0.740128 0.740128 0.740128
2909.709717 0.000000 724.479126 0.000000 0.507013 0.000000 -0.861938 0.996899 0.996899 0.996899
2904.970947 0.000000 725.539246 0.000000 0.104946 0.000000 -0.994478 1.124712 1.124712 1.124712
2907.057861 0.000000 722.625000 0.000000 0.489980 0.000000 -0.871734 0.914009 0.914009 0.914009
2907.696777 0.000000 724.606934 0.000000 0.392977 0.000000 -0.919548 1.045734 1.045734 1.045734
2903.265381 0.000000 725.463684 0.000000 0.054982 0.000000 -0.998487 1.063190 1.063190 1.063190
2910.274658 0.000000 725.210205 0.000000 0.374158 0.000000 -0.927365 1.053518 1.053518 1.053518
2905.842773 0.000000 723.945374 0.000000 0.311004 0.000000 -0.950409 0.874367 0.874367 0.874367
2906.840088 0.000000 723.645325 0.000000 0.521762 0.000000 -0.853091 0.903080 0.903080 0.903080
2905.396729 0.000000 722.868958 0.000000 0.755986 0.000000 -0.654588 0.756071 0.756071 0.756071
2904.298340 0.000000 725.112305 0.000000 0.703076 0.000000 -0.711115 0.883211 0.883211 0.883211
2902.806152 0.000000 724.708801 0.000000 0.797195 0.000000 -0.603722 0.798064 0.798064 0.798064
2908.439697 0.000000 723.424377 0.000000 0.996881 0.000000 -0.078922 0.621420 0.621420 0.621420
2919.508545 0.000000 726.329346 0.000000 0.989417 0.000000 -0.145099 0.616795 0.616795 0.616795
2916.974854 0.000000 722.554993 0.000000 0.234833 0.000000 -0.972036 0.665929 0.665929 0.665929
2918.002197 0.000000 731.873291 0.000000 0.530594 0.000000 -0.847626 0.795454 0.795454 0.795454
2918.280273 0.000000 728.479675 0.000000 0.807437 0.000000 -0.589954 0.700191 0.700191 0.700191
2917.317871 0.000000 726.477234 0.000000 0.268689 0.000000 -0.963227 1.096092 1.096092 1.096092
2911.393311 0.000000 726.867859 0.000000 0.371237 0.000000 -0.928538 1.054721 1.054721 1.054721
2917.088867 0.000000 724.441040 0.000000 0.493173 0.000000 -0.869932 1.003005 1.003005 1.003005
2917.542725 0.000000 730.094360 0.000000 0.996608 0.000000 -0.082301 0.631472 0.631472 0.631472
2915.507568 0.000000 723.613586 0.000000 0.529982 0.000000 -0.848009 0.687941 0.687941 0.687941
2912.473633 0.000000 722.046631 0.000000 0.994477 0.000000 -0.104956 0.608978 0.608978 0.608978
2919.696045 0.000000 727.926453 0.000000 0.160768 0.000000 -0.986992 0.762553 0.762553 0.762553
2918.340576 0.000000 725.311401 0.000000 0.289964 0.000000 -0.957038 0.766367 0.766367 0.766367
2913.968506 0.000000 726.035156 0.000000 0.988925 0.000000 -0.148415 0.656900 0.656900 0.656900
2918.530518 0.000000 727.220215 0.000000 0.812130 0.000000 -0.583476 0.671857 0.671857 0.671857
2916.391602 0.000000 729.558838 0.000000 0.921555 0.000000 -0.388247 0.752303 0.752303 0.752303
2919.157227 0.000000 729.393616 0.000000 0.948209 0.000000 -0.317647 0.651325 0.651325 0.651325
2911.365479 0.000000 724.398071 0.000000 0.997748 0.000000 0.067079 0.574359 0.574359 0.574359
2918.926025 0.000000 732.824585 0.000000 0.678673 0.000000 -0.734440 0.786569 0.786569 0.786569
2916.102051 0.000000 726.312561 0.000000 0.854151 0.000000 -0.520025 0.808893 0.808893 0.808893
2912.987061 0.000000 729.505554 0.000000 0.426596 0.000000 -0.904442 1.031655 1.031655 1.031655
2917.175293 0.000000 731.142700 0.000000 0.824340 0.000000 -0.566095 0.829856 0.829856 0.829856
2917.302979 0.000000 728.970703 0.000000 0.071495 0.000000 -0.997441 1.172668 1.172668 1.172668
2911.315918 0.000000 725.678589 0.000000 0.555037 0.000000 -0.831826 0.975245 0.975245 0.975245
2916.827393 0.000000 725.437134 0.000000 0.999371 0.000000 -0.035475 0.613553 0.613553 0.613553
2913.297852 0.000000 725.279602 0.000000 0.982676 0.000000 -0.185330 0.671203 0.671203 0.671203
2915.899902 0.000000 727.626465 0.000000 0.480025 0.000000 -0.877255 1.008753 1.008753 1.008753
2914.951660 0.000000 724.489319 0.000000 0.999523 0.000000 -0.030886 0.609578 0.609578 0.609578
2919.990479 0.000000 730.807129 0.000000 0.999537 0.000000 0.030420 0.594121 0.594121 0.594121
2915.488525 0.000000 731.930908 0.000000 0.700637 0.000000 -0.713518 0.751145 0.751145 0.751145
2918.107910 0.000000 730.901367 0.000000 0.941220 0.000000 -0.337794 0.666583 0.666583 0.666583
2918.585205 0.000000 734.431030 0.000000 0.426280 0.000000 -0.904591 0.996230 0.996230 0.996230
2917.624756 0.000000 727.332886 0.000000 0.950850 0.000000 -0.309652 0.720255 0.720255 0.720255
2916.639648 0.000000 730.449036 0.000000 0.671213 0.000000 -0.741264 0.918928 0.918928 0.918928
2913.063477 0.000000 724.431763 0.000000 0.913111 0.000000 -0.407710 0.760407 0.760407 0.760407
2914.838379 0.000000 726.128845 0.000000 0.972725 0.000000 -0.231962 0.689418 0.689418 0.689418
2914.354492 0.000000 729.632263 0.000000 0.611022 0.000000 -0.791613 0.948910 0.948910 0.948910
2914.838379 0.000000 728.968872 0.000000 0.761017 0.000000 -0.648732 0.869641 0.869641 0.869641
2917.553223 0.000000 725.117493 0.000000 0.912849 0.000000 -0.408298 0.760653 0.760653 0.760653
2913.430908 0.000000 728.223145 0.000000 0.733919 0.000000 -0.679237 0.885227 0.885227 0.885227
2912.207275 0.000000 729.681885 0.000000 0.958485 0.000000 -0.285142 0.710449 0.710449 0.710449
2939.606445 0.000000 761.811096 0.000000 0.867097 0.000000 -0.498139 0.619527 0.619527 0.619527
2929.888672 0.000000 758.593445 0.000000 0.750865 0.000000 -0.660456 0.648629 0.648629 0.648629
2941.514893 0.000000 757.539551 0.000000 0.580077 0.000000 -0.814562 0.963627 0.963627 0.963627
2934.231934 0.000000 757.285156 0.000000 0.897545 0.000000 -0.440923 0.774418 0.774418 0.774418
2937.623535 0.000000 758.794250 0.000000 0.491572 0.000000 -0.870837 1.003707 1.003707 1.003707
2938.046387 0.000000 750.747498 0.000000 0.973561 0.000000 -0.228427 0.688030 0.688030 0.688030
2933.895264 0.000000 753.830261 0.000000 0.641937 0.000000 -0.766757 0.933757 0.933757 0.933757
2928.120361 0.000000 756.069397 0.000000 0.955233 0.000000 -0.295856 0.714726 0.714726 0.714726
2942.369629 0.000000 761.177246 0.000000 0.711926 0.000000 -0.702255 0.738781 0.738781 0.738781
2922.041016 0.000000 748.768494 0.000000 0.344082 0.000000 -0.938939 1.053041 1.053041 1.053041
2940.437988 0.000000 751.630432 0.000000 0.999720 0.000000 0.023676 0.590956 0.590956 0.590956
2921.227783 0.000000 746.376282 0.000000 0.104621 0.000000 -0.994512 1.159964 1.159964 1.159964
2929.432861 0.000000 743.912354 0.000000 0.808124 0.000000 -0.589013 0.631134 0.631134 0.631134
2935.408447 0.000000 759.733948 0.000000 0.462851 0.000000 -0.886436 0.947643 0.947643 0.947643
2924.382080 0.000000 749.555969 0.000000 0.747098 0.000000 -0.664714 0.829813 0.829813 0.829813
2937.222168 0.000000 756.488220 0.000000 0.048123 0.000000 -0.998841 1.181611 1.181611 1.181611
2930.531250 0.000000 745.973694 0.000000 0.131482 0.000000 -0.991319 1.102212 1.102212 1.102212
2933.997803 0.000000 748.571533 0.000000 0.998915 0.000000 -0.046576 0.617797 0.617797 0.617797
2936.237793 0.000000 751.978760 0.000000 0.460051 0.000000 -0.887893 1.017397 1.017397 1.017397
2942.293701 0.000000 750.586792 0.000000 0.973440 0.000000 -0.228944 0.688233 0.688233 0.688233
2920.477295 0.000000 742.291687 0.000000 0.134928 0.000000 -0.990855 1.036493 1.036493 1.036493
2929.293213 0.000000 754.205811 0.000000 0.384533 0.000000 -0.923111 1.049235 1.049235 1.049235
2935.374268 0.000000 755.359558 0.000000 0.468543 0.000000 -0.883441 1.013735 1.013735 1.013735
2939.175293 0.000000 753.281250 0.000000 0.932104 0.000000 -0.362191 0.714918 0.714918 0.714918
2939.430420 0.000000 757.513855 0.000000 0.107874 0.000000 -0.994165 1.158715 1.158715 1.158715
2936.136719 0.000000 749.828064 0.000000 0.700416 0.000000 -0.713735 0.903598 0.903598 0.903598
2920.054932 0.000000 735.641724 0.000000 0.966753 0.000000 -0.255711 0.618205 0.618205 0.618205
2927.619873 0.000000 743.339233 0.000000 0.218444 0.000000 -0.975849 0.925714 0.925714 0.925714
2933.188477 0.000000 755.674438 0.000000 0.705476 0.000000 -0.708733 0.900880 0.900880 0.900880
2939.095459 0.000000 749.215698 0.000000 0.758033 0.000000 -0.652216 0.871393 0.871393 0.871393
2929.927246 0.000000 756.774597 0.000000 0.900485 0.000000 -0.434886 0.771854 0.771854 0.771854
2928.159180 0.000000 759.111023 0.000000 0.427769 0.000000 -0.903888 0.676087 0.676087 0.676087
2921.471680 0.000000 737.453796 0.000000 0.241414 0.000000 -0.970422 1.106867 1.106867 1.106867
2930.903076 0.000000 759.983337 0.000000 0.846016 0.000000 -0.533158 0.747408 0.747408 0.747408
2937.744873 0.000000 752.542236 0.000000 0.999741 0.000000 0.022766 0.593315 0.593315 0.593315
2933.469971 0.000000 752.171997 0.000000 0.992910 0.000000 -0.118866 0.645511 0.645511 0.645511
2937.393311 0.000000 746.501404 0.000000 0.134608 0.000000 -0.990899 1.010782 1.010782 1.010782
2935.557373 0.000000 748.214783 0.000000 0.809870 0.000000 -0.586609 0.839445 0.839445 0.839445
2933.142334 0.000000 744.975586 0.000000 0.230403 0.000000 -0.973095 0.676178 0.676178 0.676178
2918.493896 0.000000 736.422668 0.000000 0.813143 0.000000 -0.582063 0.716326 0.716326 0.716326
2942.079590 0.000000 752.176880 0.000000 0.855619 0.000000 -0.517606 0.783364 0.783364 0.783364
2938.901855 0.000000 747.527283 0.000000 0.657117 0.000000 -0.753788 0.763705 0.763705 0.763705
2941.082764 0.000000 754.985168 0.000000 0.007893 0.000000 -0.999969 1.196985 1.196985 1.196985
2928.638916 0.000000 757.709717 0.000000 0.999652 0.000000 -0.026362 0.610071 0.610071 0.610071
2932.385498 0.000000 754.356323 0.000000 0.786364 0.000000 -0.617764 0.854353 0.854353 0.854353
2927.335693 0.000000 748.286804 0.000000 0.865789 0.000000 -0.500409 0.730313 0.730313 0.730313
2920.856934 0.000000 747.894836 0.000000 0.202522 0.000000 -0.979278 1.122104 1.122104 1.122104
2923.415283 0.000000 748.300659 0.000000 0.867156 0.000000 -0.498037 0.793668 0.793668 0.793668
2928.257324 0.000000 753.189697 0.000000 0.940481 0.000000 -0.339846 0.732450 0.732450 0.732450
2927.668457 0.000000 754.652405 0.000000 0.069722 0.000000 -0.997566 1.173347 1.173347 1.173347
2922.416260 0.000000 747.197144 0.000000 0.862021 0.000000 -0.506873 0.698732 0.698732 0.698732
2925.142822 0.000000 746.383057 0.000000 0.962230 0.000000 -0.272237 0.620650 0.620650 0.620650
2934.898193 0.000000 752.263062 0.000000 0.229701 0.000000 -0.973261 1.007171 1.007171 1.007171
2939.041992 0.000000 751.744751 0.000000 0.825468 0.000000 -0.564448 0.829093 0.829093 0.829093
2923.968994 0.000000 739.329651 0.000000 0.999901 0.000000 0.014051 0.595180 0.595180 0.595180
2924.742188 0.000000 747.809509 0.000000 0.073444 0.000000 -0.997299 0.712141 0.712141 0.712141
2942.466064 0.000000 749.156982 0.000000 0.603278 0.000000 -0.797531 0.768711 0.768711 0.768711
2931.254639 0.000000 758.646301 0.000000 0.923772 0.000000 -0.382942 0.703015 0.703015 0.703015
2938.614258 0.000000 756.423157 0.000000 0.967229 0.000000 -0.253905 0.698058 0.698058 0.698058
2920.740234 0.000000 749.216919 0.000000 0.943280 0.000000 -0.331999 0.693782 0.693782 0.693782
2937.468262 0.000000 749.536194 0.000000 0.909772 0.000000 -0.415109 0.763508 0.763508 0.763508
2921.363770 0.000000 743.273926 0.000000 0.738830 0.000000 -0.673892 0.824856 0.824856 0.824856
2925.384033 0.000000 750.480469 0.000000 0.119871 0.000000 -0.992789 1.154102 1.154102 1.154102
2936.726562 0.000000 755.296509 0.000000 0.592712 0.000000 -0.805415 0.957669 0.957669 0.957669
2935.597168 0.000000 756.650146 0.000000 0.741982 0.000000 -0.670420 0.880663 0.880663 0.880663
2938.028564 0.000000 757.569885 0.000000 0.092797 0.000000 -0.995685 1.164503 1.164503 1.164503
2931.179932 0.000000 751.863037 0.000000 0.951279 0.000000 -0.308331 0.719724 0.719724 0.719724
2940.024658 0.000000 754.213501 0.000000 0.590906 0.000000 -0.806740 0.958524 0.958524 0.958524
2922.842285 0.000000 744.033264 0.000000 0.303809 0.000000 -0.952733 1.082090 1.082090 1.082090
2933.020508 0.000000 758.027161 0.000000 0.999781 0.000000 -0.020937 0.606775 0.606775 0.606775
2940.456787 0.000000 758.235474 0.000000 0.998976 0.000000 -0.045251 0.617290 0.617290 0.617290
2930.086914 0.000000 748.772217 0.000000 0.206503 0.000000 -0.978446 1.120550 1.120550 1.120550
2928.118652 0.000000 747.324707 0.000000 0.691109 0.000000 -0.722751 0.858938 0.858938 0.858938
2939.907715 0.000000 748.219360 0.000000 0.244764 0.000000 -0.969583 1.105547 1.105547 1.105547
2921.021240 0.000000 736.353760 0.000000 0.302767 0.000000 -0.953065 1.082508 1.082508 1.082508
2921.917236 0.000000 750.406738 0.000000 0.953977 0.000000 -0.299880 0.641972 0.641972 0.641972
2926.645264 0.000000 742.608826 0.000000 0.183117 0.000000 -0.983091 0.934411 0.934411 0.934411
2934.336426 0.000000 756.017944 0.000000 0.603873 0.000000 -0.797081 0.952348 0.952348 0.952348
2929.423096 0.000000 746.401733 0.000000 0.380401 0.000000 -0.924821 0.978438 0.978438 0.978438
2932.381348 0.000000 751.749084 0.000000 0.810370 0.000000 -0.585919 0.839119 0.839119 0.839119
2943.033936 0.000000 760.190063 0.000000 0.478438 0.000000 -0.878121 0.791074 0.791074 0.791074
2921.806885 0.000000 738.538086 0.000000 0.998751 0.000000 -0.049968 0.619094 0.619094 0.619094
2941.303955 0.000000 750.107544 0.000000 0.977872 0.000000 -0.209205 0.680505 0.680505 0.680505
2934.985107 0.000000 758.298401 0.000000 0.974624 0.000000 -0.223847 0.672031 0.672031 0.672031
2924.071777 0.000000 745.707397 0.000000 0.289107 0.000000 -0.957297 0.986549 0.986549 0.986549
2920.893555 0.000000 745.294189 0.000000 0.178944 0.000000 -0.983859 1.131278 1.131278 1.131278
2927.990479 0.000000 749.176392 0.000000 0.999417 0.000000 0.034146 0.591508 0.591508 0.591508
2930.843018 0.000000 752.857483 0.000000 0.997502 0.000000 -0.070640 0.627005 0.627005 0.627005
2928.531494 0.000000 744.462585 0.000000 0.554137 0.000000 -0.832425 0.975658 0.975658 0.975658
2927.009766 0.000000 756.269226 0.000000 0.985397 0.000000 -0.170275 0.643572 0.643572 0.643572
2930.282715 0.000000 751.169556 0.000000 0.121587 0.000000 -0.992581 1.153442 1.153442 1.153442
2942.922119 0.000000 751.420837 0.000000 0.895094 0.000000 -0.445878 0.776530 0.776530 0.776530
2942.890137 0.000000 753.132996 0.000000 0.626765 0.000000 -0.779208 0.901107 0.901107 0.901107
2933.703857 0.000000 749.572449 0.000000 0.987189 0.000000 -0.159555 0.661207 0.661207 0.661207
2927.409180 0.000000 750.754700 0.000000 0.927427 0.000000 -0.374005 0.736084 0.736084 0.736084
2930.285400 0.000000 754.824890 0.000000 0.712295 0.000000 -0.701880 0.897187 0.897187 0.897187
2928.882568 0.000000 756.752380 0.000000 0.998368 0.000000 0.057102 0.578177 0.578177 0.578177
2926.708496 0.000000 754.511353 0.000000 0.994786 0.000000 -0.101986 0.639024 0.639024 0.639024
2920.271484 0.000000 739.595398 0.000000 0.541962 0.000000 -0.840403 0.981218 0.981218 0.981218
2938.463623 0.000000 748.417847 0.000000 0.632815 0.000000 -0.774303 0.938279 0.938279 0.938279
2920.041016 0.000000 749.911316 0.000000 0.990809 0.000000 -0.135271 0.637601 0.637601 0.637601
2938.352295 0.000000 746.679688 0.000000 0.519032 0.000000 -0.854755 0.796543 0.796543 0.796543
2920.781250 0.000000 744.078918 0.000000 0.420480 0.000000 -0.907302 1.034234 1.034234 1.034234
2940.994629 0.000000 753.926025 0.000000 0.497829 0.000000 -0.867275 0.919193 0.919193 0.919193
2932.218506 0.000000 758.595398 0.000000 0.999668 0.000000 -0.025758 0.608335 0.608335 0.608335
2937.646973 0.000000 751.605896 0.000000 0.079838 0.000000 -0.996808 1.169472 1.169472 1.169472
2929.569824 0.000000 757.714783 0.000000 0.957980 0.000000 -0.286836 0.711124 0.711124 0.711124
2940.046875 0.000000 749.229370 0.000000 0.588787 0.000000 -0.808289 0.959527 0.959527 0.959527
2936.340576 0.000000 756.123047 0.000000 0.966251 0.000000 -0.257602 0.699519 0.699519 0.699519
2925.015625 0.000000 745.393555 0.000000 0.916671 0.000000 -0.399643 0.724400 0.724400 0.724400
2934.464111 0.000000 759.648132 0.000000 0.604364 0.000000 -0.796709 0.894118 0.894118 0.894118
2930.946533 0.000000 750.539429 0.000000 0.759186 0.000000 -0.650874 0.870717 0.870717 0.870717
2941.187500 0.000000 752.249573 0.000000 0.995238 0.000000 -0.097473 0.629687 0.629687 0.629687
2921.374268 0.000000 742.302673 0.000000 0.609000 0.000000 -0.793170 0.878536 0.878536 0.878536
2942.032715 0.000000 754.909485 0.000000 0.995770 0.000000 -0.091880 0.631424 0.631424 0.631424
2933.323242 0.000000 747.357666 0.000000 0.173922 0.000000 -0.984760 1.133227 1.133227 1.133227
2923.914062 0.000000 738.427490 0.000000 0.135794 0.000000 -0.990737 1.092098 1.092098 1.092098
2933.782715 0.000000 746.393433 0.000000 0.851630 0.000000 -0.524144 0.810738 0.810738 0.810738
2924.151123 0.000000 751.761841 0.000000 0.463306 0.000000 -0.886198 1.015996 1.015996 1.015996
2921.523438 0.000000 747.212402 0.000000 0.037106 0.000000 -0.999311 1.185823 1.185823 1.185823
2937.835693 0.000000 759.667053 0.000000 0.847193 0.000000 -0.531285 0.813949 0.813949 0.813949
2923.516846 0.000000 749.174255 0.000000 0.849571 0.000000 -0.527475 0.806407 0.806407 0.806407
2927.020996 0.000000 745.550598 0.000000 0.970746 0.000000 -0.240110 0.667195 0.667195 0.667195
2924.169434 0.000000 741.145813 0.000000 0.837714 0.000000 -0.546110 0.704710 0.704710 0.704710
2921.557373 0.000000 749.494263 0.000000 0.942998 0.000000 -0.332798 0.694017 0.694017 0.694017
2927.433350 0.000000 755.481140 0.000000 0.794849 0.000000 -0.606807 0.849060 0.849060 0.849060
2928.353760 0.000000 754.134888 0.000000 0.141024 0.000000 -0.990006 1.145952 1.145952 1.145952
2935.625244 0.000000 749.094727 0.000000 0.416472 0.000000 -0.909149 1.035920 1.035920 1.035920
2935.081299 0.000000 747.438843 0.000000 0.478615 0.000000 -0.878025 1.009367 1.009367 1.009367
2938.617188 0.000000 752.573303 0.000000 0.760303 0.000000 -0.649568 0.819226 0.819226 0.819226
2935.257568 0.000000 757.448059 0.000000 0.140224 0.000000 -0.990120 1.146262 1.146262 1.146262
2922.982422 0.000000 746.529724 0.000000 0.347199 0.000000 -0.937791 0.825903 0.825903 0.825903
2923.255127 0.000000 739.773926 0.000000 0.179043 0.000000 -0.983841 1.077074 1.077074 1.077074
2924.135742 0.000000 754.860413 0.000000 0.832097 0.000000 -0.554631 0.704799 0.704799 0.704799
2923.402588 0.000000 743.374451 0.000000 0.520635 0.000000 -0.853779 0.990834 0.990834 0.990834
2935.734131 0.000000 752.686829 0.000000 0.996849 0.000000 0.079325 0.575853 0.575853 0.575853
2930.312500 0.000000 755.822998 0.000000 0.900832 0.000000 -0.434168 0.771549 0.771549 0.771549
2922.512451 0.000000 748.036499 0.000000 0.069714 0.000000 -0.997567 1.157611 1.157611 1.157611
2941.771484 0.000000 748.641968 0.000000 0.991594 0.000000 -0.129390 0.649562 0.649562 0.649562
2942.893799 0.000000 750.014465 0.000000 0.991336 0.000000 -0.131354 0.650319 0.650319 0.650319
2942.266846 0.000000 757.194580 0.000000 0.826030 0.000000 -0.563626 0.821538 0.821538 0.821538
2942.395020 0.000000 759.594910 0.000000 0.391197 0.000000 -0.920307 0.937919 0.937919 0.937919
2923.360840 0.000000 745.208252 0.000000 0.983570 0.000000 -0.180529 0.669337 0.669337 0.669337
2921.663574 0.000000 748.014587 0.000000 0.823664 0.000000 -0.567079 0.767089 0.767089 0.767089
2924.361084 0.000000 753.272888 0.000000 0.590708 0.000000 -0.806886 0.958618 0.958618 0.958618
2941.687500 0.000000 752.910706 0.000000 0.913178 0.000000 -0.407562 0.727647 0.727647 0.727647
2942.904297 0.000000 752.230347 0.000000 0.382531 0.000000 -0.923943 0.997115 0.997115 0.997115
2937.000244 0.000000 752.252197 0.000000 0.601354 0.000000 -0.798983 0.871751 0.871751 0.871751
2929.037598 0.000000 753.006775 0.000000 0.891243 0.000000 -0.453526 0.779801 0.779801 0.779801
2936.944092 0.000000 750.147278 0.000000 0.713877 0.000000 -0.700271 0.896325 0.896325 0.896325
2933.033691 0.000000 758.879517 0.000000 0.887330 0.000000 -0.461134 0.755070 0.755070 0.755070
2933.888428 0.000000 758.028015 0.000000 0.707459 0.000000 -0.706754 0.853956 0.853956 0.853956
2920.729492 0.000000 737.883789 0.000000 0.690554 0.000000 -0.723281 0.908840 0.908840 0.908840
2923.963867 0.000000 747.740051 0.000000 0.803798 0.000000 -0.594903 0.718345 0.718345 0.718345
2922.725586 0.000000 749.142700 0.000000 0.921000 0.000000 -0.389562 0.748653 0.748653 0.748653
2939.347412 0.000000 759.393738 0.000000 0.974453 0.000000 -0.224592 0.686526 0.686526 0.686526
2939.751221 0.000000 751.262451 0.000000 0.474359 0.000000 -0.880332 1.011216 1.011216 1.011216
2932.761475 0.000000 752.489929 0.000000 0.053628 0.000000 -0.998561 1.179506 1.179506 1.179506
2927.616943 0.000000 746.664490 0.000000 0.366797 0.000000 -0.930301 0.904364 0.904364 0.904364
2929.066895 0.000000 750.412537 0.000000 0.221872 0.000000 -0.975076 1.114540 1.114540 1.114540
2926.204834 0.000000 750.477844 0.000000 0.922442 0.000000 -0.386135 0.740739 0.740739 0.740739
2923.761475 0.000000 750.022644 0.000000 0.347136 0.000000 -0.937815 1.053654 1.053654 1.053654
2940.431885 0.000000 755.408752 0.000000 0.046873 0.000000 -0.998901 1.182089 1.182089 1.182089
2925.572754 0.000000 748.052307 0.000000 0.972471 0.000000 -0.233024 0.674334 0.674334 0.674334
2931.516846 0.000000 744.407410 0.000000 0.683183 0.000000 -0.730247 0.885735 0.885735 0.885735
2919.064453 0.000000 735.880188 0.000000 0.417876 0.000000 -0.908504 0.999479 0.999479 0.999479
2921.551270 0.000000 740.810486 0.000000 0.374326 0.000000 -0.927297 1.053449 1.053449 1.053449
2941.629639 0.000000 749.409546 0.000000 0.782375 0.000000 -0.622808 0.856810 0.856810 0.856810
2939.427002 0.000000 749.929810 0.000000 0.644510 0.000000 -0.764596 0.932473 0.932473 0.932473
2924.306885 0.000000 742.136230 0.000000 0.142541 0.000000 -0.989789 1.091900 1.091900 1.091900
2936.720459 0.000000 748.059509 0.000000 0.996628 0.000000 0.082057 0.568621 0.568621 0.568621
2938.117920 0.000000 749.106323 0.000000 0.979687 0.000000 -0.200532 0.677121 0.677121 0.677121
2936.352051 0.000000 753.661377 0.000000 0.777230 0.000000 -0.629217 0.799804 0.799804 0.799804
2972.913086 0.000000 684.964172 0.000000 0.969349 0.000000 -0.245689 0.632349 0.632349 0.632349
2966.224121 0.000000 693.316406 0.000000 0.898890 0.000000 -0.438175 0.604077 0.604077 0.604077
2960.112549 0.000000 692.100647 0.000000 0.743561 0.000000 -0.668669 0.643884 0.643884 0.643884
2974.361816 0.000000 697.208496 0.000000 0.728642 0.000000 -0.684894 0.780820 0.780820 0.780820
2964.584229 0.000000 695.583069 0.000000 0.183442 0.000000 -0.983030 0.633226 0.633226 0.633226
2954.033203 0.000000 684.799744 0.000000 0.858996 0.000000 -0.511983 0.663605 0.663605 0.663605
2972.430176 0.000000 687.661682 0.000000 0.493815 0.000000 -0.869567 1.002722 1.002722 1.002722
2974.957520 0.000000 699.699829 0.000000 0.833208 0.000000 -0.552960 0.642128 0.642128 0.642128
2956.374268 0.000000 685.587219 0.000000 0.670515 0.000000 -0.741896 0.767783 0.767783 0.767783
2968.229980 0.000000 688.010010 0.000000 0.921810 0.000000 -0.387641 0.752052 0.752052 0.752052
2975.072510 0.000000 695.091003 0.000000 0.872323 0.000000 -0.488929 0.680350 0.680350 0.680350
2961.923828 0.000000 686.187378 0.000000 0.736304 0.000000 -0.676651 0.675702 0.675702 0.675702
2974.607666 0.000000 683.825745 0.000000 0.975031 0.000000 -0.222070 0.616101 0.616101 0.616101
2961.919434 0.000000 692.805847 0.000000 0.576450 0.000000 -0.817132 0.657306 0.657306 0.657306
2967.540039 0.000000 689.586914 0.000000 0.875937 0.000000 -0.482425 0.792293 0.792293 0.792293
2965.462158 0.000000 688.203247 0.000000 0.365753 0.000000 -0.930712 0.825799 0.825799 0.825799
2973.074951 0.000000 691.016418 0.000000 0.775590 0.000000 -0.631237 0.732006 0.732006 0.732006
2973.602783 0.000000 695.889771 0.000000 0.566264 0.000000 -0.824224 0.748026 0.748026 0.748026
2959.327881 0.000000 684.318054 0.000000 0.987942 0.000000 -0.154822 0.636092 0.636092 0.636092
2962.753906 0.000000 689.960327 0.000000 0.787685 0.000000 -0.616078 0.661644 0.661644 0.661644
2957.638428 0.000000 684.863708 0.000000 0.774580 0.000000 -0.632476 0.737444 0.737444 0.737444
2972.173340 0.000000 686.228882 0.000000 0.958265 0.000000 -0.285881 0.710743 0.710743 0.710743
2972.669922 0.000000 692.396667 0.000000 0.712348 0.000000 -0.701827 0.856372 0.856372 0.856372
2972.692139 0.000000 689.039795 0.000000 0.999761 0.000000 0.021885 0.591640 0.591640 0.591640
2975.081055 0.000000 693.002197 0.000000 0.994221 0.000000 -0.107355 0.624974 0.624974 0.624974
2971.034180 0.000000 687.776001 0.000000 0.020184 0.000000 -0.999796 1.192290 1.192290 1.192290
2974.458252 0.000000 685.188232 0.000000 0.996818 0.000000 -0.079705 0.626175 0.626175 0.626175
2969.460449 0.000000 685.567444 0.000000 0.185141 0.000000 -0.982712 0.743106 0.743106 0.743106
2968.718750 0.000000 691.327759 0.000000 0.496770 0.000000 -0.867882 1.001423 1.001423 1.001423
2950.522705 0.000000 695.235840 0.000000 0.171453 0.000000 -0.985192 0.729880 0.729880 0.729880
2963.172119 0.000000 687.894287 0.000000 0.905164 0.000000 -0.425063 0.715087 0.715087 0.715087
2957.994629 0.000000 692.689392 0.000000 0.520884 0.000000 -0.853628 0.871208 0.871208 0.871208
2972.448975 0.000000 694.266724 0.000000 0.574324 0.000000 -0.818628 0.746527 0.746527 0.746527
2968.793213 0.000000 686.972595 0.000000 0.460241 0.000000 -0.887794 0.811113 0.811113 0.811113
2974.822266 0.000000 690.535645 0.000000 0.373160 0.000000 -0.927767 1.053929 1.053929 1.053929
2964.373535 0.000000 687.780334 0.000000 0.999922 0.000000 0.012469 0.595237 0.595237 0.595237
2975.026123 0.000000 696.221313 0.000000 0.941321 0.000000 -0.337513 0.682512 0.682512 0.682512
2970.245850 0.000000 689.944092 0.000000 0.689074 0.000000 -0.724691 0.879266 0.879266 0.879266
2966.175049 0.000000 690.956970 0.000000 0.987996 0.000000 -0.154477 0.632758 0.632758 0.632758
2971.164062 0.000000 686.682739 0.000000 0.725004 0.000000 -0.688745 0.890206 0.890206 0.890206
2968.738037 0.000000 689.039368 0.000000 0.185865 0.000000 -0.982575 1.128589 1.128589 1.128589
2959.982666 0.000000 685.207642 0.000000 0.991561 0.000000 -0.129643 0.630185 0.630185 0.630185
2962.274902 0.000000 687.200806 0.000000 0.999111 0.000000 -0.042164 0.611056 0.611056 0.611056
2973.694092 0.000000 692.494751 0.000000 0.875668 0.000000 -0.482914 0.766084 0.766084 0.766084
2972.986816 0.000000 689.957275 0.000000 0.991877 0.000000 -0.127204 0.648720 0.648720 0.648720
2971.681152 0.000000 692.622559 0.000000 0.899630 0.000000 -0.436654 0.772604 0.772604 0.772604
2972.363281 0.000000 693.304260 0.000000 0.971368 0.000000 -0.237582 0.679050 0.679050 0.679050
2955.467529 0.000000 692.568909 0.000000 0.765351 0.000000 -0.643614 0.814710 0.814710 0.814710
2966.091064 0.000000 688.914001 0.000000 0.885499 0.000000 -0.464642 0.784580 0.784580 0.784580
2959.730713 0.000000 694.207397 0.000000 0.101379 0.000000 -0.994848 1.070976 1.070976 1.070976
2972.039062 0.000000 685.260620 0.000000 0.987396 0.000000 -0.158271 0.620713 0.620713 0.620713
2956.274414 0.000000 684.645447 0.000000 0.644146 0.000000 -0.764903 0.774807 0.774807 0.774807
2962.938721 0.000000 686.570679 0.000000 0.746784 0.000000 -0.665066 0.790727 0.790727 0.790727
2973.179688 0.000000 688.280823 0.000000 0.310406 0.000000 -0.950604 1.079442 1.079442 1.079442
2974.024902 0.000000 690.940735 0.000000 0.845761 0.000000 -0.533563 0.814977 0.814977 0.814977
2957.280029 0.000000 685.655090 0.000000 0.336075 0.000000 -0.941835 0.846497 0.846497 0.846497
2970.609375 0.000000 688.604553 0.000000 0.337730 0.000000 -0.941243 1.022487 1.022487 1.022487
2959.419434 0.000000 695.629822 0.000000 0.284315 0.000000 -0.958731 1.011116 1.011116 1.011116
2965.411865 0.000000 687.355469 0.000000 0.948022 0.000000 -0.318206 0.723696 0.723696 0.723696
2956.894775 0.000000 695.552551 0.000000 0.216584 0.000000 -0.976264 1.088248 1.088248 1.088248
2969.512451 0.000000 689.373962 0.000000 0.905132 0.000000 -0.425130 0.767726 0.767726 0.767726
2968.992432 0.000000 688.283447 0.000000 0.839087 0.000000 -0.543998 0.819708 0.819708 0.819708
2968.936279 0.000000 686.178528 0.000000 0.864744 0.000000 -0.502212 0.701670 0.701670 0.701670
2958.601562 0.000000 684.047852 0.000000 0.978793 0.000000 -0.204854 0.647902 0.647902 0.647902
2972.424072 0.000000 691.440002 0.000000 0.886037 0.000000 -0.463615 0.693152 0.693152 0.693152
2957.564941 0.000000 684.083557 0.000000 0.870538 0.000000 -0.492101 0.703272 0.703272 0.703272
2957.968506 0.000000 694.137939 0.000000 0.572461 0.000000 -0.819932 0.947027 0.947027 0.947027
2976.261719 0.000000 693.171814 0.000000 0.725673 0.000000 -0.688040 0.869375 0.869375 0.869375
2992.167480 0.000000 682.124146 0.000000 0.449849 0.000000 -0.893105 0.618194 0.618194 0.618194
2975.389404 0.000000 684.107056 0.000000 0.470373 0.000000 -0.882468 0.954646 0.954646 0.954646
2983.375488 0.000000 684.961426 0.000000 0.040014 0.000000 -0.999199 0.655032 0.655032 0.655032
2979.401855 0.000000 693.412292 0.000000 0.113106 0.000000 -0.993583 1.036631 1.036631 1.036631
2986.025391 0.000000 684.799744 0.000000 0.997083 0.000000 0.076330 0.570816 0.570816 0.570816
2977.954102 0.000000 683.831055 0.000000 0.964936 0.000000 -0.262484 0.701450 0.701450 0.701450
2978.687744 0.000000 679.120483 0.000000 0.820338 0.000000 -0.571878 0.646508 0.646508 0.646508
2985.212158 0.000000 682.407532 0.000000 0.968200 0.000000 -0.250176 0.606060 0.606060 0.606060
2977.402344 0.000000 695.346252 0.000000 0.184370 0.000000 -0.982857 1.129171 1.129171 1.129171
2979.356689 0.000000 688.758606 0.000000 0.920071 0.000000 -0.391751 0.753756 0.753756 0.753756
2990.058350 0.000000 683.484497 0.000000 0.683502 0.000000 -0.729948 0.663735 0.663735 0.663735
2975.291016 0.000000 691.067139 0.000000 0.602950 0.000000 -0.797779 0.952790 0.952790 0.952790
2981.302246 0.000000 694.492859 0.000000 0.184090 0.000000 -0.982909 0.894736 0.894736 0.894736
2984.746826 0.000000 686.588684 0.000000 0.992795 0.000000 -0.119829 0.645881 0.645881 0.645881
2977.481934 0.000000 688.175598 0.000000 0.505515 0.000000 -0.862818 0.997563 0.997563 0.997563
2975.377686 0.000000 694.883484 0.000000 0.050277 0.000000 -0.998735 0.839148 0.839148 0.839148
2977.907959 0.000000 692.503357 0.000000 0.980330 0.000000 -0.197367 0.670530 0.670530 0.670530
2979.064697 0.000000 694.989990 0.000000 0.960867 0.000000 -0.277009 0.707212 0.707212 0.707212
2976.756104 0.000000 684.876648 0.000000 0.061137 0.000000 -0.998129 0.794472 0.794472 0.794472
2977.978027 0.000000 696.812134 0.000000 0.213808 0.000000 -0.976876 0.845652 0.845652 0.845652
2976.233643 0.000000 698.499329 0.000000 0.998229 0.000000 0.059484 0.590995 0.590995 0.590995
2987.399658 0.000000 684.331909 0.000000 0.476068 0.000000 -0.879408 1.010474 1.010474 1.010474
2979.517578 0.000000 683.301941 0.000000 0.632409 0.000000 -0.774635 0.760612 0.760612 0.760612
2977.952881 0.000000 694.050781 0.000000 0.916909 0.000000 -0.399097 0.756812 0.756812 0.756812
2986.972412 0.000000 685.944946 0.000000 0.589470 0.000000 -0.807790 0.959204 0.959204 0.959204
2979.203613 0.000000 690.164978 0.000000 0.999549 0.000000 0.030019 0.591995 0.591995 0.591995
2989.127197 0.000000 682.414307 0.000000 0.143958 0.000000 -0.989584 0.813655 0.813655 0.813655
2982.048828 0.000000 689.303284 0.000000 0.884471 0.000000 -0.466594 0.785423 0.785423 0.785423
2988.726562 0.000000 683.840759 0.000000 0.074130 0.000000 -0.997249 0.824180 0.824180 0.824180
2978.144531 0.000000 689.347900 0.000000 0.572657 0.000000 -0.819795 0.967095 0.967095 0.967095
2984.724609 0.000000 685.248169 0.000000 0.939837 0.000000 -0.341625 0.682515 0.682515 0.682515
2982.183105 0.000000 690.949402 0.000000 0.897297 0.000000 -0.441427 0.661635 0.661635 0.661635
2985.548340 0.000000 687.629333 0.000000 0.536841 0.000000 -0.843684 0.983541 0.983541 0.983541
2976.767334 0.000000 694.286194 0.000000 0.059005 0.000000 -0.998258 1.177449 1.177449 1.177449
2983.857910 0.000000 689.147766 0.000000 0.996766 0.000000 -0.080353 0.630726 0.630726 0.630726
2975.349854 0.000000 692.413696 0.000000 0.997620 0.000000 -0.068954 0.616022 0.616022 0.616022
2982.052734 0.000000 687.536926 0.000000 0.586855 0.000000 -0.809692 0.872803 0.872803 0.872803
2980.086426 0.000000 694.328186 0.000000 0.160454 0.000000 -0.987043 0.899840 0.899840 0.899840
2976.971436 0.000000 697.521179 0.000000 0.889909 0.000000 -0.456137 0.685849 0.685849 0.685849
2975.336670 0.000000 689.808716 0.000000 0.938400 0.000000 -0.345552 0.734770 0.734770 0.734770
2993.065430 0.000000 685.525146 0.000000 0.999124 0.000000 0.041843 0.592288 0.592288 0.592288
2978.543213 0.000000 695.905090 0.000000 0.129045 0.000000 -0.991639 1.150570 1.150570 1.150570
2984.720459 0.000000 689.721436 0.000000 0.887916 0.000000 -0.460005 0.782583 0.782583 0.782583
2980.017090 0.000000 692.571655 0.000000 0.104173 0.000000 -0.994559 0.944868 0.944868 0.944868
2977.282227 0.000000 693.295227 0.000000 0.317632 0.000000 -0.948214 1.042897 1.042897 1.042897
2979.884277 0.000000 695.642090 0.000000 0.134598 0.000000 -0.990900 1.148431 1.148431 1.148431
2981.892822 0.000000 691.896973 0.000000 0.649014 0.000000 -0.760777 0.915973 0.915973 0.915973
2978.831787 0.000000 680.207397 0.000000 0.999977 0.000000 -0.006728 0.602570 0.602570 0.602570
2977.293457 0.000000 682.586182 0.000000 0.591080 0.000000 -0.806613 0.958442 0.958442 0.958442
2980.556396 0.000000 691.591553 0.000000 0.022000 0.000000 -0.999758 1.166076 1.166076 1.166076
2976.366211 0.000000 695.246643 0.000000 0.999966 0.000000 -0.008239 0.603147 0.603147 0.603147
2979.472900 0.000000 699.946533 0.000000 0.104687 0.000000 -0.994505 1.120414 1.120414 1.120414
2978.931885 0.000000 681.244080 0.000000 0.932572 0.000000 -0.360983 0.741071 0.741071 0.741071
2984.025391 0.000000 685.942566 0.000000 0.163252 0.000000 -0.986584 0.932954 0.932954 0.932954
2980.008789 0.000000 690.754944 0.000000 0.266737 0.000000 -0.963769 1.075432 1.075432 1.075432
2978.434570 0.000000 688.450562 0.000000 0.848528 0.000000 -0.529150 0.812987 0.812987 0.812987
2980.240967 0.000000 688.431763 0.000000 0.413790 0.000000 -0.910372 1.037046 1.037046 1.037046
2990.624268 0.000000 684.903442 0.000000 0.341680 0.000000 -0.939816 1.066805 1.066805 1.066805
2980.642090 0.000000 695.116394 0.000000 0.906358 0.000000 -0.422512 0.692785 0.692785 0.692785
2982.185791 0.000000 688.409668 0.000000 0.282071 0.000000 -0.959393 1.090774 1.090774 1.090774
2977.506104 0.000000 691.536499 0.000000 0.996951 0.000000 -0.078029 0.629835 0.629835 0.629835
2985.570068 0.000000 689.457947 0.000000 0.981402 0.000000 -0.191964 0.673783 0.673783 0.673783
2985.541748 0.000000 685.525513 0.000000 0.966103 0.000000 -0.258155 0.661798 0.661798 0.661798
2978.909424 0.000000 683.952515 0.000000 0.024493 0.000000 -0.999700 0.880266 0.880266 0.880266
2978.822754 0.000000 694.144470 0.000000 0.726724 0.000000 -0.686930 0.889250 0.889250 0.889250
2976.135498 0.000000 690.883911 0.000000 0.720265 0.000000 -0.693699 0.892824 0.892824 0.892824
2989.272217 0.000000 685.655090 0.000000 0.999678 0.000000 0.025393 0.590300 0.590300 0.590300
2977.342773 0.000000 689.976807 0.000000 0.813756 0.000000 -0.581206 0.836903 0.836903 0.836903
2979.113525 0.000000 682.511841 0.000000 0.755412 0.000000 -0.655250 0.729505 0.729505 0.729505
2987.192627 0.000000 683.506653 0.000000 0.956535 0.000000 -0.291617 0.703280 0.703280 0.703280
2975.835205 0.000000 691.694153 0.000000 0.356165 0.000000 -0.934423 1.060901 1.060901 1.060901
2981.324707 0.000000 691.295044 0.000000 0.727872 0.000000 -0.685713 0.876162 0.876162 0.876162
2985.647949 0.000000 684.045837 0.000000 0.954586 0.000000 -0.297935 0.671600 0.671600 0.671600
2976.430176 0.000000 688.617432 0.000000 0.515637 0.000000 -0.856807 0.993066 0.993066 0.993066
2975.285889 0.000000 688.007324 0.000000 0.489438 0.000000 -0.872038 1.004642 1.004642 1.004642
2991.552979 0.000000 685.907349 0.000000 0.320181 0.000000 -0.947356 1.075508 1.075508 1.075508
2979.852051 0.000000 698.282410 0.000000 0.608234 0.000000 -0.793758 0.925530 0.925530 0.925530
2977.415283 0.000000 696.238770 0.000000 0.331563 0.000000 -0.943433 0.823451 0.823451 0.823451
2978.867432 0.000000 690.897705 0.000000 0.999598 0.000000 -0.028357 0.607562 0.607562 0.607562
2990.593750 0.000000 684.047852 0.000000 0.872619 0.000000 -0.488401 0.794904 0.794904 0.794904
2978.930908 0.000000 689.417847 0.000000 0.088793 0.000000 -0.996050 1.166039 1.166039 1.166039
2979.704346 0.000000 689.572754 0.000000 0.984898 0.000000 -0.173137 0.666468 0.666468 0.666468
2993.575684 0.000000 684.159241 0.000000 0.865363 0.000000 -0.501145 0.696714 0.696714 0.696714
2976.155518 0.000000 692.403809 0.000000 0.471246 0.000000 -0.882002 0.983443 0.983443 0.983443
2983.988037 0.000000 686.732422 0.000000 0.502468 0.000000 -0.864596 0.901921 0.901921 0.901921
2976.220703 0.000000 682.709717 0.000000 0.797000 0.000000 -0.603980 0.847703 0.847703 0.847703
2972.870605 0.000000 731.429993 0.000000 0.999643 0.000000 0.026720 0.589792 0.589792 0.589792
2974.067139 0.000000 730.607971 0.000000 0.998626 0.000000 -0.052396 0.620023 0.620023 0.620023
2972.448975 0.000000 726.251099 0.000000 0.873918 0.000000 -0.486073 0.640298 0.640298 0.640298
2973.855225 0.000000 732.031494 0.000000 0.788254 0.000000 -0.615350 0.853183 0.853183 0.853183
2975.144287 0.000000 730.296631 0.000000 0.462769 0.000000 -0.886479 1.016227 1.016227 1.016227
2972.644287 0.000000 730.365112 0.000000 0.957224 0.000000 -0.289348 0.712126 0.712126 0.712126
2972.693115 0.000000 728.254761 0.000000 0.278424 0.000000 -0.960458 0.821984 0.821984 0.821984
2973.735596 0.000000 734.894287 0.000000 0.999791 0.000000 0.020440 0.592192 0.592192 0.592192
2974.246582 0.000000 731.362915 0.000000 0.894089 0.000000 -0.447889 0.777389 0.777389 0.777389
2977.729248 0.000000 730.359985 0.000000 0.402501 0.000000 -0.915420 0.877189 0.877189 0.877189
2975.923828 0.000000 731.922241 0.000000 0.999193 0.000000 -0.040178 0.615351 0.615351 0.615351
2976.233643 0.000000 730.483704 0.000000 0.540546 0.000000 -0.841314 0.839599 0.839599 0.839599
2975.661377 0.000000 727.903503 0.000000 0.945434 0.000000 -0.325813 0.714835 0.714835 0.714835
2979.472900 0.000000 731.930908 0.000000 0.714697 0.000000 -0.699434 0.729954 0.729954 0.729954
2977.175049 0.000000 735.355652 0.000000 0.661562 0.000000 -0.749890 0.923872 0.923872 0.923872
2979.756348 0.000000 733.871582 0.000000 0.369895 0.000000 -0.929074 0.832100 0.832100 0.832100
2977.826904 0.000000 734.761414 0.000000 0.152004 0.000000 -0.988380 1.141713 1.141713 1.141713
2977.917725 0.000000 732.116272 0.000000 0.147893 0.000000 -0.989003 1.107081 1.107081 1.107081
2975.472168 0.000000 730.100220 0.000000 0.848927 0.000000 -0.528510 0.812699 0.812699 0.812699
2976.706055 0.000000 732.215027 0.000000 0.097244 0.000000 -0.995261 1.125277 1.125277 1.125277
2977.004395 0.000000 730.729065 0.000000 0.648885 0.000000 -0.760886 0.807236 0.807236 0.807236
2948.967041 0.000000 754.539368 0.000000 0.450380 0.000000 -0.892837 0.899215 0.899215 0.899215
2947.561768 0.000000 760.568359 0.000000 0.999147 0.000000 0.041285 0.597278 0.597278 0.597278
2968.158691 0.000000 742.378479 0.000000 0.882323 0.000000 -0.470645 0.787174 0.787174 0.787174
2943.532227 0.000000 761.192444 0.000000 0.651188 0.000000 -0.758916 0.753592 0.753592 0.753592
2973.913086 0.000000 753.711426 0.000000 0.620162 0.000000 -0.784474 0.944480 0.944480 0.944480
2973.993164 0.000000 746.048706 0.000000 0.572816 0.000000 -0.819684 0.967021 0.967021 0.967021
2974.361816 0.000000 761.177246 0.000000 0.998200 0.000000 -0.059976 0.622923 0.622923 0.622923
2964.584229 0.000000 759.551819 0.000000 0.702116 0.000000 -0.712062 0.747189 0.747189 0.747189
2948.866699 0.000000 748.172119 0.000000 0.909733 0.000000 -0.415194 0.612186 0.612186 0.612186
2944.662842 0.000000 750.407227 0.000000 0.999589 0.000000 0.028681 0.592309 0.592309 0.592309
2974.957520 0.000000 763.668579 0.000000 0.997884 0.000000 -0.065014 0.621148 0.621148 0.621148
2945.410156 0.000000 759.315002 0.000000 0.979979 0.000000 -0.199102 0.657347 0.657347 0.657347
2966.565918 0.000000 744.302612 0.000000 0.216765 0.000000 -0.976224 0.658744 0.658744 0.658744
2975.072510 0.000000 759.059753 0.000000 0.994690 0.000000 -0.102913 0.639380 0.639380 0.639380
2974.168701 0.000000 743.872253 0.000000 0.970924 0.000000 -0.239389 0.692337 0.692337 0.692337
2968.888916 0.000000 737.365051 0.000000 0.954856 0.000000 -0.297071 0.641567 0.641567 0.641567
2971.167480 0.000000 753.281250 0.000000 0.856933 0.000000 -0.515428 0.664891 0.664891 0.664891
2964.126465 0.000000 763.413818 0.000000 0.015489 0.000000 -0.999880 0.695519 0.695519 0.695519
2972.329834 0.000000 744.534973 0.000000 0.984834 0.000000 -0.173499 0.666609 0.666609 0.666609
2945.489746 0.000000 752.144348 0.000000 0.424183 0.000000 -0.905576 0.947836 0.947836 0.947836
2943.385498 0.000000 758.852234 0.000000 0.453261 0.000000 -0.891378 0.918119 0.918119 0.918119
2949.081055 0.000000 756.425415 0.000000 0.457386 0.000000 -0.889269 0.933193 0.933193 0.933193
2972.457275 0.000000 747.107056 0.000000 0.875994 0.000000 -0.482321 0.792247 0.792247 0.792247
2967.993652 0.000000 757.887512 0.000000 0.010825 0.000000 -0.999941 1.195865 1.195865 1.195865
2974.607666 0.000000 747.794495 0.000000 0.813092 0.000000 -0.582135 0.837339 0.837339 0.837339
2949.172363 0.000000 752.219482 0.000000 0.691864 0.000000 -0.722028 0.783680 0.783680 0.783680
2944.763916 0.000000 748.845398 0.000000 0.664923 0.000000 -0.746911 0.672012 0.672012 0.672012
2943.319336 0.000000 751.173706 0.000000 0.823980 0.000000 -0.566619 0.830099 0.830099 0.830099
2947.282227 0.000000 748.697266 0.000000 0.868966 0.000000 -0.494871 0.629467 0.629467 0.629467
2974.071777 0.000000 752.176880 0.000000 0.985789 0.000000 -0.167986 0.664472 0.664472 0.664472
2945.985840 0.000000 760.780884 0.000000 0.687885 0.000000 -0.725820 0.724099 0.724099 0.724099
2973.074951 0.000000 754.985168 0.000000 0.320706 0.000000 -0.947179 1.075296 1.075296 1.075296
2972.593018 0.000000 740.883667 0.000000 0.494883 0.000000 -0.868960 0.888676 0.888676 0.888676
2975.221924 0.000000 745.145203 0.000000 0.992577 0.000000 -0.121618 0.646570 0.646570 0.646570
2945.981445 0.000000 749.731506 0.000000 0.693334 0.000000 -0.720616 0.668706 0.668706 0.668706
2965.621826 0.000000 763.267334 0.000000 0.998482 0.000000 -0.055087 0.603385 0.603385 0.603385
2970.714355 0.000000 759.953979 0.000000 0.984952 0.000000 -0.172826 0.621335 0.621335 0.621335
2972.895020 0.000000 761.176147 0.000000 0.521347 0.000000 -0.853345 0.935384 0.935384 0.935384
2974.067139 0.000000 762.592346 0.000000 0.202663 0.000000 -0.979248 1.044253 1.044253 1.044253
2972.692139 0.000000 753.008545 0.000000 0.996754 0.000000 0.080505 0.569216 0.569216 0.569216
2945.960693 0.000000 758.019531 0.000000 0.999988 0.000000 0.004981 0.598575 0.598575 0.598575
2975.251465 0.000000 746.579468 0.000000 0.116806 0.000000 -0.993155 1.155281 1.155281 1.155281
2971.034180 0.000000 751.744751 0.000000 0.999682 0.000000 0.025220 0.590366 0.590366 0.590366
2974.512207 0.000000 764.973145 0.000000 0.906757 0.000000 -0.421653 0.722576 0.722576 0.722576
2944.650146 0.000000 760.416748 0.000000 0.593801 0.000000 -0.804612 0.742861 0.742861 0.742861
2946.152344 0.000000 753.316650 0.000000 0.976601 0.000000 -0.215060 0.681495 0.681495 0.681495
2948.023438 0.000000 751.506409 0.000000 0.671405 0.000000 -0.741090 0.747537 0.747537 0.747537
2968.718750 0.000000 755.296509 0.000000 0.860868 0.000000 -0.508829 0.787113 0.787113 0.787113
2967.589355 0.000000 756.650146 0.000000 0.484690 0.000000 -0.874686 1.006719 1.006719 1.006719
2970.156006 0.000000 737.124695 0.000000 0.581942 0.000000 -0.813231 0.962752 0.962752 0.962752
2972.016846 0.000000 754.213501 0.000000 0.506813 0.000000 -0.862056 0.996988 0.996988 0.996988
2970.217773 0.000000 744.869507 0.000000 0.747933 0.000000 -0.663774 0.877256 0.877256 0.877256
2965.012695 0.000000 758.027161 0.000000 0.986436 0.000000 -0.164145 0.630627 0.630627 0.630627
2969.123047 0.000000 743.797607 0.000000 0.358211 0.000000 -0.933641 1.060064 1.060064 1.060064
2973.036377 0.000000 743.450500 0.000000 0.388940 0.000000 -0.921263 0.819318 0.819318 0.819318
2971.665039 0.000000 763.442017 0.000000 0.998424 0.000000 0.056129 0.589821 0.589821 0.589821
2971.842285 0.000000 743.424744 0.000000 0.732885 0.000000 -0.680353 0.885808 0.885808 0.885808
2943.357666 0.000000 756.382446 0.000000 0.402136 0.000000 -0.915580 1.028057 1.028057 1.028057
2966.328613 0.000000 756.017944 0.000000 0.204908 0.000000 -0.978781 1.121173 1.121173 1.121173
2973.816895 0.000000 758.714478 0.000000 0.966383 0.000000 -0.257108 0.699324 0.699324 0.699324
2944.344971 0.000000 751.755554 0.000000 0.274489 0.000000 -0.961590 0.946621 0.946621 0.946621
2975.144287 0.000000 762.281006 0.000000 0.866368 0.000000 -0.499406 0.769973 0.769973 0.769973
2970.245850 0.000000 753.912842 0.000000 0.998239 0.000000 0.059316 0.592888 0.592888 0.592888
2944.979248 0.000000 761.489929 0.000000 0.968259 0.000000 -0.249949 0.638599 0.638599 0.638599
2968.112549 0.000000 736.010620 0.000000 0.141279 0.000000 -0.989970 0.796936 0.796936 0.796936
2966.977295 0.000000 758.298401 0.000000 0.955491 0.000000 -0.295020 0.714392 0.714392 0.714392
2970.092285 0.000000 740.317993 0.000000 0.966417 0.000000 -0.256978 0.699272 0.699272 0.699272
2968.576904 0.000000 748.809692 0.000000 0.962124 0.000000 -0.272611 0.705465 0.705465 0.705465
2943.344482 0.000000 753.777466 0.000000 0.904395 0.000000 -0.426697 0.748577 0.748577 0.748577
2945.598877 0.000000 750.961365 0.000000 0.990920 0.000000 -0.134451 0.636160 0.636160 0.636160
2943.669189 0.000000 759.887878 0.000000 0.756027 0.000000 -0.654540 0.806295 0.806295 0.806295
2974.680176 0.000000 758.026611 0.000000 0.793498 0.000000 -0.608573 0.849909 0.849909 0.849909
2945.051514 0.000000 753.130432 0.000000 0.384283 0.000000 -0.923216 0.961233 0.961233 0.961233
2946.551025 0.000000 759.873840 0.000000 0.939713 0.000000 -0.341965 0.689920 0.689920 0.689920
2968.136475 0.000000 754.447815 0.000000 0.625708 0.000000 -0.780057 0.913626 0.913626 0.913626
2973.694092 0.000000 756.463501 0.000000 0.785451 0.000000 -0.618924 0.854917 0.854917 0.854917
2974.882324 0.000000 753.132996 0.000000 0.982985 0.000000 -0.183684 0.670563 0.670563 0.670563
2948.024902 0.000000 756.540405 0.000000 0.685447 0.000000 -0.728123 0.848001 0.848001 0.848001
2946.437256 0.000000 755.526794 0.000000 0.598935 0.000000 -0.800798 0.954709 0.954709 0.954709
2946.943848 0.000000 756.473694 0.000000 0.477353 0.000000 -0.878712 1.009916 1.009916 1.009916
2971.813232 0.000000 745.391785 0.000000 0.536387 0.000000 -0.843972 0.983747 0.983747 0.983747
2973.775635 0.000000 742.800171 0.000000 0.360011 0.000000 -0.932948 0.825161 0.825161 0.825161
2967.047119 0.000000 754.442993 0.000000 0.945420 0.000000 -0.325855 0.726783 0.726783 0.726783
2968.845459 0.000000 761.742737 0.000000 0.723403 0.000000 -0.690426 0.891092 0.891092 0.891092
2971.465576 0.000000 746.732605 0.000000 0.243239 0.000000 -0.969966 1.106148 1.106148 1.106148
2970.455811 0.000000 748.417847 0.000000 0.869935 0.000000 -0.493166 0.796993 0.796993 0.796993
2972.693115 0.000000 760.239136 0.000000 0.467267 0.000000 -0.884116 0.955799 0.955799 0.955799
2973.386963 0.000000 746.810059 0.000000 0.785545 0.000000 -0.618805 0.854860 0.854860 0.854860
2972.363281 0.000000 757.273010 0.000000 0.990792 0.000000 -0.135392 0.651875 0.651875 0.651875
2969.639160 0.000000 751.605896 0.000000 0.247311 0.000000 -0.968936 1.104544 1.104544 1.104544
2964.923584 0.000000 760.583191 0.000000 0.691188 0.000000 -0.722675 0.825027 0.825027 0.825027
2966.091064 0.000000 752.882751 0.000000 0.981045 0.000000 -0.193781 0.654334 0.654334 0.654334
2948.016602 0.000000 754.723694 0.000000 0.005724 0.000000 -0.999984 1.024330 1.024330 1.024330
2970.336914 0.000000 749.866821 0.000000 0.998970 0.000000 0.045371 0.582664 0.582664 0.582664
2969.961182 0.000000 745.763855 0.000000 0.332179 0.000000 -0.943216 1.070660 1.070660 1.070660
2974.025146 0.000000 738.612183 0.000000 0.998079 0.000000 0.061953 0.576321 0.576321 0.576321
2972.977295 0.000000 759.137451 0.000000 0.300976 0.000000 -0.953632 1.083225 1.083225 1.083225
2974.345215 0.000000 746.914612 0.000000 0.687399 0.000000 -0.726280 0.910503 0.910503 0.910503
2971.302734 0.000000 740.621033 0.000000 0.733684 0.000000 -0.679491 0.885359 0.885359 0.885359
2946.486816 0.000000 750.566589 0.000000 0.231973 0.000000 -0.972722 0.982433 0.982433 0.982433
2974.455322 0.000000 765.952209 0.000000 0.694343 0.000000 -0.719644 0.826215 0.826215 0.826215
2974.024902 0.000000 754.909485 0.000000 0.121537 0.000000 -0.992587 1.153461 1.153461 1.153461
2974.637207 0.000000 739.937927 0.000000 0.825573 0.000000 -0.564296 0.829023 0.829023 0.829023
2970.704346 0.000000 762.169128 0.000000 0.992573 0.000000 -0.121649 0.622104 0.622104 0.622104
2964.080078 0.000000 760.279663 0.000000 0.490730 0.000000 -0.871312 0.894738 0.894738 0.894738
2965.375488 0.000000 761.336731 0.000000 0.965787 0.000000 -0.259336 0.673090 0.673090 0.673090
2945.055664 0.000000 756.416138 0.000000 0.999699 0.000000 0.024517 0.591038 0.591038 0.591038
2968.864746 0.000000 742.889587 0.000000 0.324710 0.000000 -0.945814 1.073680 1.073680 1.073680
2944.143311 0.000000 754.852661 0.000000 0.807721 0.000000 -0.589565 0.817229 0.817229 0.817229
2975.025391 0.000000 738.155701 0.000000 0.967375 0.000000 -0.253348 0.697838 0.697838 0.697838
2967.726318 0.000000 752.686829 0.000000 0.233391 0.000000 -0.972383 0.972016 0.972016 0.972016
2973.763672 0.000000 748.641968 0.000000 0.748350 0.000000 -0.663304 0.877016 0.877016 0.877016
2967.770752 0.000000 760.555481 0.000000 0.798088 0.000000 -0.602541 0.847014 0.847014 0.847014
2974.259033 0.000000 757.194580 0.000000 0.978745 0.000000 -0.205080 0.678895 0.678895 0.678895
2974.387207 0.000000 759.594910 0.000000 0.543819 0.000000 -0.839202 0.980373 0.980373 0.980373
2969.827148 0.000000 755.929749 0.000000 0.298633 0.000000 -0.954368 1.044291 1.044291 1.044291
2943.938232 0.000000 758.215088 0.000000 0.980318 0.000000 -0.197426 0.657453 0.657453 0.657453
2943.843018 0.000000 755.662903 0.000000 0.940524 0.000000 -0.339728 0.718383 0.718383 0.718383
2968.044678 0.000000 740.330994 0.000000 0.999782 0.000000 0.020877 0.592025 0.592025 0.592025
2969.512451 0.000000 753.342712 0.000000 0.633105 0.000000 -0.774066 0.938136 0.938136 0.938136
2974.896484 0.000000 752.230347 0.000000 0.109105 0.000000 -0.994030 1.158242 1.158242 1.158242
2943.293701 0.000000 751.976074 0.000000 0.715646 0.000000 -0.698463 0.895359 0.895359 0.895359
2965.025879 0.000000 758.879517 0.000000 0.241534 0.000000 -0.970392 0.846453 0.846453 0.846453
2969.634277 0.000000 743.141907 0.000000 0.193004 0.000000 -0.981198 1.125813 1.125813 1.125813
2949.288086 0.000000 753.020935 0.000000 0.337510 0.000000 -0.941322 0.879262 0.879262 0.879262
2966.815674 0.000000 761.547119 0.000000 0.995339 0.000000 -0.096437 0.636894 0.636894 0.636894
2972.810303 0.000000 741.630188 0.000000 0.520096 0.000000 -0.854108 0.880654 0.880654 0.880654
2966.186035 0.000000 761.079834 0.000000 0.605095 0.000000 -0.796153 0.951762 0.951762 0.951762
2972.424072 0.000000 755.408752 0.000000 0.299157 0.000000 -0.954204 1.083953 1.083953 1.083953
2972.727295 0.000000 750.754333 0.000000 0.505968 0.000000 -0.862552 0.997362 0.997362 0.997362
2968.458740 0.000000 744.300049 0.000000 0.643812 0.000000 -0.765183 0.932822 0.932822 0.932822
2969.202637 0.000000 745.686646 0.000000 0.550039 0.000000 -0.835139 0.977536 0.977536 0.977536
2971.419189 0.000000 749.929810 0.000000 0.849309 0.000000 -0.527897 0.812423 0.812423 0.812423
2971.703613 0.000000 747.456787 0.000000 0.852707 0.000000 -0.522389 0.809951 0.809951 0.809951
2970.110107 0.000000 749.106323 0.000000 0.977985 0.000000 -0.208676 0.680298 0.680298 0.680298
2976.261719 0.000000 757.140564 0.000000 0.110580 0.000000 -0.993867 1.157675 1.157675 1.157675
2978.054443 0.000000 764.911438 0.000000 0.951679 0.000000 -0.307096 0.716423 0.716423 0.716423
2979.356689 0.000000 750.298340 0.000000 0.705965 0.000000 -0.708247 0.900616 0.900616 0.900616
2988.756348 0.000000 756.537720 0.000000 0.541502 0.000000 -0.840699 0.656840 0.656840 0.656840
2990.928467 0.000000 763.600586 0.000000 0.999783 0.000000 -0.020809 0.600093 0.600093 0.600093
2975.389404 0.000000 748.075806 0.000000 0.021808 0.000000 -0.999762 1.191670 1.191670 1.191670
2975.630859 0.000000 752.718506 0.000000 0.944898 0.000000 -0.327365 0.727393 0.727393 0.727393
2987.107422 0.000000 760.841980 0.000000 0.943623 0.000000 -0.331023 0.728872 0.728872 0.728872
2979.676025 0.000000 745.801025 0.000000 0.941172 0.000000 -0.337928 0.731671 0.731671 0.731671
2989.525391 0.000000 767.117737 0.000000 0.978877 0.000000 -0.204451 0.612646 0.612646 0.612646
2986.637695 0.000000 742.797363 0.000000 0.152730 0.000000 -0.988268 0.810203 0.810203 0.810203
2975.324951 0.000000 766.169006 0.000000 0.272788 0.000000 -0.962074 0.745431 0.745431 0.745431
2981.203857 0.000000 743.351685 0.000000 0.960333 0.000000 -0.278855 0.649528 0.649528 0.649528
2988.124023 0.000000 763.529663 0.000000 0.865568 0.000000 -0.500792 0.734352 0.734352 0.734352
2987.014648 0.000000 738.289856 0.000000 0.789582 0.000000 -0.613646 0.842461 0.842461 0.842461
2978.064453 0.000000 767.599854 0.000000 0.646221 0.000000 -0.763151 0.847088 0.847088 0.847088
2977.954102 0.000000 747.799805 0.000000 0.475078 0.000000 -0.879944 1.010904 1.010904 1.010904
2976.655029 0.000000 750.407227 0.000000 0.509328 0.000000 -0.860572 0.995873 0.995873 0.995873
2979.356689 0.000000 752.727356 0.000000 0.481278 0.000000 -0.876568 1.008207 1.008207 1.008207
2981.326416 0.000000 738.441467 0.000000 0.998785 0.000000 0.049281 0.591286 0.591286 0.591286
2981.575928 0.000000 750.453003 0.000000 0.945894 0.000000 -0.324474 0.698505 0.698505 0.698505
2985.159180 0.000000 759.803345 0.000000 0.557551 0.000000 -0.830143 0.689488 0.689488 0.689488
2989.605713 0.000000 761.838867 0.000000 0.098087 0.000000 -0.995178 0.974982 0.974982 0.974982
2987.871826 0.000000 765.673767 0.000000 0.998714 0.000000 0.050707 0.590729 0.590729 0.590729
2985.046387 0.000000 752.699219 0.000000 0.929238 0.000000 -0.369481 0.667460 0.667460 0.667460
2986.157471 0.000000 762.806885 0.000000 0.316849 0.000000 -0.948476 1.003920 1.003920 1.003920
2986.776367 0.000000 755.904724 0.000000 0.314801 0.000000 -0.949158 0.673056 0.673056 0.673056
2986.513672 0.000000 766.986816 0.000000 0.751512 0.000000 -0.659719 0.875190 0.875190 0.875190
2984.648438 0.000000 756.814270 0.000000 0.965435 0.000000 -0.260642 0.625279 0.625279 0.625279
2977.481934 0.000000 752.144348 0.000000 0.343356 0.000000 -0.939205 1.066123 1.066123 1.066123
2978.019775 0.000000 744.798340 0.000000 0.762044 0.000000 -0.647525 0.869035 0.869035 0.869035
2981.164551 0.000000 752.219482 0.000000 0.999009 0.000000 0.044498 0.591399 0.591399 0.591399
2985.456055 0.000000 737.453796 0.000000 0.251169 0.000000 -0.967943 0.671015 0.671015 0.671015
2979.726074 0.000000 764.956787 0.000000 0.903343 0.000000 -0.428919 0.765343 0.765343 0.765343
2975.288330 0.000000 738.980164 0.000000 0.408567 0.000000 -0.912728 1.039235 1.039235 1.039235
2978.219238 0.000000 739.585815 0.000000 0.201465 0.000000 -0.979496 1.122516 1.122516 1.122516
2976.946289 0.000000 742.169006 0.000000 0.999548 0.000000 0.030061 0.588516 0.588516 0.588516
2986.381104 0.000000 753.769592 0.000000 0.987079 0.000000 -0.160235 0.631097 0.631097 0.631097
2991.374756 0.000000 767.505676 0.000000 0.915096 0.000000 -0.403236 0.737399 0.737399 0.737399
2976.756104 0.000000 748.845398 0.000000 0.589893 0.000000 -0.807482 0.959004 0.959004 0.959004
2978.899902 0.000000 766.281494 0.000000 0.786064 0.000000 -0.618145 0.789656 0.789656 0.789656
2975.311523 0.000000 751.173706 0.000000 0.103000 0.000000 -0.994681 1.160587 1.160587 1.160587
2979.274414 0.000000 748.697266 0.000000 0.835054 0.000000 -0.550167 0.822523 0.822523 0.822523
2981.517822 0.000000 740.071777 0.000000 0.206491 0.000000 -0.978448 1.020527 1.020527 1.020527
2976.458008 0.000000 754.031006 0.000000 0.790370 0.000000 -0.612630 0.851866 0.851866 0.851866
2980.017090 0.000000 742.281433 0.000000 0.865229 0.000000 -0.501376 0.692043 0.692043 0.692043
2975.404297 0.000000 749.582397 0.000000 0.215443 0.000000 -0.976516 1.117056 1.117056 1.117056
2976.643555 0.000000 755.653503 0.000000 0.935821 0.000000 -0.352475 0.737592 0.737592 0.737592
2987.729492 0.000000 752.543823 0.000000 0.910297 0.000000 -0.413955 0.682471 0.682471 0.682471
2984.650879 0.000000 738.681396 0.000000 0.047007 0.000000 -0.998895 0.819120 0.819120 0.819120
2984.841309 0.000000 747.894836 0.000000 0.156464 0.000000 -0.987684 0.735527 0.735527 0.735527
2986.971436 0.000000 759.311035 0.000000 0.583563 0.000000 -0.812068 0.825711 0.825711 0.825711
2976.233643 0.000000 762.468079 0.000000 0.392601 0.000000 -0.919709 0.850048 0.850048 0.850048
2987.399658 0.000000 748.300659 0.000000 0.998237 0.000000 -0.059346 0.614588 0.614588 0.614588
2983.195801 0.000000 750.379211 0.000000 0.408982 0.000000 -0.912542 0.717083 0.717083 0.717083
2986.787354 0.000000 764.127197 0.000000 0.641026 0.000000 -0.767519 0.759897 0.759897 0.759897
2978.239746 0.000000 746.231567 0.000000 0.433201 0.000000 -0.901297 1.028861 1.028861 1.028861
2988.173340 0.000000 762.066223 0.000000 0.884308 0.000000 -0.466904 0.724432 0.724432 0.724432
2989.630615 0.000000 748.832458 0.000000 0.999953 0.000000 -0.009719 0.600713 0.600713 0.600713
2979.517578 0.000000 747.270691 0.000000 0.488362 0.000000 -0.872641 1.005113 1.005113 1.005113
2986.406982 0.000000 739.575806 0.000000 0.993089 0.000000 -0.117361 0.643170 0.643170 0.643170
2981.260986 0.000000 741.623047 0.000000 0.760184 0.000000 -0.649708 0.818223 0.818223 0.818223
2989.546387 0.000000 763.338379 0.000000 0.352174 0.000000 -0.935935 0.910168 0.910168 0.910168
2980.782471 0.000000 746.677429 0.000000 0.545631 0.000000 -0.838025 0.792007 0.792007 0.792007
2977.952881 0.000000 758.019531 0.000000 0.998231 0.000000 0.059456 0.577276 0.577276 0.577276
2989.127197 0.000000 746.383057 0.000000 0.644845 0.000000 -0.764313 0.915365 0.915365 0.915365
2980.476074 0.000000 749.492737 0.000000 0.995183 0.000000 -0.098039 0.631330 0.631330 0.631330
2987.953369 0.000000 739.329651 0.000000 0.312611 0.000000 -0.949881 1.059789 1.059789 1.059789
2988.726562 0.000000 747.809509 0.000000 0.998341 0.000000 0.057580 0.579116 0.579116 0.579116
2976.621094 0.000000 747.351379 0.000000 0.898133 0.000000 -0.439725 0.773909 0.773909 0.773909
2984.991943 0.000000 758.334656 0.000000 0.783440 0.000000 -0.621467 0.661277 0.661277 0.661277
2976.642334 0.000000 760.416748 0.000000 0.438692 0.000000 -0.898637 1.026530 1.026530 1.026530
2984.724609 0.000000 749.216919 0.000000 0.898470 0.000000 -0.439036 0.646298 0.646298 0.646298
2978.608154 0.000000 751.464783 0.000000 0.456049 0.000000 -0.889955 1.019117 1.019117 1.019117
2976.689941 0.000000 765.030396 0.000000 0.299415 0.000000 -0.954123 1.083850 1.083850 1.083850
2975.722656 0.000000 744.789612 0.000000 0.359091 0.000000 -0.933303 1.059704 1.059704 1.059704
2984.282227 0.000000 751.719910 0.000000 0.896589 0.000000 -0.442863 0.762187 0.762187 0.762187
2989.184082 0.000000 744.493591 0.000000 0.532227 0.000000 -0.846602 0.681662 0.681662 0.681662
2977.523926 0.000000 737.521301 0.000000 0.749050 0.000000 -0.662514 0.876613 0.876613 0.876613
2989.057861 0.000000 765.991577 0.000000 0.758854 0.000000 -0.651260 0.759360 0.759360 0.759360
2975.285889 0.000000 740.602966 0.000000 0.999606 0.000000 -0.028057 0.610718 0.610718 0.610718
2982.052734 0.000000 751.505676 0.000000 0.917516 0.000000 -0.397699 0.641661 0.641661 0.641661
2985.791260 0.000000 738.538086 0.000000 0.698704 0.000000 -0.715411 0.714640 0.714640 0.714640
2979.585449 0.000000 767.175903 0.000000 0.785696 0.000000 -0.618613 0.789826 0.789826 0.789826
2985.923584 0.000000 759.000183 0.000000 0.012866 0.000000 -0.999917 0.742354 0.742354 0.742354
2976.293701 0.000000 736.509338 0.000000 0.028002 0.000000 -0.999608 1.189303 1.189303 1.189303
2975.336670 0.000000 753.777466 0.000000 0.710664 0.000000 -0.703532 0.898074 0.898074 0.898074
2977.591064 0.000000 750.961365 0.000000 0.998851 0.000000 -0.047915 0.618309 0.618309 0.618309
2977.528564 0.000000 740.405823 0.000000 0.667254 0.000000 -0.744830 0.920963 0.920963 0.920963
2978.317627 0.000000 736.780151 0.000000 0.850616 0.000000 -0.525788 0.811475 0.811475 0.811475
2981.844482 0.000000 742.496521 0.000000 0.870411 0.000000 -0.492326 0.690216 0.690216 0.690216
2978.543213 0.000000 759.873840 0.000000 0.999735 0.000000 0.023039 0.591199 0.591199 0.591199
2975.305908 0.000000 762.979919 0.000000 0.992067 0.000000 -0.125712 0.640971 0.640971 0.640971
2976.252686 0.000000 741.388428 0.000000 0.289705 0.000000 -0.957116 1.087731 1.087731 1.087731
2984.720459 0.000000 753.690186 0.000000 0.466889 0.000000 -0.884316 0.793410 0.793410 0.793410
2977.956299 0.000000 742.185364 0.000000 0.918039 0.000000 -0.396490 0.755726 0.755726 0.755726
2986.290283 0.000000 740.623535 0.000000 0.785941 0.000000 -0.618301 0.793707 0.793707 0.793707
2978.429443 0.000000 755.526794 0.000000 0.884781 0.000000 -0.466007 0.785169 0.785169 0.785169
2984.851318 0.000000 741.309631 0.000000 0.960477 0.000000 -0.278361 0.643945 0.643945 0.643945
2980.553711 0.000000 750.522278 0.000000 0.994994 0.000000 -0.099933 0.629839 0.629839 0.629839
2977.912842 0.000000 738.636597 0.000000 0.925748 0.000000 -0.378140 0.681323 0.681323 0.681323
2976.217041 0.000000 739.347351 0.000000 0.501342 0.000000 -0.865249 0.819283 0.819283 0.819283
2978.831787 0.000000 744.176147 0.000000 0.716393 0.000000 -0.697697 0.894950 0.894950 0.894950
2989.641357 0.000000 759.899292 0.000000 0.997915 0.000000 -0.064548 0.611611 0.611611 0.611611
2976.366211 0.000000 759.215393 0.000000 0.408641 0.000000 -0.912695 1.039204 1.039204 1.039204
2979.472900 0.000000 763.915283 0.000000 0.254125 0.000000 -0.967171 1.076270 1.076270 1.076270
2984.255859 0.000000 739.595398 0.000000 0.811460 0.000000 -0.584408 0.689754 0.689754 0.689754
2977.924072 0.000000 765.893005 0.000000 0.288044 0.000000 -0.957617 1.088394 1.088394 1.088394
2987.459717 0.000000 756.537659 0.000000 0.011524 0.000000 -0.999934 1.039108 1.039108 1.039108
2977.490479 0.000000 745.627380 0.000000 0.069461 0.000000 -0.997585 1.173446 1.173446 1.173446
2987.227783 0.000000 753.352600 0.000000 0.999566 0.000000 0.029467 0.594305 0.594305 0.594305
2990.523682 0.000000 767.077820 0.000000 0.403344 0.000000 -0.915048 0.982562 0.982562 0.982562
2978.950439 0.000000 738.988586 0.000000 0.036898 0.000000 -0.999319 1.185903 1.185903 1.185903
2988.762451 0.000000 762.824463 0.000000 0.838799 0.000000 -0.544441 0.747469 0.747469 0.747469
2985.850342 0.000000 766.141052 0.000000 0.879349 0.000000 -0.476178 0.669882 0.669882 0.669882
2978.563477 0.000000 747.103699 0.000000 0.998848 0.000000 0.047988 0.581663 0.581663 0.581663
2977.231445 0.000000 741.296692 0.000000 0.979213 0.000000 -0.202833 0.678018 0.678018 0.678018
2985.193359 0.000000 767.451111 0.000000 1.000000 0.000000 0.000803 0.599887 0.599887 0.599887
2981.167480 0.000000 751.269836 0.000000 0.849220 0.000000 -0.528039 0.765823 0.765823 0.765823
2977.175049 0.000000 767.340027 0.000000 0.090149 0.000000 -0.995928 0.999190 0.999190 0.999190
2989.515869 0.000000 760.920471 0.000000 0.341036 0.000000 -0.940050 0.911378 0.911378 0.911378
2985.358643 0.000000 742.302673 0.000000 0.997002 0.000000 -0.077378 0.612414 0.612414 0.612414
2978.444092 0.000000 757.267578 0.000000 0.338184 0.000000 -0.941080 1.068225 1.068225 1.068225
2979.756348 0.000000 765.855957 0.000000 0.967522 0.000000 -0.252788 0.695320 0.695320 0.695320
2978.875488 0.000000 764.592957 0.000000 0.982323 0.000000 -0.187195 0.670235 0.670235 0.670235
2979.987061 0.000000 748.037659 0.000000 0.226817 0.000000 -0.973937 1.112602 1.112602 1.112602
2987.377930 0.000000 766.578430 0.000000 0.728476 0.000000 -0.685072 0.888275 0.888275 0.888275
2978.835205 0.000000 749.497314 0.000000 0.309112 0.000000 -0.951025 1.079962 1.079962 1.079962
2977.506104 0.000000 755.505249 0.000000 0.936875 0.000000 -0.349665 0.736445 0.736445 0.736445
2987.501221 0.000000 749.174255 0.000000 0.947113 0.000000 -0.320899 0.680252 0.680252 0.680252
2985.292725 0.000000 739.274841 0.000000 0.522966 0.000000 -0.852354 0.746745 0.746745 0.746745
2985.570068 0.000000 753.426697 0.000000 0.868995 0.000000 -0.494821 0.692269 0.692269 0.692269
2977.047852 0.000000 756.416138 0.000000 0.457547 0.000000 -0.889185 1.018474 1.018474 1.018474
2978.909424 0.000000 747.921265 0.000000 0.943606 0.000000 -0.331070 0.728892 0.728892 0.728892
2986.460449 0.000000 744.879944 0.000000 0.686033 0.000000 -0.727571 0.872166 0.872166 0.872166
2986.966797 0.000000 746.529724 0.000000 0.263288 0.000000 -0.964717 0.951693 0.951693 0.951693
2977.342773 0.000000 753.945557 0.000000 0.727934 0.000000 -0.685647 0.888577 0.888577 0.888577
2981.721924 0.000000 746.795166 0.000000 0.999996 0.000000 0.002756 0.599467 0.599467 0.599467
2978.338867 0.000000 761.616638 0.000000 0.269086 0.000000 -0.963116 1.023975 1.023975 1.023975
2986.496826 0.000000 748.036499 0.000000 0.231091 0.000000 -0.972932 0.928595 0.928595 0.928595
2977.150146 0.000000 748.084595 0.000000 0.983940 0.000000 -0.178502 0.668550 0.668550 0.668550
2979.047119 0.000000 765.437561 0.000000 0.643529 0.000000 -0.765422 0.925129 0.925129 0.925129
2975.361328 0.000000 743.054504 0.000000 0.925556 0.000000 -0.378612 0.748318 0.748318 0.748318
2986.129639 0.000000 746.385254 0.000000 0.795228 0.000000 -0.606310 0.775639 0.775639 0.775639
2981.908936 0.000000 740.821045 0.000000 0.166254 0.000000 -0.986083 1.033165 1.033165 1.033165
2977.111572 0.000000 749.654846 0.000000 0.807592 0.000000 -0.589742 0.840925 0.840925 0.840925
2980.413086 0.000000 738.438599 0.000000 0.819793 0.000000 -0.572661 0.707776 0.707776 0.707776
2987.192627 0.000000 747.475403 0.000000 0.999816 0.000000 -0.019207 0.605179 0.605179 0.605179
2981.719727 0.000000 748.250244 0.000000 0.955659 0.000000 -0.294477 0.695369 0.695369 0.695369
2987.345215 0.000000 745.208252 0.000000 0.984049 0.000000 -0.177897 0.659743 0.659743 0.659743
2978.537598 0.000000 735.969177 0.000000 0.840795 0.000000 -0.541354 0.818506 0.818506 0.818506
2975.835205 0.000000 755.662903 0.000000 0.780174 0.000000 -0.625562 0.858157 0.858157 0.858157
2977.917725 0.000000 764.100647 0.000000 0.874751 0.000000 -0.484573 0.793230 0.793230 0.793230
2976.677490 0.000000 735.755493 0.000000 0.023009 0.000000 -0.999735 1.191211 1.191211 1.191211
2975.440186 0.000000 739.809937 0.000000 0.062074 0.000000 -0.998071 1.176274 1.176274 1.176274
2979.645996 0.000000 749.487488 0.000000 0.376653 0.000000 -0.926354 1.052490 1.052490 1.052490
2976.747803 0.000000 742.955811 0.000000 0.117718 0.000000 -0.993047 1.154930 1.154930 1.154930
2976.430176 0.000000 752.586182 0.000000 0.945973 0.000000 -0.324245 0.726132 0.726132 0.726132
2975.285889 0.000000 751.976074 0.000000 0.467737 0.000000 -0.883868 1.014084 1.014084 1.014084
2980.479736 0.000000 741.497498 0.000000 0.997662 0.000000 0.068340 0.578896 0.578896 0.578896
2975.319824 0.000000 736.475098 0.000000 0.971320 0.000000 -0.237776 0.691702 0.691702 0.691702
2978.087402 0.000000 743.866089 0.000000 0.127003 0.000000 -0.991902 1.151357 1.151357 1.151357
2987.015625 0.000000 752.107849 0.000000 0.425860 0.000000 -0.904789 0.818524 0.818524 0.818524
2981.280273 0.000000 753.020935 0.000000 0.457743 0.000000 -0.889084 0.811656 0.811656 0.811656
2978.867432 0.000000 754.866455 0.000000 0.294260 0.000000 -0.955725 1.085912 1.085912 1.085912
2987.948242 0.000000 747.740051 0.000000 0.810288 0.000000 -0.586032 0.768828 0.768828 0.768828
2978.930908 0.000000 753.386597 0.000000 0.640127 0.000000 -0.768269 0.934658 0.934658 0.934658
2976.443848 0.000000 763.320129 0.000000 0.917773 0.000000 -0.397106 0.687473 0.687473 0.687473
2987.745850 0.000000 750.022644 0.000000 0.602135 0.000000 -0.798394 0.918555 0.918555 0.918555
2978.412842 0.000000 754.040955 0.000000 0.706370 0.000000 -0.707843 0.900398 0.900398 0.900398
2976.155518 0.000000 756.372559 0.000000 0.236248 0.000000 -0.971693 1.108899 1.108899 1.108899
2976.220703 0.000000 746.678467 0.000000 0.978570 0.000000 -0.205912 0.679219 0.679219 0.679219
2986.061279 0.000000 767.800171 0.000000 0.947671 0.000000 -0.319249 0.724117 0.724117 0.724117
2985.093506 0.000000 772.134155 0.000000 0.996410 0.000000 -0.084660 0.605079 0.605079 0.605079
2978.669678 0.000000 769.966492 0.000000 0.684956 0.000000 -0.728585 0.789517 0.789517 0.789517
2987.418457 0.000000 772.584106 0.000000 0.958266 0.000000 -0.285877 0.644297 0.644297 0.644297
2988.002686 0.000000 768.454285 0.000000 0.637789 0.000000 -0.770211 0.804125 0.804125 0.804125
2979.317139 0.000000 768.292053 0.000000 0.919027 0.000000 -0.394194 0.694077 0.694077 0.694077
2978.219238 0.000000 771.570190 0.000000 0.954712 0.000000 -0.297532 0.649326 0.649326 0.649326
2975.541748 0.000000 767.698120 0.000000 0.286368 0.000000 -0.958120 0.743842 0.743842 0.743842
2979.885498 0.000000 771.072510 0.000000 0.281580 0.000000 -0.959538 0.809866 0.809866 0.809866
2985.817383 0.000000 773.505981 0.000000 0.789861 0.000000 -0.613286 0.639558 0.639558 0.639558
2986.406982 0.000000 771.560181 0.000000 0.999971 0.000000 0.007604 0.599055 0.599055 0.599055
2987.953369 0.000000 771.314026 0.000000 0.542352 0.000000 -0.840152 0.724025 0.724025 0.724025
2985.348145 0.000000 775.258301 0.000000 0.872453 0.000000 -0.488699 0.772089 0.772089 0.772089
2987.148926 0.000000 767.694946 0.000000 0.446351 0.000000 -0.894858 1.023268 1.023268 1.023268
2987.750977 0.000000 769.513611 0.000000 0.445182 0.000000 -0.895440 0.819362 0.819362 0.819362
2989.070557 0.000000 768.898560 0.000000 0.338577 0.000000 -0.940939 0.884510 0.884510 0.884510
2978.950439 0.000000 770.972961 0.000000 0.415776 0.000000 -0.909467 0.786459 0.786459 0.786459
2989.927002 0.000000 769.390869 0.000000 0.792121 0.000000 -0.610364 0.752430 0.752430 0.752430
2979.142822 0.000000 769.169189 0.000000 0.433391 0.000000 -0.901206 0.860631 0.860631 0.860631
2986.663818 0.000000 773.789307 0.000000 0.994844 0.000000 -0.101420 0.615523 0.615523 0.615523
"}
