object={
	name="charo_hidden_grave_flowers_01_generator_1_0"
	render_pass=Map
	clamp_to_water_level=no
	generated_content=yes
	layer="grass_layer"
	pdxmesh="charo_hidden_grave_flowers_06_grass_mesh"
	count=651
	transform="2714.776855 0.000000 759.953979 0.000000 0.059156 0.000000 0.998249 0.208268 0.208268 0.208268
2716.511475 0.000000 758.235474 0.000000 0.131216 0.000000 0.991354 0.067021 0.067021 0.067021
2717.629883 0.000000 761.805603 0.000000 0.386260 0.000000 0.922390 0.337995 0.337995 0.337995
2717.651611 0.000000 760.692200 0.000000 0.667371 0.000000 0.744726 0.469448 0.469448 0.469448
2715.402100 0.000000 759.393738 0.000000 0.006050 0.000000 0.999982 0.187466 0.187466 0.187466
2747.653320 0.000000 761.811096 0.000000 0.393871 0.000000 0.919166 0.527543 0.527543 0.527543
2749.561768 0.000000 757.539551 0.000000 0.093902 0.000000 0.995581 0.047894 0.047894 0.047894
2745.670410 0.000000 758.794250 0.000000 0.700898 0.000000 0.713262 0.395547 0.395547 0.395547
2744.921631 0.000000 762.916565 0.000000 0.305656 0.000000 0.952142 0.482876 0.482876 0.482876
2736.460938 0.000000 766.207764 0.000000 0.328100 0.000000 0.944643 0.194949 0.194949 0.194949
2736.550049 0.000000 761.631470 0.000000 0.687192 0.000000 0.726476 0.605106 0.605106 0.605106
2740.181152 0.000000 763.413818 0.000000 0.321860 0.000000 0.946787 0.293514 0.293514 0.293514
2739.955811 0.000000 765.097656 0.000000 0.520907 0.000000 0.853614 0.279050 0.279050 0.279050
2727.064453 0.000000 762.693176 0.000000 0.624894 0.000000 0.780709 0.343773 0.343773 0.343773
2745.517334 0.000000 764.541382 0.000000 0.477071 0.000000 0.878865 0.253282 0.253282 0.253282
2742.027832 0.000000 758.831543 0.000000 0.275150 0.000000 0.961401 0.141964 0.141964 0.141964
2729.071289 0.000000 766.555969 0.000000 0.251798 0.000000 0.967780 0.129635 0.129635 0.129635
2735.854980 0.000000 764.854431 0.000000 0.544088 0.000000 0.839028 0.605152 0.605152 0.605152
2743.214111 0.000000 765.148132 0.000000 0.285107 0.000000 0.958496 0.229161 0.229161 0.229161
2724.916748 0.000000 759.961914 0.000000 0.512240 0.000000 0.858842 0.273895 0.273895 0.273895
2722.594482 0.000000 763.559509 0.000000 0.327156 0.000000 0.944970 0.234006 0.234006 0.234006
2744.768066 0.000000 759.758789 0.000000 0.677532 0.000000 0.735493 0.379121 0.379121 0.379121
2746.075439 0.000000 757.569885 0.000000 0.212287 0.000000 0.977207 0.550679 0.550679 0.550679
2749.119873 0.000000 767.394409 0.000000 0.468485 0.000000 0.883471 0.248320 0.248320 0.248320
2747.822754 0.000000 760.627075 0.000000 0.657670 0.000000 0.753307 0.600656 0.600656 0.600656
2740.322998 0.000000 767.477478 0.000000 0.684146 0.000000 0.729345 0.383720 0.383720 0.383720
2724.148926 0.000000 758.296936 0.000000 0.683618 0.000000 0.729840 0.383351 0.383351 0.383351
2746.684814 0.000000 761.163757 0.000000 0.589063 0.000000 0.808087 0.580134 0.580134 0.580134
2729.986084 0.000000 759.000183 0.000000 0.665017 0.000000 0.746829 0.370521 0.370521 0.370521
2739.090088 0.000000 763.557129 0.000000 0.175741 0.000000 0.984436 0.089971 0.089971 0.089971
2739.820068 0.000000 762.310303 0.000000 0.603398 0.000000 0.797440 0.329899 0.329899 0.329899
2748.698975 0.000000 762.349487 0.000000 0.227392 0.000000 0.973803 0.116832 0.116832 0.116832
2730.278564 0.000000 760.161743 0.000000 0.402829 0.000000 0.915275 0.439766 0.439766 0.439766
2745.218262 0.000000 766.647339 0.000000 0.611145 0.000000 0.791518 0.334865 0.334865 0.334865
2731.893555 0.000000 759.890381 0.000000 0.191118 0.000000 0.981567 0.590758 0.590758 0.590758
2731.371826 0.000000 758.400269 0.000000 0.260465 0.000000 0.965483 0.601566 0.601566 0.601566
2747.735840 0.000000 756.591309 0.000000 0.406101 0.000000 0.913828 0.588212 0.588212 0.588212
2748.417969 0.000000 757.273010 0.000000 0.083213 0.000000 0.996532 0.042429 0.042429 0.042429
2726.154785 0.000000 762.885742 0.000000 0.287801 0.000000 0.957690 0.148679 0.148679 0.148679
2725.706787 0.000000 764.750305 0.000000 0.652860 0.000000 0.757478 0.432667 0.432667 0.432667
2729.912842 0.000000 766.141052 0.000000 0.125385 0.000000 0.992108 0.064027 0.064027 0.064027
2726.252686 0.000000 761.394592 0.000000 0.425500 0.000000 0.904958 0.223843 0.223843 0.223843
2749.657959 0.000000 765.056335 0.000000 0.613453 0.000000 0.789731 0.336352 0.336352 0.336352
2726.632080 0.000000 766.415405 0.000000 0.364627 0.000000 0.931154 0.190086 0.190086 0.190086
2745.377441 0.000000 765.591797 0.000000 0.491744 0.000000 0.870740 0.261825 0.261825 0.261825
2723.818848 0.000000 765.855957 0.000000 0.499354 0.000000 0.866398 0.419075 0.419075 0.419075
2724.704590 0.000000 759.085144 0.000000 0.127491 0.000000 0.991840 0.065108 0.065108 0.065108
2738.632080 0.000000 760.816711 0.000000 0.438666 0.000000 0.898650 0.231278 0.231278 0.231278
2742.494629 0.000000 762.791077 0.000000 0.720995 0.000000 0.692940 0.648629 0.648629 0.648629
2746.759033 0.000000 762.169128 0.000000 0.526745 0.000000 0.850024 0.282540 0.282540 0.282540
2746.322266 0.000000 764.171753 0.000000 0.502688 0.000000 0.864468 0.268249 0.268249 0.268249
2735.732666 0.000000 765.703186 0.000000 0.381003 0.000000 0.924574 0.569056 0.569056 0.569056
2724.476074 0.000000 760.693726 0.000000 0.534122 0.000000 0.845407 0.286973 0.286973 0.286973
2725.046875 0.000000 767.174133 0.000000 0.415139 0.000000 0.909758 0.218027 0.218027 0.218027
2744.913818 0.000000 758.384705 0.000000 0.545722 0.000000 0.837966 0.293992 0.293992 0.293992
2747.434814 0.000000 762.662964 0.000000 0.197464 0.000000 0.980310 0.101233 0.101233 0.101233
2736.181152 0.000000 767.153809 0.000000 0.263702 0.000000 0.964604 0.161953 0.161953 0.161953
2729.487305 0.000000 760.598450 0.000000 0.608512 0.000000 0.793545 0.333173 0.333173 0.333173
2736.480225 0.000000 765.382019 0.000000 0.403163 0.000000 0.915128 0.211343 0.211343 0.211343
2738.073486 0.000000 762.178711 0.000000 0.277335 0.000000 0.960773 0.143122 0.143122 0.143122
2749.108643 0.000000 764.192505 0.000000 0.612123 0.000000 0.790763 0.335495 0.335495 0.335495
2720.254150 0.000000 761.666260 0.000000 0.230829 0.000000 0.972994 0.118630 0.118630 0.118630
2728.295898 0.000000 766.350525 0.000000 0.344799 0.000000 0.938677 0.179285 0.179285 0.179285
2742.358398 0.000000 766.685059 0.000000 0.619091 0.000000 0.785319 0.453646 0.453646 0.453646
2741.566162 0.000000 764.022583 0.000000 0.382905 0.000000 0.923788 0.360089 0.360089 0.360089
2771.487793 0.000000 766.601501 0.000000 0.052066 0.000000 0.998644 0.026529 0.026529 0.026529
2751.379639 0.000000 766.169006 0.000000 0.235327 0.000000 0.971916 0.610941 0.610941 0.610941
2764.178711 0.000000 763.529663 0.000000 0.399579 0.000000 0.916699 0.209350 0.209350 0.209350
2755.958252 0.000000 763.047058 0.000000 0.670617 0.000000 0.741804 0.374353 0.374353 0.374353
2776.276855 0.000000 751.978760 0.000000 0.262846 0.000000 0.964838 0.135458 0.135458 0.135458
2757.356934 0.000000 758.461609 0.000000 0.683583 0.000000 0.729873 0.383327 0.383327 0.383327
2780.376709 0.000000 744.534973 0.000000 0.455607 0.000000 0.890181 0.679415 0.679415 0.679415
2771.947998 0.000000 765.097656 0.000000 0.113619 0.000000 0.993524 0.482827 0.482827 0.482827
2759.056641 0.000000 762.693176 0.000000 0.245300 0.000000 0.969447 0.126218 0.126218 0.126218
2761.063477 0.000000 766.555969 0.000000 0.018863 0.000000 0.999822 0.471445 0.471445 0.471445
2752.698242 0.000000 755.653503 0.000000 0.374276 0.000000 0.927317 0.603200 0.603200 0.603200
2767.847168 0.000000 764.854431 0.000000 0.479116 0.000000 0.877751 0.254468 0.254468 0.254468
2778.761230 0.000000 759.953979 0.000000 0.310192 0.000000 0.950674 0.549266 0.549266 0.549266
2752.288330 0.000000 762.468079 0.000000 0.033660 0.000000 0.999433 0.572819 0.572819 0.572819
2778.211182 0.000000 755.147583 0.000000 0.559641 0.000000 0.828735 0.302497 0.302497 0.302497
2760.905029 0.000000 763.204834 0.000000 0.630803 0.000000 0.775943 0.347639 0.347639 0.347639
2779.081055 0.000000 751.744751 0.000000 0.639008 0.000000 0.769200 0.710610 0.710610 0.710610
2776.765625 0.000000 755.296509 0.000000 0.356198 0.000000 0.934410 0.575882 0.575882 0.575882
2758.569580 0.000000 759.204590 0.000000 0.653703 0.000000 0.756751 0.362857 0.362857 0.362857
2751.404541 0.000000 756.382446 0.000000 0.549555 0.000000 0.835457 0.296324 0.296324 0.296324
2756.141113 0.000000 758.296936 0.000000 0.568392 0.000000 0.822758 0.307895 0.307895 0.307895
2762.832520 0.000000 765.899902 0.000000 0.545783 0.000000 0.837927 0.294028 0.294028 0.294028
2776.411377 0.000000 746.059021 0.000000 0.437890 0.000000 0.899029 0.556711 0.556711 0.556711
2766.680176 0.000000 764.635620 0.000000 0.476602 0.000000 0.879119 0.253011 0.253011 0.253011
2759.118408 0.000000 763.781616 0.000000 0.189689 0.000000 0.981844 0.097197 0.097197 0.097197
2756.866455 0.000000 757.421509 0.000000 0.331482 0.000000 0.943462 0.172078 0.172078 0.172078
2776.183350 0.000000 754.447815 0.000000 0.689652 0.000000 0.724141 0.649587 0.649587 0.649587
2781.740967 0.000000 756.463501 0.000000 0.017390 0.000000 0.999849 0.008857 0.008857 0.008857
2756.071777 0.000000 756.540405 0.000000 0.534123 0.000000 0.845406 0.286973 0.286973 0.286973
2754.484131 0.000000 755.526794 0.000000 0.669573 0.000000 0.742747 0.520774 0.520774 0.520774
2755.527588 0.000000 763.915283 0.000000 0.640723 0.000000 0.767772 0.354184 0.354184 0.354184
2779.512451 0.000000 746.732605 0.000000 0.235124 0.000000 0.971965 0.408507 0.408507 0.408507
2780.410156 0.000000 757.273010 0.000000 0.574204 0.000000 0.818712 0.311501 0.311501 0.311501
2777.686035 0.000000 751.605896 0.000000 0.452704 0.000000 0.891661 0.239265 0.239265 0.239265
2764.090332 0.000000 761.102417 0.000000 0.102773 0.000000 0.994705 0.052434 0.052434 0.052434
2766.578369 0.000000 767.077820 0.000000 0.608473 0.000000 0.793575 0.532704 0.532704 0.532704
2781.024170 0.000000 759.137451 0.000000 0.146028 0.000000 0.989280 0.074638 0.074638 0.074638
2761.905029 0.000000 766.141052 0.000000 0.357718 0.000000 0.933830 0.544898 0.544898 0.544898
2758.444336 0.000000 758.204651 0.000000 0.731167 0.000000 0.682198 0.417638 0.417638 0.417638
2765.570557 0.000000 760.920471 0.000000 0.650914 0.000000 0.759151 0.360983 0.360983 0.360983
2757.663818 0.000000 759.317261 0.000000 0.217974 0.000000 0.975955 0.111912 0.111912 0.111912
2772.474121 0.000000 766.569275 0.000000 0.538525 0.000000 0.842609 0.497781 0.497781 0.497781
2769.373535 0.000000 764.189819 0.000000 0.482664 0.000000 0.875805 0.256529 0.256529 0.256529
2759.984619 0.000000 756.274048 0.000000 0.305733 0.000000 0.952117 0.440112 0.440112 0.440112
2765.304443 0.000000 764.167969 0.000000 0.029411 0.000000 0.999567 0.014981 0.014981 0.014981
2777.755371 0.000000 747.335083 0.000000 0.024944 0.000000 0.999689 0.463470 0.463470 0.463470
2753.102539 0.000000 756.416138 0.000000 0.472612 0.000000 0.881271 0.250702 0.250702 0.250702
2765.959473 0.000000 765.804016 0.000000 0.053869 0.000000 0.998548 0.027448 0.027448 0.027448
2764.909424 0.000000 761.456665 0.000000 0.115950 0.000000 0.993255 0.059186 0.059186 0.059186
2768.173340 0.000000 767.153809 0.000000 0.392012 0.000000 0.919960 0.205153 0.205153 0.205153
2754.877441 0.000000 760.953247 0.000000 0.660956 0.000000 0.750425 0.367758 0.367758 0.367758
2778.871338 0.000000 755.629700 0.000000 0.540043 0.000000 0.841637 0.290547 0.290547 0.290547
2761.479492 0.000000 760.598450 0.000000 0.659950 0.000000 0.751309 0.367076 0.367076 0.367076
2759.378906 0.000000 759.176086 0.000000 0.025196 0.000000 0.999683 0.012834 0.012834 0.012834
2776.983154 0.000000 750.147278 0.000000 0.220425 0.000000 0.975404 0.113191 0.113191 0.113191
2755.906738 0.000000 762.251160 0.000000 0.317681 0.000000 0.948198 0.164647 0.164647 0.164647
2759.601562 0.000000 762.082764 0.000000 0.219860 0.000000 0.975531 0.112896 0.112896 0.112896
2754.922119 0.000000 754.866455 0.000000 0.705205 0.000000 0.709004 0.537143 0.537143 0.537143
2761.235596 0.000000 765.743164 0.000000 0.199703 0.000000 0.979857 0.124282 0.124282 0.124282
2767.951172 0.000000 762.210815 0.000000 0.253215 0.000000 0.967410 0.130381 0.130381 0.130381
2763.607178 0.000000 764.031616 0.000000 0.482369 0.000000 0.875968 0.256358 0.256358 0.256358
2776.391113 0.000000 753.661377 0.000000 0.104524 0.000000 0.994522 0.234874 0.234874 0.234874
2796.170898 0.000000 763.529663 0.000000 0.509040 0.000000 0.860743 0.673694 0.673694 0.673694
2786.734619 0.000000 743.089233 0.000000 0.608064 0.000000 0.793888 0.688259 0.688259 0.688259
2804.165527 0.000000 763.413818 0.000000 0.061663 0.000000 0.998097 0.245420 0.245420 0.245420
2784.993164 0.000000 742.169006 0.000000 0.522501 0.000000 0.852639 0.545099 0.545099 0.545099
2814.745361 0.000000 742.332947 0.000000 0.360063 0.000000 0.932928 0.187592 0.187592 0.187592
2815.260986 0.000000 745.145203 0.000000 0.503792 0.000000 0.863825 0.516746 0.516746 0.516746
2799.100830 0.000000 762.086609 0.000000 0.676733 0.000000 0.736228 0.495908 0.495908 0.495908
2804.689209 0.000000 747.981995 0.000000 0.311879 0.000000 0.950122 0.416920 0.416920 0.416920
2802.050781 0.000000 762.980164 0.000000 0.687600 0.000000 0.726090 0.386137 0.386137 0.386137
2804.452393 0.000000 742.573120 0.000000 0.408040 0.000000 0.912964 0.430054 0.430054 0.430054
2785.452881 0.000000 743.444519 0.000000 0.322153 0.000000 0.946688 0.489731 0.489731 0.489731
2802.614014 0.000000 765.576538 0.000000 0.659615 0.000000 0.751603 0.718466 0.718466 0.718466
2792.630615 0.000000 760.785339 0.000000 0.666931 0.000000 0.745120 0.667351 0.667351 0.667351
2783.708252 0.000000 759.887878 0.000000 0.652965 0.000000 0.757388 0.437874 0.437874 0.437874
2802.874268 0.000000 752.857483 0.000000 0.002006 0.000000 0.999998 0.001022 0.001022 0.001022
2792.021729 0.000000 762.791504 0.000000 0.535738 0.000000 0.844384 0.631324 0.631324 0.631324
2808.875732 0.000000 741.680847 0.000000 0.689253 0.000000 0.724521 0.387298 0.387298 0.387298
2808.903809 0.000000 742.889587 0.000000 0.688252 0.000000 0.725471 0.386595 0.386595 0.386595
2804.930420 0.000000 744.112732 0.000000 0.462617 0.000000 0.886558 0.244943 0.244943 0.244943
2802.679199 0.000000 746.807617 0.000000 0.479231 0.000000 0.877689 0.254535 0.254535 0.254535
2807.596436 0.000000 742.971558 0.000000 0.667269 0.000000 0.744817 0.372059 0.372059 0.372059
2783.408203 0.000000 743.054504 0.000000 0.688415 0.000000 0.725317 0.433711 0.433711 0.433711
2810.401855 0.000000 742.658325 0.000000 0.229802 0.000000 0.973237 0.118093 0.118093 0.118093
2784.794678 0.000000 742.955811 0.000000 0.306610 0.000000 0.951835 0.485643 0.485643 0.485643
2803.892334 0.000000 749.797363 0.000000 0.715196 0.000000 0.698924 0.405860 0.405860 0.405860
2807.077637 0.000000 743.648926 0.000000 0.547326 0.000000 0.836920 0.294967 0.294967 0.294967
2804.673096 0.000000 745.740051 0.000000 0.712412 0.000000 0.701761 0.403836 0.403836 0.403836
2812.121582 0.000000 740.289612 0.000000 0.701960 0.000000 0.712216 0.396306 0.396306 0.396306
2804.675293 0.000000 743.318970 0.000000 0.263213 0.000000 0.964738 0.380549 0.380549 0.380549
2812.849365 0.000000 741.630188 0.000000 0.530437 0.000000 0.847725 0.284755 0.284755 0.284755
2814.376709 0.000000 741.642456 0.000000 0.215383 0.000000 0.976530 0.110560 0.110560 0.110560
2792.207520 0.000000 745.023499 0.000000 0.095770 0.000000 0.995404 0.146058 0.146058 0.146058
2904.882568 0.000000 698.947815 0.000000 0.457938 0.000000 0.888984 0.439109 0.439109 0.439109
2884.477539 0.000000 702.513367 0.000000 0.312421 0.000000 0.949944 0.414592 0.414592 0.414592
2899.916748 0.000000 701.128906 0.000000 0.123694 0.000000 0.992320 0.063159 0.063159 0.063159
2905.478271 0.000000 700.572632 0.000000 0.139077 0.000000 0.990282 0.071062 0.071062 0.071062
2903.175049 0.000000 701.179382 0.000000 0.262973 0.000000 0.964803 0.135525 0.135525 0.135525
2898.590576 0.000000 701.607788 0.000000 0.085041 0.000000 0.996377 0.043364 0.043364 0.043364
2906.226074 0.000000 701.473145 0.000000 0.301783 0.000000 0.953377 0.562652 0.562652 0.562652
2893.081299 0.000000 702.022827 0.000000 0.153590 0.000000 0.988135 0.078534 0.078534 0.078534
2900.867676 0.000000 698.493530 0.000000 0.199861 0.000000 0.979824 0.400635 0.400635 0.400635
2899.781006 0.000000 698.341553 0.000000 0.663294 0.000000 0.748359 0.578763 0.578763 0.578763
2896.971436 0.000000 703.118774 0.000000 0.225432 0.000000 0.974259 0.510224 0.510224 0.510224
2905.620361 0.000000 699.605652 0.000000 0.232075 0.000000 0.972698 0.359536 0.359536 0.359536
2889.990479 0.000000 699.733521 0.000000 0.520970 0.000000 0.853575 0.424126 0.424126 0.424126
2889.216797 0.000000 703.482361 0.000000 0.563406 0.000000 0.826181 0.304815 0.304815 0.304815
2899.719482 0.000000 700.257202 0.000000 0.070534 0.000000 0.997509 0.035952 0.035952 0.035952
2902.455566 0.000000 698.822327 0.000000 0.175808 0.000000 0.984424 0.120633 0.120633 0.120633
2893.273193 0.000000 700.199219 0.000000 0.325683 0.000000 0.945479 0.168951 0.168951 0.168951
2904.674805 0.000000 701.017944 0.000000 0.545020 0.000000 0.838423 0.293565 0.293565 0.293565
2895.693604 0.000000 701.734436 0.000000 0.721529 0.000000 0.692384 0.410497 0.410497 0.410497
2898.941162 0.000000 698.706482 0.000000 0.487253 0.000000 0.873261 0.522178 0.522178 0.522178
2899.048340 0.000000 700.818970 0.000000 0.339701 0.000000 0.940533 0.176522 0.176522 0.176522
2898.034424 0.000000 698.209961 0.000000 0.155356 0.000000 0.987859 0.429832 0.429832 0.429832
2888.256836 0.000000 702.381775 0.000000 0.440324 0.000000 0.897839 0.232218 0.232218 0.232218
2897.935059 0.000000 701.211792 0.000000 0.159369 0.000000 0.987219 0.081513 0.081513 0.081513
2895.005859 0.000000 701.376648 0.000000 0.624541 0.000000 0.780992 0.343542 0.343542 0.343542
2916.469727 0.000000 702.513367 0.000000 0.065381 0.000000 0.997860 0.063388 0.063388 0.063388
2919.476562 0.000000 702.733154 0.000000 0.245562 0.000000 0.969381 0.126356 0.126356 0.126356
2918.585205 0.000000 702.446655 0.000000 0.264641 0.000000 0.964347 0.136405 0.136405 0.136405
2875.129150 0.000000 732.524414 0.000000 0.476143 0.000000 0.879368 0.325712 0.325712 0.325712
2876.136719 0.000000 727.497559 0.000000 0.085870 0.000000 0.996306 0.716965 0.716965 0.716965
2872.729004 0.000000 735.636108 0.000000 0.442222 0.000000 0.896906 0.604431 0.604431 0.604431
2874.187744 0.000000 723.163208 0.000000 0.649560 0.000000 0.760310 0.577450 0.577450 0.577450
2874.629883 0.000000 724.438782 0.000000 0.396603 0.000000 0.917990 0.207698 0.207698 0.207698
2875.791504 0.000000 728.642700 0.000000 0.281101 0.000000 0.959678 0.145120 0.145120 0.145120
2874.233887 0.000000 733.457520 0.000000 0.184289 0.000000 0.982872 0.188478 0.188478 0.188478
2879.267334 0.000000 711.397400 0.000000 0.687590 0.000000 0.726099 0.386130 0.386130 0.386130
2875.178223 0.000000 735.107178 0.000000 0.559933 0.000000 0.828538 0.618623 0.618623 0.618623
2876.062500 0.000000 717.244995 0.000000 0.316991 0.000000 0.948429 0.164276 0.164276 0.164276
2872.356201 0.000000 724.138672 0.000000 0.327126 0.000000 0.944981 0.172200 0.172200 0.172200
2877.787109 0.000000 716.657593 0.000000 0.299316 0.000000 0.954154 0.154814 0.154814 0.154814
2875.403564 0.000000 730.678589 0.000000 0.253385 0.000000 0.967366 0.130470 0.130470 0.130470
2879.042725 0.000000 709.263855 0.000000 0.722156 0.000000 0.691730 0.410958 0.410958 0.410958
2873.404541 0.000000 722.868958 0.000000 0.258543 0.000000 0.966000 0.470516 0.470516 0.470516
2872.306152 0.000000 725.112305 0.000000 0.641561 0.000000 0.767072 0.356487 0.356487 0.356487
2874.908936 0.000000 731.708740 0.000000 0.534632 0.000000 0.845085 0.287280 0.287280 0.287280
2829.843506 0.000000 758.863525 0.000000 0.091605 0.000000 0.995795 0.616849 0.616849 0.616849
2823.506836 0.000000 757.032593 0.000000 0.140157 0.000000 0.990129 0.260140 0.260140 0.260140
2820.056152 0.000000 756.540405 0.000000 0.584684 0.000000 0.811261 0.525950 0.525950 0.525950
2839.078369 0.000000 754.442993 0.000000 0.258659 0.000000 0.965969 0.133249 0.133249 0.133249
2820.047852 0.000000 754.723694 0.000000 0.325619 0.000000 0.945501 0.312457 0.312457 0.312457
2833.161865 0.000000 759.208984 0.000000 0.554832 0.000000 0.831962 0.397676 0.397676 0.397676
2832.582031 0.000000 759.870972 0.000000 0.225353 0.000000 0.974277 0.249929 0.249929 0.249929
2864.429688 0.000000 766.207764 0.000000 0.095780 0.000000 0.995403 0.219704 0.219704 0.219704
2868.906982 0.000000 746.526672 0.000000 0.624635 0.000000 0.780917 0.343603 0.343603 0.343603
2864.851562 0.000000 748.441101 0.000000 0.279024 0.000000 0.960284 0.396120 0.396120 0.396120
2859.903076 0.000000 765.673767 0.000000 0.234511 0.000000 0.972113 0.120558 0.120558 0.120558
2865.308838 0.000000 754.205811 0.000000 0.471993 0.000000 0.881602 0.545650 0.545650 0.545650
2854.116699 0.000000 765.641357 0.000000 0.655141 0.000000 0.755507 0.500664 0.500664 0.500664
2864.308350 0.000000 750.219666 0.000000 0.210395 0.000000 0.977616 0.107960 0.107960 0.107960
2862.734619 0.000000 766.116211 0.000000 0.076088 0.000000 0.997101 0.626862 0.626862 0.626862
2864.654541 0.000000 757.709717 0.000000 0.631072 0.000000 0.775724 0.588981 0.588981 0.588981
2866.777344 0.000000 753.929077 0.000000 0.006129 0.000000 0.999981 0.456248 0.456248 0.456248
2862.487305 0.000000 751.227661 0.000000 0.532586 0.000000 0.846376 0.535969 0.535969 0.535969
2857.722412 0.000000 761.362915 0.000000 0.610267 0.000000 0.792196 0.684945 0.684945 0.684945
2868.436768 0.000000 742.573120 0.000000 0.665256 0.000000 0.746615 0.574399 0.574399 0.574399
2861.331299 0.000000 757.673950 0.000000 0.068047 0.000000 0.997682 0.586912 0.586912 0.586912
2870.088867 0.000000 739.393738 0.000000 0.560794 0.000000 0.827955 0.677263 0.677263 0.677263
2857.223389 0.000000 764.231201 0.000000 0.355802 0.000000 0.934561 0.194910 0.194910 0.194910
2865.096680 0.000000 749.493896 0.000000 0.397875 0.000000 0.917440 0.435762 0.435762 0.435762
2863.025391 0.000000 756.269226 0.000000 0.411704 0.000000 0.911317 0.216106 0.216106 0.216106
2865.861328 0.000000 753.262756 0.000000 0.614060 0.000000 0.789259 0.336744 0.336744 0.336744
2864.979248 0.000000 767.087524 0.000000 0.261209 0.000000 0.965282 0.285941 0.285941 0.285941
2855.094971 0.000000 763.781616 0.000000 0.383945 0.000000 0.923356 0.200695 0.200695 0.200695
2871.910156 0.000000 741.175659 0.000000 0.060155 0.000000 0.998189 0.552603 0.552603 0.552603
2854.123535 0.000000 762.885742 0.000000 0.286708 0.000000 0.958018 0.148098 0.148098 0.148098
2865.585449 0.000000 757.714783 0.000000 0.611763 0.000000 0.791041 0.583123 0.583123 0.583123
2867.699707 0.000000 753.739319 0.000000 0.377874 0.000000 0.925857 0.540034 0.540034 0.540034
2863.701416 0.000000 765.703186 0.000000 0.188249 0.000000 0.982121 0.201293 0.201293 0.201293
2869.149170 0.000000 748.738831 0.000000 0.034100 0.000000 0.999418 0.413289 0.413289 0.413289
2856.913330 0.000000 765.022095 0.000000 0.595310 0.000000 0.803496 0.332208 0.332208 0.332208
2868.914795 0.000000 744.112732 0.000000 0.589725 0.000000 0.807604 0.321222 0.321222 0.321222
2869.743408 0.000000 744.252625 0.000000 0.534929 0.000000 0.844897 0.287459 0.287459 0.287459
2865.053223 0.000000 753.006775 0.000000 0.664888 0.000000 0.746943 0.370433 0.370433 0.370433
2867.827148 0.000000 747.848877 0.000000 0.212868 0.000000 0.977081 0.358461 0.358461 0.358461
2868.657471 0.000000 745.740051 0.000000 0.733701 0.000000 0.679473 0.419534 0.419534 0.419534
2868.117676 0.000000 746.424011 0.000000 0.368543 0.000000 0.929611 0.192229 0.192229 0.192229
2868.659668 0.000000 743.318970 0.000000 0.577294 0.000000 0.816536 0.544310 0.544310 0.544310
2889.778564 0.000000 733.172180 0.000000 0.406361 0.000000 0.913713 0.588264 0.588264 0.588264
2906.821045 0.000000 704.032471 0.000000 0.416905 0.000000 0.908950 0.638236 0.638236 0.638236
2900.788086 0.000000 707.627014 0.000000 0.700848 0.000000 0.713311 0.557307 0.557307 0.557307
2909.126221 0.000000 706.844543 0.000000 0.456157 0.000000 0.889899 0.604982 0.604982 0.604982
2901.768555 0.000000 732.760010 0.000000 0.450644 0.000000 0.892704 0.696432 0.696432 0.696432
2898.009521 0.000000 706.526001 0.000000 0.642283 0.000000 0.766468 0.630809 0.630809 0.630809
2881.977539 0.000000 715.815430 0.000000 0.386768 0.000000 0.922177 0.706236 0.706236 0.706236
2886.667725 0.000000 709.235962 0.000000 0.708424 0.000000 0.705787 0.400949 0.400949 0.400949
2891.441895 0.000000 708.615356 0.000000 0.116663 0.000000 0.993172 0.059552 0.059552 0.059552
2902.057129 0.000000 706.117004 0.000000 0.130704 0.000000 0.991421 0.069633 0.069633 0.069633
2887.318848 0.000000 707.431702 0.000000 0.700688 0.000000 0.713468 0.442998 0.442998 0.442998
2879.359863 0.000000 709.897095 0.000000 0.548608 0.000000 0.836080 0.295747 0.295747 0.295747
2907.547852 0.000000 707.752319 0.000000 0.400408 0.000000 0.916337 0.519949 0.519949 0.519949
2887.602295 0.000000 715.162415 0.000000 0.505680 0.000000 0.862721 0.681532 0.681532 0.681532
2908.482910 0.000000 704.640381 0.000000 0.322403 0.000000 0.946603 0.447609 0.447609 0.447609
2908.053955 0.000000 734.815979 0.000000 0.062520 0.000000 0.998044 0.420449 0.420449 0.420449
2883.340576 0.000000 704.323303 0.000000 0.200629 0.000000 0.979667 0.411799 0.411799 0.411799
2903.823242 0.000000 706.529907 0.000000 0.652075 0.000000 0.758154 0.363481 0.363481 0.363481
2883.872314 0.000000 712.251953 0.000000 0.433708 0.000000 0.901054 0.228472 0.228472 0.228472
2886.501709 0.000000 704.438293 0.000000 0.219003 0.000000 0.975724 0.112449 0.112449 0.112449
2896.895264 0.000000 707.596924 0.000000 0.324793 0.000000 0.945785 0.636546 0.636546 0.636546
2910.335205 0.000000 705.630127 0.000000 0.648510 0.000000 0.761206 0.520072 0.520072 0.520072
2889.840820 0.000000 709.537231 0.000000 0.567522 0.000000 0.823358 0.307356 0.307356 0.307356
2903.175049 0.000000 733.163757 0.000000 0.705581 0.000000 0.708629 0.587654 0.587654 0.587654
2882.263184 0.000000 714.247192 0.000000 0.242251 0.000000 0.970214 0.535144 0.535144 0.535144
2885.284424 0.000000 709.638672 0.000000 0.448816 0.000000 0.893624 0.237046 0.237046 0.237046
2887.895508 0.000000 713.757935 0.000000 0.420726 0.000000 0.907188 0.221159 0.221159 0.221159
2901.768066 0.000000 708.604248 0.000000 0.273813 0.000000 0.961783 0.575252 0.575252 0.575252
2900.606201 0.000000 709.156250 0.000000 0.568319 0.000000 0.822808 0.632090 0.632090 0.632090
2900.983643 0.000000 733.864014 0.000000 0.554822 0.000000 0.831969 0.707759 0.707759 0.707759
2904.217773 0.000000 732.268799 0.000000 0.126708 0.000000 0.991940 0.064706 0.064706 0.064706
2891.602783 0.000000 709.884644 0.000000 0.365670 0.000000 0.930745 0.190656 0.190656 0.190656
2907.355225 0.000000 733.756165 0.000000 0.036664 0.000000 0.999328 0.018677 0.018677 0.018677
2902.227295 0.000000 733.927063 0.000000 0.308323 0.000000 0.951282 0.460980 0.460980 0.460980
2881.547363 0.000000 705.536926 0.000000 0.620959 0.000000 0.783843 0.607488 0.607488 0.607488
2899.833496 0.000000 708.268738 0.000000 0.477979 0.000000 0.878371 0.581524 0.581524 0.581524
2880.911621 0.000000 712.892639 0.000000 0.484083 0.000000 0.875022 0.257355 0.257355 0.257355
2889.814697 0.000000 706.553711 0.000000 0.568834 0.000000 0.822452 0.404606 0.404606 0.404606
2883.076660 0.000000 708.395081 0.000000 0.326233 0.000000 0.945289 0.169247 0.169247 0.169247
2905.897949 0.000000 706.217529 0.000000 0.512956 0.000000 0.858415 0.550559 0.550559 0.550559
2888.901367 0.000000 713.309814 0.000000 0.162181 0.000000 0.986761 0.082965 0.082965 0.082965
2886.907959 0.000000 713.283936 0.000000 0.695422 0.000000 0.718601 0.391652 0.391652 0.391652
2907.436035 0.000000 704.895508 0.000000 0.289799 0.000000 0.957088 0.618948 0.618948 0.618948
2887.485107 0.000000 709.961548 0.000000 0.593804 0.000000 0.804609 0.323800 0.323800 0.323800
2907.992432 0.000000 706.766479 0.000000 0.001108 0.000000 0.999999 0.420660 0.420660 0.420660
2909.449707 0.000000 705.066895 0.000000 0.529265 0.000000 0.848456 0.512688 0.512688 0.512688
2905.179199 0.000000 734.662964 0.000000 0.270307 0.000000 0.962774 0.139400 0.139400 0.139400
2893.939209 0.000000 709.906982 0.000000 0.500918 0.000000 0.865495 0.267207 0.267207 0.267207
2890.313721 0.000000 708.639160 0.000000 0.385094 0.000000 0.922877 0.201330 0.201330 0.201330
2884.240234 0.000000 711.296570 0.000000 0.248503 0.000000 0.968631 0.127902 0.127902 0.127902
2882.855225 0.000000 712.191772 0.000000 0.605792 0.000000 0.795623 0.331429 0.331429 0.331429
2888.789062 0.000000 712.094543 0.000000 0.502292 0.000000 0.864698 0.268015 0.268015 0.268015
2893.034668 0.000000 710.559509 0.000000 0.087850 0.000000 0.996134 0.044799 0.044799 0.044799
2881.244385 0.000000 707.489075 0.000000 0.434102 0.000000 0.900864 0.228695 0.228695 0.228695
2881.254883 0.000000 709.312317 0.000000 0.112881 0.000000 0.993609 0.057613 0.057613 0.057613
2892.466553 0.000000 711.877380 0.000000 0.169841 0.000000 0.985471 0.086921 0.086921 0.086921
2892.177246 0.000000 709.161438 0.000000 0.174574 0.000000 0.984644 0.089368 0.089368 0.089368
2905.161621 0.000000 707.944641 0.000000 0.365587 0.000000 0.930777 0.510839 0.510839 0.510839
2886.013672 0.000000 713.184021 0.000000 0.394196 0.000000 0.919026 0.206363 0.206363 0.206363
2896.692627 0.000000 708.435852 0.000000 0.668016 0.000000 0.744147 0.372570 0.372570 0.372570
2891.262939 0.000000 707.789551 0.000000 0.260861 0.000000 0.965376 0.429358 0.429358 0.429358
2891.410400 0.000000 711.390076 0.000000 0.225861 0.000000 0.974160 0.116031 0.116031 0.116031
2887.184814 0.000000 711.786560 0.000000 0.265683 0.000000 0.964060 0.136956 0.136956 0.136956
2879.384766 0.000000 711.070129 0.000000 0.583187 0.000000 0.812338 0.317111 0.317111 0.317111
2885.932373 0.000000 708.836670 0.000000 0.574661 0.000000 0.818392 0.311786 0.311786 0.311786
2879.343262 0.000000 712.023926 0.000000 0.730526 0.000000 0.682885 0.417160 0.417160 0.417160
2886.573975 0.000000 710.113159 0.000000 0.147459 0.000000 0.989068 0.075375 0.075375 0.075375
2887.072266 0.000000 703.895813 0.000000 0.713159 0.000000 0.701003 0.404378 0.404378 0.404378
2929.049805 0.000000 709.225891 0.000000 0.608719 0.000000 0.793386 0.606002 0.606002 0.606002
2929.432861 0.000000 711.927979 0.000000 0.090597 0.000000 0.995888 0.749747 0.749747 0.749747
2927.544922 0.000000 704.302673 0.000000 0.666734 0.000000 0.745296 0.371693 0.371693 0.371693
2922.422607 0.000000 707.591431 0.000000 0.481094 0.000000 0.876669 0.458426 0.458426 0.458426
2929.423096 0.000000 714.417358 0.000000 0.551959 0.000000 0.833872 0.516400 0.516400 0.516400
2920.893555 0.000000 713.309814 0.000000 0.568931 0.000000 0.822385 0.308229 0.308229 0.308229
2919.904785 0.000000 711.235352 0.000000 0.199423 0.000000 0.979914 0.512691 0.512691 0.512691
2925.086182 0.000000 704.929810 0.000000 0.051681 0.000000 0.998664 0.402547 0.402547 0.402547
2919.058838 0.000000 714.300476 0.000000 0.222656 0.000000 0.974897 0.270307 0.270307 0.270307
2929.725830 0.000000 705.631409 0.000000 0.461943 0.000000 0.886910 0.244556 0.244556 0.244556
2929.432373 0.000000 704.760986 0.000000 0.599644 0.000000 0.800267 0.327506 0.327506 0.327506
2925.942627 0.000000 705.422119 0.000000 0.317765 0.000000 0.948170 0.473626 0.473626 0.473626
2927.927490 0.000000 705.821350 0.000000 0.732195 0.000000 0.681095 0.418406 0.418406 0.418406
2918.005859 0.000000 713.184021 0.000000 0.391810 0.000000 0.920046 0.426693 0.426693 0.426693
2929.420410 0.000000 709.970276 0.000000 0.256001 0.000000 0.966677 0.522258 0.522258 0.522258
2922.187256 0.000000 711.520264 0.000000 0.362880 0.000000 0.931836 0.215481 0.215481 0.215481
2918.802002 0.000000 715.047974 0.000000 0.704291 0.000000 0.709912 0.489417 0.489417 0.489417
2920.176270 0.000000 713.039124 0.000000 0.396826 0.000000 0.917894 0.207822 0.207822 0.207822
2884.989258 0.000000 736.032166 0.000000 0.066462 0.000000 0.997789 0.793991 0.793991 0.793991
2908.499512 0.000000 742.402283 0.000000 0.548447 0.000000 0.836185 0.295649 0.295649 0.295649
2883.577393 0.000000 760.568359 0.000000 0.089420 0.000000 0.995994 0.530783 0.530783 0.530783
2890.661133 0.000000 742.797363 0.000000 0.104085 0.000000 0.994568 0.053106 0.053106 0.053106
2884.477539 0.000000 766.482117 0.000000 0.452933 0.000000 0.891545 0.758229 0.758229 0.758229
2897.440674 0.000000 743.912354 0.000000 0.373708 0.000000 0.927547 0.427548 0.427548 0.427548
2906.350830 0.000000 743.529846 0.000000 0.705089 0.000000 0.709119 0.398549 0.398549 0.398549
2898.539062 0.000000 745.973694 0.000000 0.173799 0.000000 0.984781 0.088967 0.088967 0.088967
2904.904541 0.000000 737.365051 0.000000 0.244753 0.000000 0.969586 0.453713 0.453713 0.453713
2895.627686 0.000000 743.339233 0.000000 0.130302 0.000000 0.991474 0.167221 0.167221 0.167221
2885.550537 0.000000 762.078735 0.000000 0.348052 0.000000 0.937475 0.603393 0.603393 0.603393
2910.886719 0.000000 739.091614 0.000000 0.630137 0.000000 0.776484 0.347202 0.347202 0.347202
2905.401123 0.000000 746.501404 0.000000 0.085482 0.000000 0.996340 0.064353 0.064353 0.064353
2882.923340 0.000000 766.281494 0.000000 0.465605 0.000000 0.884993 0.689332 0.689332 0.689332
2898.090820 0.000000 742.503723 0.000000 0.485348 0.000000 0.874321 0.595987 0.595987 0.595987
2883.297852 0.000000 748.697266 0.000000 0.449746 0.000000 0.893157 0.722805 0.722805 0.722805
2910.721924 0.000000 742.332947 0.000000 0.710418 0.000000 0.703780 0.402390 0.402390 0.402390
2910.335205 0.000000 737.614502 0.000000 0.445237 0.000000 0.895413 0.525259 0.525259 0.525259
2908.608643 0.000000 740.883667 0.000000 0.637965 0.000000 0.770065 0.352358 0.352358 0.352358
2911.237549 0.000000 745.145203 0.000000 0.499789 0.000000 0.866147 0.268635 0.268635 0.268635
2883.227051 0.000000 754.133728 0.000000 0.425384 0.000000 0.905013 0.607926 0.607926 0.607926
2883.176270 0.000000 761.846436 0.000000 0.206339 0.000000 0.978481 0.552283 0.552283 0.552283
2902.218506 0.000000 747.217896 0.000000 0.690506 0.000000 0.723327 0.388179 0.388179 0.388179
2889.371582 0.000000 743.273926 0.000000 0.573497 0.000000 0.819207 0.311062 0.311062 0.311062
2890.850098 0.000000 744.033264 0.000000 0.192313 0.000000 0.981334 0.098558 0.098558 0.098558
2896.126465 0.000000 747.324707 0.000000 0.022736 0.000000 0.999741 0.098152 0.098152 0.098152
2909.514404 0.000000 744.881531 0.000000 0.466878 0.000000 0.884322 0.247394 0.247394 0.247394
2897.430908 0.000000 746.401733 0.000000 0.218867 0.000000 0.975755 0.187881 0.187881 0.187881
2889.814697 0.000000 738.538086 0.000000 0.221779 0.000000 0.975097 0.113898 0.113898 0.113898
2906.107910 0.000000 740.317993 0.000000 0.486403 0.000000 0.873735 0.258706 0.258706 0.258706
2907.230469 0.000000 744.337219 0.000000 0.586413 0.000000 0.810012 0.319137 0.319137 0.319137
2886.907959 0.000000 745.268311 0.000000 0.177754 0.000000 0.984075 0.407972 0.407972 0.407972
2906.817139 0.000000 738.921326 0.000000 0.023676 0.000000 0.999720 0.012059 0.012059 0.012059
2887.485107 0.000000 741.945923 0.000000 0.326849 0.000000 0.945077 0.169579 0.169579 0.169579
2910.946777 0.000000 736.756348 0.000000 0.715238 0.000000 0.698881 0.608355 0.608355 0.608355
2907.828857 0.000000 745.391785 0.000000 0.546472 0.000000 0.837478 0.294447 0.294447 0.294447
2887.606689 0.000000 738.476624 0.000000 0.413438 0.000000 0.910532 0.217076 0.217076 0.217076
2908.510986 0.000000 739.558289 0.000000 0.053257 0.000000 0.998581 0.027136 0.027136 0.027136
2905.976807 0.000000 745.763855 0.000000 0.204392 0.000000 0.978889 0.104835 0.104835 0.104835
2910.040771 0.000000 738.612183 0.000000 0.565730 0.000000 0.824591 0.306249 0.306249 0.306249
2896.582275 0.000000 743.454834 0.000000 0.108227 0.000000 0.994126 0.341454 0.341454 0.341454
2895.100342 0.000000 747.407837 0.000000 0.694981 0.000000 0.719029 0.657369 0.657369 0.657369
2909.377441 0.000000 737.961914 0.000000 0.402349 0.000000 0.915486 0.210890 0.210890 0.210890
2890.687256 0.000000 741.804932 0.000000 0.123801 0.000000 0.992307 0.106554 0.106554 0.106554
2904.852295 0.000000 741.680847 0.000000 0.007597 0.000000 0.999971 0.003869 0.003869 0.003869
2901.790527 0.000000 746.393433 0.000000 0.356125 0.000000 0.934438 0.185444 0.185444 0.185444
2886.102051 0.000000 743.374878 0.000000 0.031735 0.000000 0.999496 0.126824 0.126824 0.126824
2897.032227 0.000000 747.223022 0.000000 0.481951 0.000000 0.876198 0.315835 0.315835 0.315835
2900.269043 0.000000 744.763367 0.000000 0.070541 0.000000 0.997509 0.035956 0.035956 0.035956
2886.013672 0.000000 745.168396 0.000000 0.084331 0.000000 0.996438 0.381424 0.381424 0.381424
2900.906982 0.000000 744.112732 0.000000 0.423484 0.000000 0.905904 0.222709 0.222709 0.222709
2902.847656 0.000000 748.731506 0.000000 0.272237 0.000000 0.962230 0.140422 0.140422 0.140422
2900.399902 0.000000 747.196533 0.000000 0.688893 0.000000 0.724863 0.387045 0.387045 0.387045
2887.505859 0.000000 740.222839 0.000000 0.593611 0.000000 0.804752 0.323677 0.323677 0.323677
2904.060303 0.000000 740.330994 0.000000 0.167525 0.000000 0.985868 0.085724 0.085724 0.085724
2908.158936 0.000000 746.319153 0.000000 0.372672 0.000000 0.927963 0.194493 0.194493 0.194493
2910.789551 0.000000 745.826782 0.000000 0.418132 0.000000 0.908386 0.221980 0.221980 0.221980
2905.649902 0.000000 743.141907 0.000000 0.433011 0.000000 0.901389 0.228078 0.228078 0.228078
2899.070312 0.000000 745.365234 0.000000 0.677169 0.000000 0.735827 0.378870 0.378870 0.378870
2908.825928 0.000000 741.630188 0.000000 0.152390 0.000000 0.988320 0.077915 0.077915 0.077915
2894.832764 0.000000 743.395996 0.000000 0.694016 0.000000 0.719960 0.446841 0.446841 0.446841
2908.652588 0.000000 747.968750 0.000000 0.128398 0.000000 0.991723 0.065574 0.065574 0.065574
2905.218262 0.000000 745.686646 0.000000 0.624433 0.000000 0.781079 0.343472 0.343472 0.343472
2904.728271 0.000000 748.059509 0.000000 0.127607 0.000000 0.991825 0.065167 0.065167 0.065167
2902.038086 0.000000 744.955994 0.000000 0.381737 0.000000 0.924271 0.199479 0.199479 0.199479
2911.738281 0.000000 744.789612 0.000000 0.070687 0.000000 0.997499 0.039026 0.039026 0.039026
2912.268311 0.000000 741.388428 0.000000 0.713972 0.000000 0.700174 0.521155 0.521155 0.521155
2913.236572 0.000000 739.473450 0.000000 0.612608 0.000000 0.790387 0.619784 0.619784 0.619784
2746.860107 0.000000 768.001221 0.000000 0.636603 0.000000 0.771192 0.351458 0.351458 0.351458
2740.827148 0.000000 771.595764 0.000000 0.600258 0.000000 0.799807 0.470453 0.470453 0.470453
2744.213379 0.000000 774.362854 0.000000 0.561868 0.000000 0.827227 0.303868 0.303868 0.303868
2745.559570 0.000000 780.172180 0.000000 0.557770 0.000000 0.829996 0.301348 0.301348 0.301348
2726.706787 0.000000 773.204712 0.000000 0.665175 0.000000 0.746687 0.370629 0.370629 0.370629
2741.651123 0.000000 773.951294 0.000000 0.240111 0.000000 0.970745 0.123494 0.123494 0.123494
2746.389893 0.000000 775.514221 0.000000 0.174316 0.000000 0.984690 0.089234 0.089234 0.089234
2744.943604 0.000000 769.349426 0.000000 0.495726 0.000000 0.868479 0.264157 0.264157 0.264157
2747.285889 0.000000 769.901855 0.000000 0.489622 0.000000 0.871935 0.260584 0.260584 0.260584
2747.586914 0.000000 771.721069 0.000000 0.000606 0.000000 1.000000 0.000309 0.000309 0.000309
2729.518555 0.000000 769.438171 0.000000 0.174720 0.000000 0.984618 0.089443 0.089443 0.089443
2748.521973 0.000000 768.609131 0.000000 0.125091 0.000000 0.992145 0.063876 0.063876 0.063876
2726.915039 0.000000 774.936523 0.000000 0.021468 0.000000 0.999770 0.481279 0.481279 0.481279
2745.791748 0.000000 784.526611 0.000000 0.604676 0.000000 0.796471 0.330716 0.330716 0.330716
2743.862305 0.000000 770.498657 0.000000 0.090674 0.000000 0.995881 0.046243 0.046243 0.046243
2745.440186 0.000000 778.485779 0.000000 0.541467 0.000000 0.840722 0.291410 0.291410 0.291410
2750.126465 0.000000 784.161255 0.000000 0.040384 0.000000 0.999184 0.051139 0.051139 0.051139
2748.647705 0.000000 772.868042 0.000000 0.325046 0.000000 0.945698 0.208224 0.208224 0.208224
2736.304199 0.000000 785.174072 0.000000 0.185688 0.000000 0.982609 0.542927 0.542927 0.542927
2743.030518 0.000000 773.570068 0.000000 0.011607 0.000000 0.999933 0.005911 0.005911 0.005911
2745.620361 0.000000 774.317200 0.000000 0.733838 0.000000 0.679324 0.419637 0.419637 0.419637
2748.228027 0.000000 782.182007 0.000000 0.216158 0.000000 0.976358 0.110964 0.110964 0.110964
2748.746826 0.000000 784.992920 0.000000 0.205734 0.000000 0.978608 0.105533 0.105533 0.105533
2741.807129 0.000000 772.572998 0.000000 0.108542 0.000000 0.994092 0.055389 0.055389 0.055389
2747.088867 0.000000 783.729126 0.000000 0.451088 0.000000 0.892480 0.238342 0.238342 0.238342
2740.468018 0.000000 774.557495 0.000000 0.071394 0.000000 0.997448 0.036392 0.036392 0.036392
2744.773438 0.000000 787.280884 0.000000 0.434088 0.000000 0.900871 0.228687 0.228687 0.228687
2747.212402 0.000000 774.401794 0.000000 0.697791 0.000000 0.716302 0.393333 0.393333 0.393333
2742.120117 0.000000 771.378113 0.000000 0.550445 0.000000 0.834871 0.296867 0.296867 0.296867
2742.952148 0.000000 781.650269 0.000000 0.562066 0.000000 0.827093 0.303989 0.303989 0.303989
2747.896973 0.000000 775.409119 0.000000 0.669186 0.000000 0.743095 0.373372 0.373372 0.373372
2750.876953 0.000000 786.488770 0.000000 0.108079 0.000000 0.994142 0.426116 0.426116 0.426116
2744.421143 0.000000 771.535828 0.000000 0.622991 0.000000 0.782229 0.342532 0.342532 0.342532
2738.882080 0.000000 789.518250 0.000000 0.285933 0.000000 0.958250 0.201405 0.201405 0.201405
2746.300537 0.000000 785.897217 0.000000 0.632412 0.000000 0.774632 0.569924 0.569924 0.569924
2747.218750 0.000000 782.635864 0.000000 0.397341 0.000000 0.917671 0.208107 0.208107 0.208107
2746.856201 0.000000 770.905701 0.000000 0.487112 0.000000 0.873340 0.259119 0.259119 0.259119
2748.031494 0.000000 770.735229 0.000000 0.132945 0.000000 0.991123 0.073651 0.073651 0.073651
2744.419189 0.000000 778.043396 0.000000 0.253610 0.000000 0.967307 0.130589 0.130589 0.130589
2744.191162 0.000000 786.432190 0.000000 0.642394 0.000000 0.766374 0.355294 0.355294 0.355294
2749.748779 0.000000 788.447876 0.000000 0.584408 0.000000 0.811460 0.317877 0.317877 0.317877
2745.692139 0.000000 773.236206 0.000000 0.495761 0.000000 0.868459 0.264177 0.264177 0.264177
2726.167480 0.000000 771.242798 0.000000 0.459356 0.000000 0.888252 0.243072 0.243072 0.243072
2734.755371 0.000000 786.495728 0.000000 0.728569 0.000000 0.684973 0.415703 0.415703 0.415703
2743.989990 0.000000 768.949707 0.000000 0.687688 0.000000 0.726006 0.386199 0.386199 0.386199
2743.047852 0.000000 771.031921 0.000000 0.086015 0.000000 0.996294 0.043861 0.043861 0.043861
2749.041504 0.000000 785.910400 0.000000 0.522136 0.000000 0.852862 0.279783 0.279783 0.279783
2747.735840 0.000000 788.575684 0.000000 0.253890 0.000000 0.967233 0.130736 0.130736 0.130736
2749.416504 0.000000 769.946289 0.000000 0.462924 0.000000 0.886398 0.245120 0.245120 0.245120
2741.370117 0.000000 779.342041 0.000000 0.038006 0.000000 0.999278 0.019361 0.019361 0.019361
2739.373291 0.000000 774.542297 0.000000 0.057285 0.000000 0.998358 0.413084 0.413084 0.413084
2740.328613 0.000000 770.855774 0.000000 0.576027 0.000000 0.817431 0.459801 0.459801 0.459801
2745.200684 0.000000 771.913391 0.000000 0.281618 0.000000 0.959527 0.145394 0.145394 0.145394
2736.400635 0.000000 786.119263 0.000000 0.726894 0.000000 0.686750 0.414459 0.414459 0.414459
2729.912109 0.000000 768.666260 0.000000 0.174304 0.000000 0.984692 0.089228 0.089228 0.089228
2739.203613 0.000000 768.513184 0.000000 0.209391 0.000000 0.977832 0.205210 0.205210 0.205210
2738.928223 0.000000 779.630615 0.000000 0.110445 0.000000 0.993882 0.493797 0.493797 0.493797
2741.180420 0.000000 780.723206 0.000000 0.422799 0.000000 0.906223 0.476048 0.476048 0.476048
2743.612061 0.000000 774.955933 0.000000 0.143371 0.000000 0.989669 0.073271 0.073271 0.073271
2727.223877 0.000000 775.755310 0.000000 0.404415 0.000000 0.914576 0.562510 0.562510 0.562510
2740.438965 0.000000 779.180908 0.000000 0.007605 0.000000 0.999971 0.003873 0.003873 0.003873
2731.407715 0.000000 777.192627 0.000000 0.337801 0.000000 0.941217 0.324885 0.324885 0.324885
2745.881836 0.000000 787.914124 0.000000 0.307845 0.000000 0.951437 0.159372 0.159372 0.159372
2746.073730 0.000000 767.752319 0.000000 0.554554 0.000000 0.832148 0.299378 0.299378 0.299378
2740.041748 0.000000 780.773499 0.000000 0.660359 0.000000 0.750950 0.557379 0.557379 0.557379
2745.567139 0.000000 785.327087 0.000000 0.455386 0.000000 0.890294 0.240798 0.240798 0.240798
2748.197998 0.000000 778.303528 0.000000 0.326798 0.000000 0.945094 0.169551 0.169551 0.169551
2745.435791 0.000000 786.837708 0.000000 0.662981 0.000000 0.748636 0.369135 0.369135 0.369135
2744.990967 0.000000 782.131653 0.000000 0.645909 0.000000 0.763414 0.357635 0.357635 0.357635
2744.337402 0.000000 789.081055 0.000000 0.722601 0.000000 0.691266 0.411285 0.411285 0.411285
2742.475830 0.000000 774.156921 0.000000 0.501836 0.000000 0.864963 0.267747 0.267747 0.267747
2728.776367 0.000000 769.868164 0.000000 0.286815 0.000000 0.957986 0.148155 0.148155 0.148155
2740.690918 0.000000 775.303345 0.000000 0.536688 0.000000 0.843781 0.288519 0.288519 0.288519
2748.781982 0.000000 782.738708 0.000000 0.607007 0.000000 0.794697 0.332208 0.332208 0.332208
2740.209961 0.000000 773.809998 0.000000 0.359412 0.000000 0.933179 0.187237 0.187237 0.187237
2744.513428 0.000000 776.284424 0.000000 0.723938 0.000000 0.689866 0.412271 0.412271 0.412271
2739.563721 0.000000 776.391785 0.000000 0.355145 0.000000 0.934811 0.237976 0.237976 0.237976
2729.598145 0.000000 772.794861 0.000000 0.160425 0.000000 0.987048 0.082058 0.082058 0.082058
2743.110107 0.000000 770.272583 0.000000 0.546608 0.000000 0.837389 0.294530 0.294530 0.294530
2728.223145 0.000000 777.007874 0.000000 0.497060 0.000000 0.867716 0.319495 0.319495 0.319495
2746.164795 0.000000 781.090698 0.000000 0.027898 0.000000 0.999611 0.014210 0.014210 0.014210
2762.813477 0.000000 783.336243 0.000000 0.369815 0.000000 0.929106 0.702392 0.702392 0.702392
2758.041260 0.000000 795.842041 0.000000 0.012093 0.000000 0.999927 0.737738 0.737738 0.737738
2775.101318 0.000000 768.337158 0.000000 0.063322 0.000000 0.997993 0.604304 0.604304 0.604304
2781.157471 0.000000 770.813293 0.000000 0.283187 0.000000 0.959065 0.761543 0.761543 0.761543
2762.359131 0.000000 789.930481 0.000000 0.122168 0.000000 0.992509 0.062375 0.062375 0.062375
2758.319336 0.000000 792.448425 0.000000 0.217446 0.000000 0.976072 0.435572 0.435572 0.435572
2775.447510 0.000000 791.718323 0.000000 0.382712 0.000000 0.923868 0.404716 0.404716 0.404716
2759.011475 0.000000 787.949402 0.000000 0.614536 0.000000 0.788889 0.636606 0.636606 0.636606
2761.213867 0.000000 791.787720 0.000000 0.585230 0.000000 0.810867 0.318394 0.318394 0.318394
2761.101074 0.000000 784.683594 0.000000 0.058405 0.000000 0.998293 0.029762 0.029762 0.029762
2760.801514 0.000000 782.541809 0.000000 0.036847 0.000000 0.999321 0.266926 0.266926 0.266926
2777.580322 0.000000 792.891418 0.000000 0.657791 0.000000 0.753201 0.624542 0.624542 0.624542
2760.703125 0.000000 788.798645 0.000000 0.120190 0.000000 0.992751 0.061360 0.061360 0.061360
2766.373779 0.000000 787.405823 0.000000 0.723299 0.000000 0.690535 0.577736 0.577736 0.577736
2776.040527 0.000000 789.871887 0.000000 0.020282 0.000000 0.999794 0.589421 0.589421 0.589421
2779.579102 0.000000 771.721069 0.000000 0.070181 0.000000 0.997534 0.389415 0.389415 0.389415
2774.020020 0.000000 790.815918 0.000000 0.295094 0.000000 0.955468 0.373452 0.373452 0.373452
2754.028320 0.000000 781.715881 0.000000 0.596508 0.000000 0.802607 0.719988 0.719988 0.719988
2773.668701 0.000000 795.251709 0.000000 0.103447 0.000000 0.994635 0.284271 0.284271 0.284271
2758.379639 0.000000 789.280151 0.000000 0.145922 0.000000 0.989296 0.336302 0.336302 0.336302
2763.026123 0.000000 791.295410 0.000000 0.692761 0.000000 0.721167 0.389770 0.389770 0.389770
2765.258789 0.000000 785.211426 0.000000 0.507624 0.000000 0.861579 0.677641 0.677641 0.677641
2780.941895 0.000000 793.160522 0.000000 0.171459 0.000000 0.985191 0.459241 0.459241 0.459241
2765.601074 0.000000 795.322754 0.000000 0.544153 0.000000 0.838986 0.302979 0.302979 0.302979
2771.100098 0.000000 767.649231 0.000000 0.085239 0.000000 0.996361 0.043465 0.043465 0.043465
2765.859131 0.000000 790.847900 0.000000 0.365762 0.000000 0.930708 0.190707 0.190707 0.190707
2756.070312 0.000000 783.490784 0.000000 0.630413 0.000000 0.776260 0.636703 0.636703 0.636703
2767.966064 0.000000 792.424194 0.000000 0.547684 0.000000 0.836685 0.328839 0.328839 0.328839
2754.662842 0.000000 783.449158 0.000000 0.322701 0.000000 0.946501 0.534533 0.534533 0.534533
2769.767334 0.000000 793.220886 0.000000 0.340849 0.000000 0.940118 0.177143 0.177143 0.177143
2765.112549 0.000000 797.975952 0.000000 0.046450 0.000000 0.998921 0.251999 0.251999 0.251999
2781.863770 0.000000 790.698853 0.000000 0.293512 0.000000 0.955956 0.372897 0.372897 0.372897
2767.095703 0.000000 790.810059 0.000000 0.713117 0.000000 0.701045 0.610707 0.610707 0.610707
2775.205811 0.000000 794.255981 0.000000 0.311508 0.000000 0.950244 0.639708 0.639708 0.639708
2775.024170 0.000000 790.282776 0.000000 0.264801 0.000000 0.964303 0.362864 0.362864 0.362864
2763.203613 0.000000 767.694946 0.000000 0.725002 0.000000 0.688747 0.708955 0.708955 0.708955
2771.082275 0.000000 795.541504 0.000000 0.647897 0.000000 0.761728 0.358962 0.358962 0.358962
2762.109619 0.000000 788.875122 0.000000 0.537447 0.000000 0.843298 0.288978 0.288978 0.288978
2778.848389 0.000000 770.905701 0.000000 0.465380 0.000000 0.885111 0.502646 0.502646 0.502646
2760.775146 0.000000 785.674561 0.000000 0.120131 0.000000 0.992758 0.061330 0.061330 0.061330
2770.120605 0.000000 767.902466 0.000000 0.039860 0.000000 0.999205 0.020306 0.020306 0.020306
2769.204102 0.000000 794.377747 0.000000 0.610634 0.000000 0.791913 0.334536 0.334536 0.334536
2769.608887 0.000000 789.699158 0.000000 0.014126 0.000000 0.999900 0.215500 0.215500 0.215500
2757.222168 0.000000 783.254211 0.000000 0.716589 0.000000 0.697496 0.658167 0.658167 0.658167
2767.507812 0.000000 793.222412 0.000000 0.270514 0.000000 0.962716 0.183542 0.183542 0.183542
2771.727539 0.000000 791.464783 0.000000 0.678561 0.000000 0.734544 0.379834 0.379834 0.379834
2772.609375 0.000000 767.919678 0.000000 0.054799 0.000000 0.998497 0.342809 0.342809 0.342809
2769.334961 0.000000 797.937866 0.000000 0.038564 0.000000 0.999256 0.359329 0.359329 0.359329
2764.905518 0.000000 786.023376 0.000000 0.332269 0.000000 0.943185 0.179885 0.179885 0.179885
2761.440430 0.000000 789.476990 0.000000 0.598759 0.000000 0.800929 0.326943 0.326943 0.326943
2772.126953 0.000000 792.264038 0.000000 0.631091 0.000000 0.775709 0.347828 0.347828 0.347828
2761.624756 0.000000 785.411072 0.000000 0.180835 0.000000 0.983513 0.092608 0.092608 0.092608
2767.724854 0.000000 797.687561 0.000000 0.537556 0.000000 0.843228 0.303070 0.303070 0.303070
2764.174805 0.000000 786.844788 0.000000 0.066255 0.000000 0.997803 0.042783 0.042783 0.042783
2775.817627 0.000000 792.539856 0.000000 0.391130 0.000000 0.920336 0.363421 0.363421 0.363421
2768.572998 0.000000 796.439941 0.000000 0.212464 0.000000 0.977169 0.409810 0.409810 0.409810
2759.806885 0.000000 792.750610 0.000000 0.183313 0.000000 0.983055 0.426178 0.426178 0.426178
2751.889893 0.000000 787.647278 0.000000 0.681915 0.000000 0.731432 0.590263 0.590263 0.590263
2761.789795 0.000000 786.249207 0.000000 0.335746 0.000000 0.941953 0.174381 0.174381 0.174381
2759.378906 0.000000 791.160461 0.000000 0.420906 0.000000 0.907104 0.361974 0.361974 0.361974
2763.070312 0.000000 784.092224 0.000000 0.492332 0.000000 0.870407 0.262169 0.262169 0.262169
2774.837402 0.000000 788.677551 0.000000 0.508282 0.000000 0.861190 0.466352 0.466352 0.466352
2768.770508 0.000000 790.531555 0.000000 0.683057 0.000000 0.730365 0.387866 0.387866 0.387866
2758.939209 0.000000 791.959290 0.000000 0.304889 0.000000 0.952388 0.313936 0.313936 0.313936
2767.037109 0.000000 797.329773 0.000000 0.193014 0.000000 0.981196 0.118167 0.118167 0.118167
2795.154297 0.000000 792.826355 0.000000 0.243159 0.000000 0.969986 0.477104 0.477104 0.477104
2790.033447 0.000000 795.842041 0.000000 0.425394 0.000000 0.905008 0.223783 0.223783 0.223783
2790.311523 0.000000 792.448425 0.000000 0.154882 0.000000 0.987933 0.079200 0.079200 0.079200
2792.695312 0.000000 788.798645 0.000000 0.478920 0.000000 0.877858 0.265054 0.265054 0.265054
2786.066650 0.000000 776.782715 0.000000 0.495993 0.000000 0.868327 0.602531 0.602531 0.602531
2783.383301 0.000000 773.865845 0.000000 0.654294 0.000000 0.756240 0.746905 0.746905 0.746905
2789.573975 0.000000 794.063110 0.000000 0.074077 0.000000 0.997253 0.037762 0.037762 0.037762
2787.772949 0.000000 796.941162 0.000000 0.016823 0.000000 0.999858 0.250653 0.250653 0.250653
2784.280518 0.000000 794.452454 0.000000 0.443805 0.000000 0.896124 0.373982 0.373982 0.373982
2789.210205 0.000000 776.859558 0.000000 0.429100 0.000000 0.903257 0.597366 0.597366 0.597366
2793.738037 0.000000 793.347290 0.000000 0.686263 0.000000 0.727353 0.385200 0.385200 0.385200
2785.999756 0.000000 790.003906 0.000000 0.705492 0.000000 0.708718 0.471204 0.471204 0.471204
2784.689209 0.000000 792.401123 0.000000 0.647911 0.000000 0.761716 0.358971 0.358971 0.358971
2791.188477 0.000000 793.362366 0.000000 0.390527 0.000000 0.920592 0.204331 0.204331 0.204331
2785.018311 0.000000 793.474304 0.000000 0.040175 0.000000 0.999193 0.020467 0.020467 0.020467
2793.970459 0.000000 790.984558 0.000000 0.163093 0.000000 0.986611 0.083435 0.083435 0.083435
2794.262939 0.000000 792.146118 0.000000 0.522457 0.000000 0.852666 0.551204 0.551204 0.551204
2787.931152 0.000000 791.595215 0.000000 0.292860 0.000000 0.956155 0.222593 0.222593 0.222593
2786.982910 0.000000 788.458069 0.000000 0.709107 0.000000 0.705101 0.506162 0.506162 0.506162
2792.021729 0.000000 794.775879 0.000000 0.194793 0.000000 0.980844 0.561124 0.561124 0.561124
2784.080566 0.000000 774.547363 0.000000 0.493724 0.000000 0.869619 0.614677 0.614677 0.614677
2788.670410 0.000000 777.720032 0.000000 0.652757 0.000000 0.757567 0.645490 0.645490 0.645490
2792.308350 0.000000 789.693115 0.000000 0.019897 0.000000 0.999802 0.025622 0.025622 0.025622
2784.246582 0.000000 797.814758 0.000000 0.605104 0.000000 0.796147 0.485487 0.485487 0.485487
2787.803223 0.000000 797.840332 0.000000 0.541039 0.000000 0.840997 0.446799 0.446799 0.446799
2791.976807 0.000000 788.258423 0.000000 0.442771 0.000000 0.896635 0.362434 0.362434 0.362434
2787.093994 0.000000 797.421936 0.000000 0.381555 0.000000 0.924346 0.383098 0.383098 0.383098
2785.964600 0.000000 796.085022 0.000000 0.335195 0.000000 0.942149 0.380268 0.380268 0.380268
2785.051270 0.000000 794.697815 0.000000 0.552865 0.000000 0.833271 0.422283 0.422283 0.422283
2791.593750 0.000000 794.067139 0.000000 0.735365 0.000000 0.677671 0.420783 0.420783 0.420783
2784.238525 0.000000 793.650635 0.000000 0.245918 0.000000 0.969291 0.126543 0.126543 0.126543
2790.455322 0.000000 788.496338 0.000000 0.314478 0.000000 0.949265 0.307830 0.307830 0.307830
2846.103027 0.000000 784.161255 0.000000 0.228023 0.000000 0.973656 0.117162 0.117162 0.117162
2847.175537 0.000000 794.265381 0.000000 0.523266 0.000000 0.852169 0.639044 0.639044 0.639044
2847.057373 0.000000 792.174438 0.000000 0.534648 0.000000 0.845075 0.613011 0.613011 0.613011
2845.429199 0.000000 783.156128 0.000000 0.385700 0.000000 0.922624 0.586476 0.586476 0.586476
2846.945557 0.000000 783.405212 0.000000 0.484449 0.000000 0.874819 0.257568 0.257568 0.257568
2865.052002 0.000000 767.904419 0.000000 0.241571 0.000000 0.970383 0.277958 0.277958 0.277958
2872.182129 0.000000 774.362854 0.000000 0.631274 0.000000 0.775560 0.347948 0.347948 0.347948
2851.523193 0.000000 787.582336 0.000000 0.522082 0.000000 0.852895 0.279751 0.279751 0.279751
2848.489258 0.000000 786.015381 0.000000 0.685785 0.000000 0.727804 0.384866 0.384866 0.384866
2853.194580 0.000000 776.859558 0.000000 0.570949 0.000000 0.820985 0.667271 0.667271 0.667271
2849.984131 0.000000 790.003906 0.000000 0.436630 0.000000 0.899641 0.230125 0.230125 0.230125
2850.175781 0.000000 785.301025 0.000000 0.470979 0.000000 0.882145 0.249759 0.249759 0.249759
2852.518311 0.000000 785.360046 0.000000 0.378803 0.000000 0.925477 0.490667 0.490667 0.490667
2848.136963 0.000000 799.043640 0.000000 0.645266 0.000000 0.763958 0.357205 0.357205 0.357205
2848.368408 0.000000 783.739929 0.000000 0.301897 0.000000 0.953341 0.156192 0.156192 0.156192
2849.002686 0.000000 793.474304 0.000000 0.382593 0.000000 0.923917 0.199950 0.199950 0.199950
2851.616699 0.000000 799.160278 0.000000 0.244249 0.000000 0.969713 0.636044 0.636044 0.636044
2849.622314 0.000000 782.945740 0.000000 0.386610 0.000000 0.922243 0.202166 0.202166 0.202166
2855.074463 0.000000 778.269226 0.000000 0.226026 0.000000 0.974121 0.606904 0.606904 0.606904
2875.836670 0.000000 777.376160 0.000000 0.403902 0.000000 0.914802 0.211754 0.211754 0.211754
2877.799072 0.000000 774.784546 0.000000 0.727263 0.000000 0.686359 0.414732 0.414732 0.414732
2866.767822 0.000000 769.793030 0.000000 0.214450 0.000000 0.976735 0.361694 0.361694 0.361694
2850.165527 0.000000 780.746338 0.000000 0.607894 0.000000 0.794018 0.660749 0.660749 0.660749
2877.410400 0.000000 778.794434 0.000000 0.402051 0.000000 0.915617 0.612818 0.612818 0.612818
2864.384521 0.000000 768.629089 0.000000 0.247902 0.000000 0.968785 0.517850 0.517850 0.517850
2878.441650 0.000000 776.715820 0.000000 0.544740 0.000000 0.838605 0.293395 0.293395 0.293395
2847.928223 0.000000 780.818054 0.000000 0.656316 0.000000 0.754486 0.364618 0.364618 0.364618
2872.888184 0.000000 774.873962 0.000000 0.732039 0.000000 0.681263 0.418290 0.418290 0.418290
2867.518799 0.000000 769.357910 0.000000 0.652935 0.000000 0.757414 0.521957 0.521957 0.521957
2867.172363 0.000000 768.513184 0.000000 0.213895 0.000000 0.976857 0.361510 0.361510 0.361510
2871.433838 0.000000 776.458130 0.000000 0.441426 0.000000 0.897298 0.232844 0.232844 0.232844
2849.181396 0.000000 780.068970 0.000000 0.349129 0.000000 0.937075 0.181636 0.181636 0.181636
2874.386230 0.000000 774.642700 0.000000 0.651771 0.000000 0.758416 0.361558 0.361558 0.361558
2864.232178 0.000000 767.665649 0.000000 0.581136 0.000000 0.813806 0.425952 0.425952 0.425952
2853.322510 0.000000 781.660339 0.000000 0.694887 0.000000 0.719119 0.391273 0.391273 0.391273
2847.317139 0.000000 783.960449 0.000000 0.131171 0.000000 0.991360 0.066998 0.066998 0.066998
2848.737305 0.000000 796.183777 0.000000 0.315099 0.000000 0.949059 0.163260 0.163260 0.163260
2850.898682 0.000000 786.850830 0.000000 0.734158 0.000000 0.678979 0.419876 0.419876 0.419876
2848.222900 0.000000 793.650635 0.000000 0.459630 0.000000 0.888110 0.243229 0.243229 0.243229
2873.852539 0.000000 776.114380 0.000000 0.436899 0.000000 0.899510 0.230277 0.230277 0.230277
2878.516602 0.000000 775.116089 0.000000 0.329553 0.000000 0.944137 0.232700 0.232700 0.232700
2851.340576 0.000000 783.882324 0.000000 0.174757 0.000000 0.984612 0.089462 0.089462 0.089462
2872.482178 0.000000 776.284424 0.000000 0.014460 0.000000 0.999895 0.007365 0.007365 0.007365
2873.226074 0.000000 777.671021 0.000000 0.596954 0.000000 0.802276 0.325796 0.325796 0.325796
2875.033691 0.000000 775.153259 0.000000 0.315787 0.000000 0.948830 0.163630 0.163630 0.163630
2851.387939 0.000000 783.089844 0.000000 0.086754 0.000000 0.996230 0.044239 0.044239 0.044239
2870.045898 0.000000 776.940369 0.000000 0.143878 0.000000 0.989595 0.073531 0.073531 0.073531
2846.350830 0.000000 801.583252 0.000000 0.064373 0.000000 0.997926 0.532235 0.532235 0.532235
2847.275146 0.000000 807.350525 0.000000 0.012139 0.000000 0.999926 0.410874 0.410874 0.410874
2847.056641 0.000000 802.124451 0.000000 0.203156 0.000000 0.979146 0.415259 0.415259 0.415259
2846.368896 0.000000 805.611206 0.000000 0.344753 0.000000 0.938693 0.395910 0.395910 0.395910
2847.662109 0.000000 816.687256 0.000000 0.009872 0.000000 0.999951 0.637888 0.637888 0.637888
2848.477539 0.000000 809.894897 0.000000 0.703200 0.000000 0.710992 0.504609 0.504609 0.504609
2847.367676 0.000000 805.850220 0.000000 0.632312 0.000000 0.774714 0.506167 0.506167 0.506167
2847.342773 0.000000 815.142456 0.000000 0.251537 0.000000 0.967848 0.642235 0.642235 0.642235
2847.753906 0.000000 808.758362 0.000000 0.258643 0.000000 0.965973 0.243060 0.243060 0.243060
2847.317139 0.000000 804.571716 0.000000 0.017951 0.000000 0.999839 0.285168 0.285168 0.285168
2848.283936 0.000000 805.357178 0.000000 0.654706 0.000000 0.755884 0.363532 0.363532 0.363532
2848.486816 0.000000 801.397400 0.000000 0.250065 0.000000 0.968229 0.128723 0.128723 0.128723
2849.262695 0.000000 805.265442 0.000000 0.040500 0.000000 0.999180 0.020632 0.020632 0.020632
2851.174072 0.000000 801.153564 0.000000 0.225092 0.000000 0.974337 0.539671 0.539671 0.539671
2847.601807 0.000000 809.726379 0.000000 0.006190 0.000000 0.999981 0.134398 0.134398 0.134398
2847.392578 0.000000 807.023254 0.000000 0.507851 0.000000 0.861445 0.540831 0.540831 0.540831
2848.779053 0.000000 806.924561 0.000000 0.544205 0.000000 0.838952 0.330841 0.330841 0.330841
2882.693115 0.000000 769.966492 0.000000 0.157704 0.000000 0.987486 0.365572 0.365572 0.365572
2880.469727 0.000000 777.910522 0.000000 0.079168 0.000000 0.996861 0.728505 0.728505 0.728505
2881.383545 0.000000 768.249878 0.000000 0.443155 0.000000 0.896445 0.742272 0.742272 0.742272
2883.340576 0.000000 768.292053 0.000000 0.437708 0.000000 0.899117 0.456209 0.456209 0.456209
2882.341064 0.000000 768.764526 0.000000 0.672070 0.000000 0.740488 0.543546 0.543546 0.543546
2881.936279 0.000000 770.620972 0.000000 0.525719 0.000000 0.850658 0.336781 0.336781 0.336781
2880.240479 0.000000 771.331726 0.000000 0.689544 0.000000 0.724244 0.431178 0.431178 0.431178
2883.166260 0.000000 769.169189 0.000000 0.349841 0.000000 0.936809 0.426790 0.426790 0.426790
2879.593994 0.000000 777.742004 0.000000 0.493293 0.000000 0.869863 0.262731 0.262731 0.262731
"}
object={
	name="charo_hidden_grave_flowers_01_generator_1_1"
	render_pass=Map
	clamp_to_water_level=no
	generated_content=yes
	layer="grass_layer"
	pdxmesh="charo_hidden_grave_flowers_07_grass_mesh"
	count=532
	transform="2717.665283 0.000000 759.858521 0.000000 0.903957 0.000000 0.427624 0.574961 0.574961 0.574961
2714.953857 0.000000 758.663391 0.000000 0.788519 0.000000 0.615011 0.540698 0.540698 0.540698
2744.514893 0.000000 765.829529 0.000000 0.992116 0.000000 0.125323 0.736005 0.736005 0.736005
2721.791748 0.000000 762.344360 0.000000 0.986365 0.000000 0.164572 0.774575 0.774575 0.774575
2723.966064 0.000000 763.047058 0.000000 0.941605 0.000000 0.336720 0.642926 0.642926 0.642926
2719.440186 0.000000 758.852234 0.000000 0.978133 0.000000 0.207982 0.784099 0.784099 0.784099
2722.962402 0.000000 766.281494 0.000000 0.866398 0.000000 0.499354 0.711238 0.711238 0.711238
2727.742920 0.000000 759.910828 0.000000 0.935164 0.000000 0.354216 0.615597 0.615597 0.615597
2741.676514 0.000000 763.267334 0.000000 0.901020 0.000000 0.433777 0.617191 0.617191 0.617191
2725.865967 0.000000 766.983459 0.000000 0.801778 0.000000 0.597623 0.473779 0.473779 0.473779
2720.704834 0.000000 760.416748 0.000000 0.956242 0.000000 0.292576 0.648780 0.648780 0.648780
2724.796631 0.000000 764.150208 0.000000 0.975630 0.000000 0.219424 0.705447 0.705447 0.705447
2728.229980 0.000000 765.571472 0.000000 0.841714 0.000000 0.539923 0.509525 0.509525 0.509525
2750.625244 0.000000 766.991699 0.000000 0.893362 0.000000 0.449338 0.733916 0.733916 0.733916
2741.022705 0.000000 765.848389 0.000000 0.969320 0.000000 0.245801 0.707247 0.707247 0.707247
2742.266357 0.000000 765.911438 0.000000 0.969994 0.000000 0.243130 0.690617 0.690617 0.690617
2741.067383 0.000000 758.027161 0.000000 0.874054 0.000000 0.485829 0.717929 0.717929 0.717929
2737.775146 0.000000 761.236511 0.000000 0.966175 0.000000 0.257888 0.737486 0.737486 0.737486
2731.043213 0.000000 761.979980 0.000000 0.745875 0.000000 0.666086 0.572882 0.572882 0.572882
2751.080811 0.000000 760.190063 0.000000 0.749909 0.000000 0.661541 0.431844 0.431844 0.431844
2723.647949 0.000000 767.175903 0.000000 0.786704 0.000000 0.617331 0.687047 0.687047 0.687047
2743.031982 0.000000 758.298401 0.000000 0.975206 0.000000 0.221300 0.686352 0.686352 0.686352
2740.906738 0.000000 762.462280 0.000000 0.865179 0.000000 0.501463 0.585978 0.585978 0.585978
2727.126221 0.000000 763.781616 0.000000 0.815145 0.000000 0.579257 0.485348 0.485348 0.485348
2729.271729 0.000000 762.279297 0.000000 0.951870 0.000000 0.306501 0.641347 0.641347 0.641347
2745.659424 0.000000 763.574402 0.000000 0.978739 0.000000 0.205108 0.748015 0.748015 0.748015
2727.291748 0.000000 765.735718 0.000000 0.929307 0.000000 0.369309 0.607351 0.607351 0.607351
2748.747803 0.000000 760.239136 0.000000 0.956564 0.000000 0.291521 0.678883 0.678883 0.678883
2747.209473 0.000000 767.091553 0.000000 0.993757 0.000000 0.111570 0.743060 0.743060 0.743060
2744.157959 0.000000 766.729431 0.000000 0.976447 0.000000 0.215759 0.689244 0.689244 0.689244
2744.033203 0.000000 762.712769 0.000000 0.928314 0.000000 0.371798 0.704134 0.704134 0.704134
2722.785156 0.000000 762.657288 0.000000 0.932329 0.000000 0.361612 0.630776 0.630776 0.630776
2746.059570 0.000000 767.520447 0.000000 0.947238 0.000000 0.320531 0.633822 0.633822 0.633822
2722.937988 0.000000 764.592957 0.000000 0.811675 0.000000 0.584110 0.573256 0.573256 0.573256
2743.638428 0.000000 765.933838 0.000000 0.739641 0.000000 0.673002 0.471191 0.471191 0.471191
2740.134766 0.000000 760.279663 0.000000 0.879878 0.000000 0.475199 0.632857 0.632857 0.632857
2738.980225 0.000000 762.675232 0.000000 0.830458 0.000000 0.557081 0.499074 0.499074 0.499074
2728.944580 0.000000 765.022095 0.000000 0.969283 0.000000 0.245950 0.673440 0.673440 0.673440
2722.401367 0.000000 761.616638 0.000000 0.837110 0.000000 0.547035 0.505211 0.505211 0.505211
2750.441895 0.000000 759.594910 0.000000 0.892091 0.000000 0.451855 0.561220 0.561220 0.561220
2727.814697 0.000000 760.766235 0.000000 0.958063 0.000000 0.286559 0.651982 0.651982 0.651982
2740.010254 0.000000 765.889160 0.000000 0.786293 0.000000 0.617854 0.551256 0.551256 0.551256
2747.394287 0.000000 759.393738 0.000000 0.983843 0.000000 0.179035 0.708324 0.708324 0.708324
2744.060547 0.000000 763.511230 0.000000 0.996535 0.000000 0.083175 0.779045 0.779045 0.779045
2768.453125 0.000000 766.207764 0.000000 0.984762 0.000000 0.173909 0.710976 0.710976 0.710976
2758.319336 0.000000 760.464050 0.000000 0.819082 0.000000 0.573677 0.488827 0.488827 0.488827
2783.119385 0.000000 759.059753 0.000000 0.916870 0.000000 0.399187 0.626953 0.626953 0.626953
2763.926514 0.000000 765.673767 0.000000 0.911279 0.000000 0.411790 0.583846 0.583846 0.583846
2757.127930 0.000000 756.425415 0.000000 0.871472 0.000000 0.490446 0.538934 0.538934 0.538934
2755.546631 0.000000 755.597961 0.000000 0.897561 0.000000 0.440891 0.647709 0.647709 0.647709
2758.140137 0.000000 765.641357 0.000000 0.859655 0.000000 0.510874 0.526915 0.526915 0.526915
2765.601074 0.000000 763.338379 0.000000 0.957919 0.000000 0.287039 0.651727 0.651727 0.651727
2780.716797 0.000000 756.365417 0.000000 0.927013 0.000000 0.375030 0.604212 0.604212 0.604212
2777.507324 0.000000 749.536194 0.000000 0.785906 0.000000 0.618346 0.460485 0.460485 0.460485
2776.526123 0.000000 747.320557 0.000000 0.992786 0.000000 0.119901 0.773835 0.773835 0.773835
2781.083252 0.000000 743.450500 0.000000 0.886306 0.000000 0.463099 0.554780 0.554780 0.554780
2759.196289 0.000000 761.377991 0.000000 0.878768 0.000000 0.477249 0.546614 0.546614 0.546614
2765.112549 0.000000 765.991577 0.000000 0.792299 0.000000 0.610133 0.465786 0.465786 0.465786
2764.505859 0.000000 764.634094 0.000000 0.935736 0.000000 0.352700 0.616422 0.616422 0.616422
2763.035400 0.000000 761.979980 0.000000 0.816377 0.000000 0.577520 0.486433 0.486433 0.486433
2778.292725 0.000000 753.912842 0.000000 0.786020 0.000000 0.618201 0.605665 0.605665 0.605665
2757.214355 0.000000 763.127075 0.000000 0.879895 0.000000 0.475169 0.547819 0.547819 0.547819
2776.784912 0.000000 753.008118 0.000000 0.992897 0.000000 0.118981 0.754028 0.754028 0.754028
2782.727051 0.000000 758.026611 0.000000 0.879318 0.000000 0.476235 0.590822 0.590822 0.590822
2783.290771 0.000000 743.381775 0.000000 0.987016 0.000000 0.160619 0.727185 0.727185 0.727185
2754.597900 0.000000 759.873840 0.000000 0.754471 0.000000 0.656334 0.671307 0.671307 0.671307
2751.354980 0.000000 757.662964 0.000000 0.942976 0.000000 0.332860 0.627178 0.627178 0.627178
2763.345215 0.000000 762.948608 0.000000 0.916835 0.000000 0.399265 0.590824 0.590824 0.590824
2753.336914 0.000000 757.263977 0.000000 0.882598 0.000000 0.470128 0.550732 0.550732 0.550732
2755.938965 0.000000 759.610840 0.000000 0.972717 0.000000 0.231995 0.757915 0.757915 0.757915
2781.822510 0.000000 742.800171 0.000000 0.995003 0.000000 0.099845 0.749064 0.749064 0.749064
2779.728027 0.000000 756.591309 0.000000 0.819811 0.000000 0.572634 0.489475 0.489475 0.489475
2763.585938 0.000000 764.808167 0.000000 0.775209 0.000000 0.631705 0.451769 0.451769 0.451769
2771.750732 0.000000 764.225952 0.000000 0.852691 0.000000 0.522415 0.680335 0.680335 0.680335
2754.777344 0.000000 762.657288 0.000000 0.977364 0.000000 0.211566 0.691430 0.691430 0.691430
2771.079590 0.000000 764.787720 0.000000 0.992320 0.000000 0.123697 0.773002 0.773002 0.773002
2782.434082 0.000000 759.594910 0.000000 0.800380 0.000000 0.599493 0.529084 0.529084 0.529084
2766.188232 0.000000 763.952759 0.000000 0.995332 0.000000 0.096509 0.750772 0.750772 0.750772
2751.526855 0.000000 762.084595 0.000000 0.922359 0.000000 0.386334 0.639973 0.639973 0.639973
2757.592285 0.000000 757.101868 0.000000 0.977017 0.000000 0.213163 0.690597 0.690597 0.690597
2762.232422 0.000000 761.970093 0.000000 0.812217 0.000000 0.583356 0.482783 0.482783 0.482783
2782.540039 0.000000 743.131714 0.000000 0.751352 0.000000 0.659902 0.474699 0.474699 0.474699
2754.467529 0.000000 754.040955 0.000000 0.811272 0.000000 0.584669 0.591714 0.591714 0.591714
2752.210205 0.000000 756.372559 0.000000 0.839857 0.000000 0.542807 0.507778 0.507778 0.507778
2776.759521 0.000000 748.059509 0.000000 0.959143 0.000000 0.282923 0.653914 0.653914 0.653914
2813.149658 0.000000 738.828918 0.000000 0.969525 0.000000 0.244993 0.790113 0.790113 0.790113
2805.791992 0.000000 764.744385 0.000000 0.958190 0.000000 0.286134 0.782033 0.782033 0.782033
2807.245117 0.000000 740.075134 0.000000 0.970975 0.000000 0.239179 0.778293 0.778293 0.778293
2806.604980 0.000000 744.302612 0.000000 0.833812 0.000000 0.552049 0.700718 0.700718 0.700718
2783.424561 0.000000 758.852234 0.000000 0.955180 0.000000 0.296027 0.673351 0.673351 0.673351
2803.940186 0.000000 765.097656 0.000000 0.963392 0.000000 0.268095 0.773980 0.773980 0.773980
2805.173584 0.000000 744.975586 0.000000 0.979660 0.000000 0.200664 0.697104 0.697104 0.697104
2802.792969 0.000000 753.929077 0.000000 0.751394 0.000000 0.659854 0.432989 0.432989 0.432989
2805.660889 0.000000 763.267334 0.000000 0.867330 0.000000 0.497733 0.608543 0.608543 0.608543
2806.388428 0.000000 745.657166 0.000000 0.898663 0.000000 0.438639 0.722912 0.722912 0.722912
2811.196777 0.000000 742.417419 0.000000 0.984509 0.000000 0.175335 0.710239 0.710239 0.710239
2803.211182 0.000000 751.863037 0.000000 0.801664 0.000000 0.597775 0.473683 0.473683 0.473683
2811.881348 0.000000 743.424744 0.000000 0.949491 0.000000 0.313793 0.637440 0.637440 0.637440
2803.503906 0.000000 760.932800 0.000000 0.984620 0.000000 0.174707 0.710563 0.710563 0.710563
2790.931396 0.000000 745.268311 0.000000 0.925994 0.000000 0.377538 0.602833 0.602833 0.602833
2798.236572 0.000000 762.613037 0.000000 0.989946 0.000000 0.141442 0.747846 0.747846 0.747846
2803.715332 0.000000 753.739319 0.000000 0.980010 0.000000 0.198947 0.697996 0.697996 0.697996
2802.977783 0.000000 750.539429 0.000000 0.982476 0.000000 0.186391 0.704513 0.704513 0.704513
2793.775879 0.000000 745.642090 0.000000 0.783248 0.000000 0.621710 0.502521 0.502521 0.502521
2802.964600 0.000000 762.675232 0.000000 0.959797 0.000000 0.280694 0.655097 0.655097 0.655097
2802.912598 0.000000 747.646240 0.000000 0.996242 0.000000 0.086618 0.755830 0.755830 0.755830
2815.058350 0.000000 741.248230 0.000000 0.818626 0.000000 0.574328 0.488422 0.488422 0.488422
2804.423340 0.000000 747.196533 0.000000 0.883392 0.000000 0.468634 0.650956 0.650956 0.650956
2783.977295 0.000000 758.215088 0.000000 0.956341 0.000000 0.292252 0.675016 0.675016 0.675016
2808.083740 0.000000 740.330994 0.000000 0.863966 0.000000 0.503550 0.531243 0.531243 0.531243
2814.812988 0.000000 745.826782 0.000000 0.811979 0.000000 0.583687 0.630707 0.630707 0.630707
2806.238525 0.000000 743.584656 0.000000 0.990920 0.000000 0.134454 0.731315 0.731315 0.731315
2806.460205 0.000000 742.172546 0.000000 0.943947 0.000000 0.330098 0.628669 0.628669 0.628669
2803.093750 0.000000 745.365234 0.000000 0.944862 0.000000 0.327468 0.663403 0.663403 0.663403
2814.532227 0.000000 743.131714 0.000000 0.917708 0.000000 0.397256 0.591940 0.591940 0.591940
2805.488037 0.000000 745.684204 0.000000 0.984285 0.000000 0.176587 0.709591 0.709591 0.709591
2803.548096 0.000000 744.407410 0.000000 0.986260 0.000000 0.165201 0.732050 0.732050 0.732050
2896.421875 0.000000 702.239014 0.000000 0.745686 0.000000 0.666297 0.642703 0.642703 0.642703
2890.180908 0.000000 698.838135 0.000000 0.955178 0.000000 0.296033 0.787395 0.787395 0.787395
2887.984131 0.000000 700.322937 0.000000 0.990748 0.000000 0.135715 0.730667 0.730667 0.730667
2887.025391 0.000000 698.724426 0.000000 0.751431 0.000000 0.659812 0.631620 0.631620 0.631620
2885.826904 0.000000 703.014709 0.000000 0.982408 0.000000 0.186750 0.742221 0.742221 0.742221
2910.527832 0.000000 701.004395 0.000000 0.735726 0.000000 0.677279 0.639505 0.639505 0.639505
2904.217773 0.000000 700.284424 0.000000 0.906256 0.000000 0.422728 0.577716 0.577716 0.577716
2907.355225 0.000000 701.771790 0.000000 0.853827 0.000000 0.520558 0.697211 0.697211 0.697211
2892.474609 0.000000 700.665344 0.000000 0.928818 0.000000 0.370536 0.606678 0.606678 0.606678
2899.051025 0.000000 699.588379 0.000000 0.880155 0.000000 0.474686 0.670592 0.670592 0.670592
2891.401367 0.000000 702.609680 0.000000 0.815869 0.000000 0.578237 0.485985 0.485985 0.485985
2896.441162 0.000000 701.413269 0.000000 0.924083 0.000000 0.382192 0.600271 0.600271 0.600271
2900.900146 0.000000 699.566345 0.000000 0.940851 0.000000 0.338820 0.699206 0.699206 0.699206
2891.575928 0.000000 700.062866 0.000000 0.894505 0.000000 0.447057 0.563955 0.563955 0.563955
2901.527100 0.000000 700.053833 0.000000 0.869842 0.000000 0.493331 0.537247 0.537247 0.537247
2902.375244 0.000000 699.631592 0.000000 0.950696 0.000000 0.310123 0.646335 0.646335 0.646335
2914.915527 0.000000 702.312744 0.000000 0.877212 0.000000 0.480103 0.711986 0.711986 0.711986
2912.705566 0.000000 701.061646 0.000000 0.909108 0.000000 0.416561 0.707322 0.707322 0.707322
2918.827637 0.000000 703.625977 0.000000 0.916228 0.000000 0.400657 0.590051 0.590051 0.590051
2913.939697 0.000000 701.924255 0.000000 0.832724 0.000000 0.553688 0.673429 0.673429 0.673429
2917.000000 0.000000 703.205383 0.000000 0.880798 0.000000 0.473492 0.558641 0.558641 0.558641
2872.483643 0.000000 733.845154 0.000000 0.870055 0.000000 0.492954 0.783527 0.783527 0.783527
2873.639160 0.000000 726.809875 0.000000 0.833843 0.000000 0.552002 0.699560 0.699560 0.699560
2878.016602 0.000000 714.064331 0.000000 0.945472 0.000000 0.325703 0.631038 0.631038 0.631038
2873.556885 0.000000 728.922668 0.000000 0.738097 0.000000 0.674694 0.720131 0.720131 0.720131
2876.353271 0.000000 712.550598 0.000000 0.993014 0.000000 0.117997 0.739764 0.739764 0.739764
2878.894531 0.000000 707.107239 0.000000 0.948908 0.000000 0.315553 0.750628 0.750628 0.750628
2874.487305 0.000000 731.036926 0.000000 0.837937 0.000000 0.545768 0.505981 0.505981 0.505981
2879.245361 0.000000 713.160828 0.000000 0.779802 0.000000 0.626026 0.455488 0.455488 0.455488
2874.044189 0.000000 725.585510 0.000000 0.982554 0.000000 0.185977 0.704728 0.704728 0.704728
2876.784912 0.000000 713.827637 0.000000 0.913152 0.000000 0.407620 0.586174 0.586174 0.586174
2875.688477 0.000000 731.457642 0.000000 0.913818 0.000000 0.406124 0.587008 0.587008 0.587008
2877.431396 0.000000 715.855347 0.000000 0.971306 0.000000 0.237832 0.677701 0.677701 0.677701
2874.653564 0.000000 729.179382 0.000000 0.810875 0.000000 0.585219 0.481614 0.481614 0.481614
2876.667725 0.000000 730.365112 0.000000 0.920618 0.000000 0.390465 0.700656 0.700656 0.700656
2872.159912 0.000000 722.463440 0.000000 0.947433 0.000000 0.319956 0.718041 0.718041 0.718041
2877.410400 0.000000 714.825684 0.000000 0.855521 0.000000 0.517768 0.522821 0.522821 0.522821
2875.704590 0.000000 724.606934 0.000000 0.979199 0.000000 0.202901 0.695941 0.695941 0.695941
2878.368652 0.000000 714.930237 0.000000 0.811675 0.000000 0.584110 0.482310 0.482310 0.482310
2878.441650 0.000000 712.747070 0.000000 0.995050 0.000000 0.099371 0.749307 0.749307 0.749307
2874.291016 0.000000 732.187378 0.000000 0.955025 0.000000 0.296526 0.667118 0.667118 0.667118
2875.765381 0.000000 726.736389 0.000000 0.984564 0.000000 0.175025 0.710399 0.710399 0.710399
2876.166748 0.000000 714.334778 0.000000 0.901000 0.000000 0.433820 0.571465 0.571465 0.571465
2878.797363 0.000000 713.842407 0.000000 0.985998 0.000000 0.166760 0.714671 0.714671 0.714671
2875.363037 0.000000 727.409363 0.000000 0.767609 0.000000 0.640918 0.445686 0.445686 0.445686
2877.645264 0.000000 717.425171 0.000000 0.950100 0.000000 0.311946 0.638431 0.638431 0.638431
2823.103271 0.000000 752.110229 0.000000 0.964976 0.000000 0.262337 0.795229 0.795229 0.795229
2846.988770 0.000000 763.668579 0.000000 0.772100 0.000000 0.635500 0.744984 0.744984 0.744984
2828.437256 0.000000 758.827271 0.000000 0.963817 0.000000 0.266566 0.766587 0.766587 0.766587
2834.926514 0.000000 759.983337 0.000000 0.951838 0.000000 0.306601 0.649384 0.649384 0.649384
2822.364014 0.000000 757.295776 0.000000 0.859453 0.000000 0.511214 0.597447 0.597447 0.597447
2846.543457 0.000000 764.973145 0.000000 0.942780 0.000000 0.333417 0.768770 0.768770 0.768770
2840.750000 0.000000 755.296509 0.000000 0.949537 0.000000 0.313656 0.637514 0.637514 0.637514
2844.480225 0.000000 758.235474 0.000000 0.754529 0.000000 0.656267 0.688480 0.688480 0.688480
2815.324951 0.000000 740.602966 0.000000 0.801874 0.000000 0.597494 0.473861 0.473861 0.473861
2838.359863 0.000000 756.017944 0.000000 0.944378 0.000000 0.328862 0.751812 0.751812 0.751812
2820.595459 0.000000 755.560303 0.000000 0.951416 0.000000 0.307910 0.676850 0.676850 0.676850
2834.093750 0.000000 759.547791 0.000000 0.878417 0.000000 0.477895 0.559177 0.559177 0.559177
2840.364014 0.000000 756.123047 0.000000 0.816617 0.000000 0.577180 0.486645 0.486645 0.486645
2835.711914 0.000000 759.480408 0.000000 0.749108 0.000000 0.662447 0.450029 0.450029 0.450029
2815.609619 0.000000 745.757629 0.000000 0.982096 0.000000 0.188380 0.748524 0.748524 0.748524
2823.968994 0.000000 756.274048 0.000000 0.815059 0.000000 0.579378 0.566731 0.566731 0.566731
2821.793457 0.000000 754.129883 0.000000 0.811973 0.000000 0.583695 0.554770 0.554770 0.554770
2843.773193 0.000000 758.720764 0.000000 0.957189 0.000000 0.289462 0.650438 0.650438 0.650438
2821.576660 0.000000 757.101868 0.000000 0.870518 0.000000 0.492137 0.650989 0.650989 0.650989
2840.313965 0.000000 757.096680 0.000000 0.984369 0.000000 0.176120 0.709833 0.709833 0.709833
2832.754883 0.000000 758.547180 0.000000 0.972008 0.000000 0.234946 0.702897 0.702897 0.702897
2822.447510 0.000000 756.511963 0.000000 0.887697 0.000000 0.460427 0.619386 0.619386 0.619386
2868.795898 0.000000 739.611389 0.000000 0.837005 0.000000 0.547196 0.793061 0.793061 0.793061
2847.955078 0.000000 763.906616 0.000000 0.863669 0.000000 0.504060 0.757795 0.757795 0.757795
2863.845459 0.000000 751.765564 0.000000 0.780787 0.000000 0.624797 0.623428 0.623428 0.623428
2855.991943 0.000000 764.291687 0.000000 0.885570 0.000000 0.464505 0.631157 0.631157 0.631157
2855.033203 0.000000 762.693176 0.000000 0.994006 0.000000 0.109325 0.744210 0.744210 0.744210
2868.568604 0.000000 749.375244 0.000000 0.975421 0.000000 0.220350 0.744090 0.744090 0.744090
2860.204590 0.000000 762.066223 0.000000 0.995018 0.000000 0.099700 0.749139 0.749139 0.749139
2864.272949 0.000000 753.189697 0.000000 0.897687 0.000000 0.440634 0.567606 0.567606 0.567606
2860.980957 0.000000 755.018677 0.000000 0.901813 0.000000 0.432126 0.754484 0.754484 0.754484
2867.581055 0.000000 747.068848 0.000000 0.971500 0.000000 0.237041 0.722090 0.722090 0.722090
2870.700195 0.000000 742.936279 0.000000 0.921645 0.000000 0.388034 0.682207 0.682207 0.682207
2865.184326 0.000000 765.059998 0.000000 0.944288 0.000000 0.329119 0.751773 0.751773 0.751773
2856.198730 0.000000 765.571472 0.000000 0.789527 0.000000 0.613715 0.468758 0.468758 0.468758
2871.606934 0.000000 745.299805 0.000000 0.970027 0.000000 0.242996 0.713230 0.713230 0.713230
2854.941650 0.000000 764.808960 0.000000 0.970121 0.000000 0.242622 0.714345 0.714345 0.714345
2864.006104 0.000000 749.176392 0.000000 0.942472 0.000000 0.334286 0.693122 0.693122 0.693122
2863.329102 0.000000 752.728577 0.000000 0.894328 0.000000 0.447413 0.563753 0.563753 0.563753
2863.424805 0.000000 750.754700 0.000000 0.860528 0.000000 0.509402 0.660157 0.660157 0.660157
2855.260498 0.000000 765.735718 0.000000 0.996032 0.000000 0.088995 0.768853 0.768853 0.768853
2866.962158 0.000000 750.539429 0.000000 0.972719 0.000000 0.231986 0.680764 0.680764 0.680764
2869.338867 0.000000 747.357666 0.000000 0.960593 0.000000 0.277959 0.656547 0.656547 0.656547
2861.281006 0.000000 764.167969 0.000000 0.966002 0.000000 0.258536 0.702854 0.702854 0.702854
2868.276855 0.000000 744.763367 0.000000 0.919975 0.000000 0.391978 0.594865 0.594865 0.594865
2866.896973 0.000000 747.646240 0.000000 0.900433 0.000000 0.434995 0.653492 0.653492 0.653492
2861.936035 0.000000 765.804016 0.000000 0.992190 0.000000 0.124737 0.753541 0.753541 0.753541
2871.580811 0.000000 742.971558 0.000000 0.895183 0.000000 0.445699 0.663450 0.663450 0.663450
2864.149902 0.000000 767.153809 0.000000 0.862432 0.000000 0.506174 0.591176 0.591176 0.591176
2868.010498 0.000000 748.789124 0.000000 0.774170 0.000000 0.632978 0.627519 0.627519 0.627519
2864.227539 0.000000 751.040100 0.000000 0.897855 0.000000 0.440291 0.567801 0.567801 0.567801
2858.563477 0.000000 764.903381 0.000000 0.840670 0.000000 0.541548 0.508542 0.508542 0.508542
2884.989258 0.000000 704.047791 0.000000 0.826332 0.000000 0.563184 0.495322 0.495322 0.495322
2887.831055 0.000000 712.361633 0.000000 0.858723 0.000000 0.512440 0.525987 0.525987 0.525987
2879.412842 0.000000 716.091431 0.000000 0.946304 0.000000 0.323278 0.632344 0.632344 0.632344
2882.711182 0.000000 711.104858 0.000000 0.981186 0.000000 0.193064 0.701052 0.701052 0.701052
2901.612061 0.000000 709.982544 0.000000 0.990688 0.000000 0.136151 0.776269 0.776269 0.776269
2907.246826 0.000000 705.933105 0.000000 0.983093 0.000000 0.183106 0.773887 0.773887 0.773887
2882.043213 0.000000 712.813965 0.000000 0.759229 0.000000 0.650824 0.439078 0.439078 0.439078
2898.732910 0.000000 708.083801 0.000000 0.746894 0.000000 0.664944 0.651812 0.651812 0.651812
2879.311768 0.000000 706.995789 0.000000 0.849122 0.000000 0.528197 0.714421 0.714421 0.714421
2899.630127 0.000000 706.298645 0.000000 0.956959 0.000000 0.290225 0.742953 0.742953 0.742953
2883.908936 0.000000 707.103760 0.000000 0.779540 0.000000 0.626352 0.455275 0.455275 0.455275
2885.541260 0.000000 708.087402 0.000000 0.909279 0.000000 0.416188 0.581385 0.581385 0.581385
2890.688721 0.000000 713.733521 0.000000 0.943458 0.000000 0.331492 0.768958 0.768958 0.768958
2884.040527 0.000000 710.297058 0.000000 0.941384 0.000000 0.337338 0.624758 0.624758 0.624758
2890.430420 0.000000 707.591431 0.000000 0.969056 0.000000 0.246840 0.729263 0.729263 0.729263
2890.743896 0.000000 705.019958 0.000000 0.803599 0.000000 0.595171 0.643397 0.643397 0.643397
2900.874023 0.000000 706.221619 0.000000 0.990624 0.000000 0.136613 0.758123 0.758123 0.758123
2879.468262 0.000000 714.754456 0.000000 0.971062 0.000000 0.238826 0.677180 0.677180 0.677180
2898.350830 0.000000 709.208252 0.000000 0.931502 0.000000 0.363737 0.724160 0.724160 0.724160
2895.680664 0.000000 710.063843 0.000000 0.964170 0.000000 0.265286 0.665399 0.665399 0.665399
2882.955322 0.000000 713.228455 0.000000 0.961653 0.000000 0.274268 0.658503 0.658503 0.658503
2888.464844 0.000000 705.142334 0.000000 0.966504 0.000000 0.256652 0.677140 0.677140 0.677140
2887.606689 0.000000 706.492249 0.000000 0.867436 0.000000 0.497549 0.565977 0.565977 0.565977
2884.283447 0.000000 704.701599 0.000000 0.986598 0.000000 0.163169 0.716525 0.716525 0.716525
2881.513916 0.000000 713.643005 0.000000 0.995928 0.000000 0.090153 0.754023 0.754023 0.754023
2908.510986 0.000000 707.573914 0.000000 0.885084 0.000000 0.465430 0.713945 0.713945 0.713945
2882.586914 0.000000 715.119324 0.000000 0.966281 0.000000 0.257490 0.747987 0.747987 0.747987
2889.382080 0.000000 710.318298 0.000000 0.974981 0.000000 0.222289 0.685836 0.685836 0.685836
2905.338379 0.000000 733.607422 0.000000 0.920788 0.000000 0.390062 0.595926 0.595926 0.595926
2903.599365 0.000000 733.949463 0.000000 0.834719 0.000000 0.550677 0.642760 0.642760 0.642760
2879.593994 0.000000 713.773254 0.000000 0.807390 0.000000 0.590019 0.478593 0.478593 0.478593
2885.047607 0.000000 708.807434 0.000000 0.973357 0.000000 0.229294 0.682173 0.682173 0.682173
2899.161377 0.000000 708.831604 0.000000 0.858420 0.000000 0.512947 0.690274 0.690274 0.690274
2883.564697 0.000000 706.288635 0.000000 0.876152 0.000000 0.482036 0.543836 0.543836 0.543836
2897.428223 0.000000 709.970276 0.000000 0.985601 0.000000 0.169089 0.713468 0.713468 0.713468
2885.648682 0.000000 712.105896 0.000000 0.979409 0.000000 0.201888 0.696468 0.696468 0.696468
2880.787354 0.000000 712.033264 0.000000 0.975291 0.000000 0.220922 0.686549 0.686549 0.686549
2909.751221 0.000000 734.894287 0.000000 0.995960 0.000000 0.089801 0.777371 0.777371 0.777371
2896.224365 0.000000 703.696899 0.000000 0.910401 0.000000 0.413727 0.707994 0.707994 0.707994
2887.505859 0.000000 708.238464 0.000000 0.949426 0.000000 0.313990 0.637335 0.637335 0.637335
2907.805176 0.000000 733.084778 0.000000 0.838366 0.000000 0.545107 0.506382 0.506382 0.506382
2896.425293 0.000000 709.761230 0.000000 0.884785 0.000000 0.466000 0.553112 0.553112 0.553112
2884.947754 0.000000 705.739380 0.000000 0.853005 0.000000 0.521903 0.520356 0.520356 0.520356
2884.567139 0.000000 708.114990 0.000000 0.939533 0.000000 0.342459 0.621984 0.621984 0.621984
2888.184082 0.000000 713.039124 0.000000 0.984660 0.000000 0.174483 0.710679 0.710679 0.710679
2919.311035 0.000000 707.431702 0.000000 0.858292 0.000000 0.513161 0.776323 0.776323 0.776323
2919.594482 0.000000 715.162415 0.000000 0.893243 0.000000 0.449574 0.616536 0.616536 0.616536
2930.725098 0.000000 708.083801 0.000000 0.980920 0.000000 0.194410 0.700353 0.700353 0.700353
2911.303955 0.000000 706.995789 0.000000 0.983876 0.000000 0.178850 0.776297 0.776297 0.776297
2930.375244 0.000000 704.911194 0.000000 0.936938 0.000000 0.349494 0.733684 0.733684 0.733684
2915.290039 0.000000 716.712891 0.000000 0.786917 0.000000 0.617059 0.749530 0.749530 0.749530
2924.174072 0.000000 711.009033 0.000000 0.955543 0.000000 0.294853 0.696585 0.696585 0.696585
2918.440430 0.000000 712.307312 0.000000 0.940799 0.000000 0.338965 0.689492 0.689492 0.689492
2920.740234 0.000000 717.232544 0.000000 0.993564 0.000000 0.113270 0.783450 0.783450 0.783450
2923.766602 0.000000 705.544861 0.000000 0.808744 0.000000 0.588161 0.653068 0.653068 0.653068
2928.531494 0.000000 712.478210 0.000000 0.856510 0.000000 0.516131 0.684102 0.684102 0.684102
2930.752197 0.000000 705.824280 0.000000 0.976030 0.000000 0.217635 0.759250 0.759250 0.759250
2920.781250 0.000000 712.094543 0.000000 0.894521 0.000000 0.447025 0.563974 0.563974 0.563974
2928.764893 0.000000 706.653259 0.000000 0.778554 0.000000 0.627577 0.538485 0.538485 0.538485
2920.522705 0.000000 715.038635 0.000000 0.749064 0.000000 0.662497 0.548345 0.548345 0.548345
2921.744629 0.000000 713.657715 0.000000 0.819589 0.000000 0.572951 0.489277 0.489277 0.489277
2921.374268 0.000000 710.318298 0.000000 0.826901 0.000000 0.562348 0.562634 0.562634 0.562634
2921.523438 0.000000 715.228027 0.000000 0.865530 0.000000 0.500857 0.617695 0.617695 0.617695
2921.308350 0.000000 707.290466 0.000000 0.890958 0.000000 0.454085 0.643730 0.643730 0.643730
2923.255127 0.000000 707.789551 0.000000 0.902121 0.000000 0.431482 0.657434 0.657434 0.657434
2923.402588 0.000000 711.390076 0.000000 0.737576 0.000000 0.675264 0.438734 0.438734 0.438734
2931.153564 0.000000 708.831604 0.000000 0.991847 0.000000 0.127437 0.734920 0.734920 0.734920
2919.177002 0.000000 711.786560 0.000000 0.976713 0.000000 0.214550 0.754654 0.754654 0.754654
2916.045166 0.000000 703.898254 0.000000 0.958202 0.000000 0.286093 0.658024 0.658024 0.658024
2882.077881 0.000000 764.911438 0.000000 0.840700 0.000000 0.541501 0.725714 0.725714 0.725714
2904.174316 0.000000 742.378479 0.000000 0.893936 0.000000 0.448195 0.563307 0.563307 0.563307
2887.594238 0.000000 737.515869 0.000000 0.922750 0.000000 0.385399 0.782616 0.782616 0.782616
2903.221680 0.000000 740.075134 0.000000 0.953649 0.000000 0.300923 0.721249 0.721249 0.721249
2902.581543 0.000000 744.302612 0.000000 0.951523 0.000000 0.307577 0.640771 0.640771 0.640771
2896.843750 0.000000 748.441101 0.000000 0.774926 0.000000 0.632051 0.745340 0.745340 0.745340
2899.875000 0.000000 750.713379 0.000000 0.941602 0.000000 0.336728 0.786967 0.786967 0.786967
2902.005615 0.000000 748.571533 0.000000 0.793245 0.000000 0.608903 0.466576 0.466576 0.466576
2908.345459 0.000000 744.534973 0.000000 0.978846 0.000000 0.204598 0.695058 0.695058 0.695058
2907.246826 0.000000 737.917480 0.000000 0.750880 0.000000 0.660439 0.432593 0.432593 0.432593
2888.062744 0.000000 735.641724 0.000000 0.779469 0.000000 0.626441 0.754029 0.754029 0.754029
2887.318848 0.000000 739.416077 0.000000 0.740501 0.000000 0.672055 0.424659 0.424659 0.424659
2908.472900 0.000000 747.107056 0.000000 0.981334 0.000000 0.192312 0.701442 0.701442 0.701442
2907.103271 0.000000 749.215698 0.000000 0.978039 0.000000 0.208422 0.696422 0.696422 0.696422
2892.961182 0.000000 741.584045 0.000000 0.887268 0.000000 0.461255 0.749253 0.749253 0.749253
2887.602295 0.000000 747.146790 0.000000 0.885469 0.000000 0.464698 0.758494 0.758494 0.758494
2883.749512 0.000000 764.956787 0.000000 0.967709 0.000000 0.252071 0.766919 0.766919 0.766919
2906.909668 0.000000 747.527283 0.000000 0.844516 0.000000 0.535530 0.512179 0.512179 0.512179
2902.991455 0.000000 741.585693 0.000000 0.995897 0.000000 0.090497 0.776652 0.776652 0.776652
2882.555420 0.000000 763.559509 0.000000 0.873985 0.000000 0.485954 0.667231 0.667231 0.667231
2899.573242 0.000000 747.068848 0.000000 0.992521 0.000000 0.122072 0.737674 0.737674 0.737674
2882.167969 0.000000 753.316650 0.000000 0.840018 0.000000 0.542558 0.732423 0.732423 0.732423
2897.243652 0.000000 745.243652 0.000000 0.985946 0.000000 0.167066 0.714513 0.714513 0.714513
2894.876709 0.000000 746.439453 0.000000 0.989455 0.000000 0.144840 0.774163 0.774163 0.774163
2903.599121 0.000000 745.299805 0.000000 0.786942 0.000000 0.617027 0.461339 0.461339 0.461339
2906.233398 0.000000 744.869507 0.000000 0.915218 0.000000 0.402958 0.588771 0.588771 0.588771
2893.207520 0.000000 744.493591 0.000000 0.820263 0.000000 0.571987 0.489876 0.489876 0.489876
2907.915527 0.000000 748.219360 0.000000 0.874528 0.000000 0.484976 0.550216 0.550216 0.550216
2909.423584 0.000000 747.839722 0.000000 0.881949 0.000000 0.471344 0.550031 0.550031 0.550031
2909.406738 0.000000 739.987732 0.000000 0.921826 0.000000 0.387603 0.597285 0.597285 0.597285
2892.079590 0.000000 745.707397 0.000000 0.955298 0.000000 0.295644 0.647145 0.647145 0.647145
2904.883057 0.000000 738.584045 0.000000 0.917206 0.000000 0.398414 0.686236 0.686236 0.686236
2903.902344 0.000000 741.175659 0.000000 0.993841 0.000000 0.110811 0.771391 0.771391 0.771391
2886.545898 0.000000 740.174805 0.000000 0.951137 0.000000 0.308769 0.640133 0.640133 0.640133
2886.128418 0.000000 739.258423 0.000000 0.952503 0.000000 0.304529 0.642402 0.642402 0.642402
2909.791260 0.000000 742.800171 0.000000 0.890656 0.000000 0.454677 0.559608 0.559608 0.559608
2909.402588 0.000000 746.810059 0.000000 0.974671 0.000000 0.223646 0.685127 0.685127 0.685127
2905.654785 0.000000 751.605896 0.000000 0.759728 0.000000 0.650241 0.514403 0.514403 0.514403
2906.352539 0.000000 749.866821 0.000000 0.990522 0.000000 0.137356 0.732025 0.732025 0.732025
2908.054688 0.000000 749.229370 0.000000 0.948218 0.000000 0.317622 0.730926 0.730926 0.730926
2892.466553 0.000000 743.861755 0.000000 0.843453 0.000000 0.537203 0.511169 0.511169 0.511169
2901.331055 0.000000 747.357666 0.000000 0.740240 0.000000 0.672343 0.424461 0.424461 0.424461
2889.316162 0.000000 739.274841 0.000000 0.991098 0.000000 0.133136 0.731992 0.731992 0.731992
2903.633057 0.000000 749.094727 0.000000 0.855207 0.000000 0.518287 0.522512 0.522512 0.522512
2903.089111 0.000000 747.438843 0.000000 0.932330 0.000000 0.361608 0.611565 0.611565 0.611565
2911.041016 0.000000 738.155701 0.000000 0.890151 0.000000 0.455666 0.559042 0.559042 0.559042
2891.410400 0.000000 743.374451 0.000000 0.906878 0.000000 0.421394 0.578465 0.578465 0.578465
2909.779297 0.000000 748.641968 0.000000 0.927072 0.000000 0.374882 0.717880 0.717880 0.717880
2911.034912 0.000000 741.248230 0.000000 0.971196 0.000000 0.238284 0.677464 0.677464 0.677464
2903.054199 0.000000 743.648926 0.000000 0.847217 0.000000 0.531247 0.514758 0.514758 0.514758
2902.215088 0.000000 743.584656 0.000000 0.886423 0.000000 0.462876 0.554908 0.554908 0.554908
2905.844727 0.000000 744.130005 0.000000 0.982168 0.000000 0.188006 0.703676 0.703676 0.703676
2908.098145 0.000000 740.289612 0.000000 0.981866 0.000000 0.189577 0.702861 0.702861 0.702861
2904.689453 0.000000 736.612000 0.000000 0.818174 0.000000 0.574971 0.639729 0.639729 0.639729
2900.651855 0.000000 743.318970 0.000000 0.989165 0.000000 0.146810 0.742616 0.742616 0.742616
2911.352051 0.000000 741.881470 0.000000 0.841350 0.000000 0.540491 0.509182 0.509182 0.509182
2911.460449 0.000000 746.738831 0.000000 0.864336 0.000000 0.502916 0.604238 0.604238 0.604238
2913.544189 0.000000 740.405823 0.000000 0.984037 0.000000 0.177966 0.735678 0.735678 0.735678
2913.928467 0.000000 738.636597 0.000000 0.898393 0.000000 0.439193 0.710094 0.710094 0.710094
2913.247070 0.000000 741.296692 0.000000 0.995094 0.000000 0.098939 0.764373 0.764373 0.764373
2911.586182 0.000000 745.757629 0.000000 0.988102 0.000000 0.153801 0.721666 0.721666 0.721666
2911.376953 0.000000 743.054504 0.000000 0.916984 0.000000 0.398923 0.591014 0.591014 0.591014
2737.935547 0.000000 790.577820 0.000000 0.888129 0.000000 0.459594 0.587312 0.587312 0.587312
2748.538574 0.000000 774.386658 0.000000 0.931788 0.000000 0.363002 0.625642 0.625642 0.625642
2748.967773 0.000000 780.917297 0.000000 0.993327 0.000000 0.115332 0.741131 0.741131 0.741131
2731.169922 0.000000 792.826355 0.000000 0.763692 0.000000 0.645580 0.727115 0.727115 0.727115
2747.019287 0.000000 777.886414 0.000000 0.917413 0.000000 0.397937 0.591562 0.591562 0.591562
2739.256592 0.000000 787.339172 0.000000 0.961850 0.000000 0.273577 0.751296 0.751296 0.751296
2722.732178 0.000000 769.966492 0.000000 0.891672 0.000000 0.452682 0.769976 0.769976 0.769976
2740.938232 0.000000 778.511047 0.000000 0.954788 0.000000 0.297289 0.646268 0.646268 0.646268
2748.484863 0.000000 783.614807 0.000000 0.960436 0.000000 0.278501 0.656260 0.656260 0.656260
2725.388916 0.000000 770.425842 0.000000 0.845081 0.000000 0.534638 0.589326 0.589326 0.589326
2742.044678 0.000000 780.555908 0.000000 0.789692 0.000000 0.613503 0.463616 0.463616 0.463616
2747.222168 0.000000 785.265625 0.000000 0.883720 0.000000 0.468016 0.673543 0.673543 0.673543
2750.488037 0.000000 787.692139 0.000000 0.918068 0.000000 0.396423 0.695794 0.695794 0.695794
2744.183594 0.000000 781.812439 0.000000 0.824178 0.000000 0.566330 0.493380 0.493380 0.493380
2738.949951 0.000000 791.967712 0.000000 0.982598 0.000000 0.185746 0.704848 0.704848 0.704848
2741.492432 0.000000 767.699646 0.000000 0.947691 0.000000 0.319190 0.634543 0.634543 0.634543
2743.604248 0.000000 780.199158 0.000000 0.984879 0.000000 0.173242 0.711321 0.711321 0.711321
2741.189209 0.000000 776.959961 0.000000 0.822374 0.000000 0.568948 0.491761 0.491761 0.491761
2746.948730 0.000000 779.511658 0.000000 0.787766 0.000000 0.615974 0.462020 0.462020 0.462020
2730.727783 0.000000 777.702271 0.000000 0.926882 0.000000 0.375352 0.650913 0.650913 0.650913
2746.218994 0.000000 787.131958 0.000000 0.963054 0.000000 0.269308 0.705785 0.705785 0.705785
2740.704834 0.000000 779.966370 0.000000 0.899561 0.000000 0.436796 0.569781 0.569781 0.569781
2742.404053 0.000000 777.641541 0.000000 0.872636 0.000000 0.488371 0.563584 0.563584 0.563584
2745.307861 0.000000 768.036621 0.000000 0.751103 0.000000 0.660185 0.432765 0.432765 0.432765
2742.257568 0.000000 779.202271 0.000000 0.945868 0.000000 0.324551 0.631659 0.631659 0.631659
2729.410645 0.000000 775.258301 0.000000 0.892693 0.000000 0.450666 0.561898 0.561898 0.561898
2746.272461 0.000000 776.853882 0.000000 0.989794 0.000000 0.142507 0.727174 0.727174 0.727174
2725.598389 0.000000 769.222595 0.000000 0.917700 0.000000 0.397275 0.591929 0.591929 0.591929
2749.462646 0.000000 779.824097 0.000000 0.974019 0.000000 0.226466 0.683652 0.683652 0.683652
2749.445801 0.000000 771.972107 0.000000 0.969601 0.000000 0.244690 0.675089 0.675089 0.675089
2748.520264 0.000000 769.780090 0.000000 0.887762 0.000000 0.460303 0.556385 0.556385 0.556385
2734.533691 0.000000 793.087036 0.000000 0.804579 0.000000 0.593845 0.726346 0.726346 0.726346
2749.350830 0.000000 782.091919 0.000000 0.906026 0.000000 0.423221 0.577439 0.577439 0.577439
2744.792725 0.000000 784.992493 0.000000 0.940526 0.000000 0.339721 0.623468 0.623468 0.623468
2747.269531 0.000000 776.321594 0.000000 0.784794 0.000000 0.619757 0.459570 0.459570 0.459570
2728.940430 0.000000 777.278564 0.000000 0.964792 0.000000 0.263014 0.678274 0.678274 0.678274
2727.524170 0.000000 773.930298 0.000000 0.894867 0.000000 0.446333 0.564367 0.564367 0.564367
2747.966797 0.000000 767.650635 0.000000 0.782075 0.000000 0.623184 0.457342 0.457342 0.457342
2745.010010 0.000000 789.507996 0.000000 0.761712 0.000000 0.647916 0.441025 0.441025 0.441025
2747.861816 0.000000 784.456543 0.000000 0.878130 0.000000 0.478421 0.670477 0.670477 0.670477
2730.352783 0.000000 772.607910 0.000000 0.980677 0.000000 0.195635 0.699717 0.699717 0.699717
2727.548096 0.000000 768.494324 0.000000 0.900613 0.000000 0.434621 0.571012 0.571012 0.571012
2726.584961 0.000000 772.159180 0.000000 0.741443 0.000000 0.671016 0.425373 0.425373 0.425373
2747.867920 0.000000 777.376160 0.000000 0.834299 0.000000 0.551312 0.502604 0.502604 0.502604
2731.371826 0.000000 790.384644 0.000000 0.965301 0.000000 0.261139 0.725070 0.725070 0.725070
2728.318359 0.000000 771.579773 0.000000 0.972615 0.000000 0.232421 0.680536 0.680536 0.680536
2724.928467 0.000000 771.279480 0.000000 0.942099 0.000000 0.335334 0.672284 0.672284 0.672284
2748.550049 0.000000 771.542664 0.000000 0.741550 0.000000 0.670898 0.428392 0.428392 0.428392
2737.185303 0.000000 791.193359 0.000000 0.841236 0.000000 0.540668 0.545583 0.545583 0.545583
2737.616699 0.000000 789.699158 0.000000 0.988749 0.000000 0.149584 0.723530 0.723530 0.723530
2740.617188 0.000000 767.919678 0.000000 0.943876 0.000000 0.330300 0.628560 0.628560 0.628560
2739.550049 0.000000 769.357910 0.000000 0.986260 0.000000 0.165202 0.727409 0.727409 0.727409
2742.315918 0.000000 767.980896 0.000000 0.812844 0.000000 0.582482 0.561567 0.561567 0.561567
2740.946045 0.000000 776.097107 0.000000 0.985060 0.000000 0.172213 0.711853 0.711853 0.711853
2742.886719 0.000000 780.715881 0.000000 0.986871 0.000000 0.161510 0.717382 0.717382 0.717382
2727.544922 0.000000 772.207214 0.000000 0.866762 0.000000 0.498722 0.534085 0.534085 0.534085
2749.671143 0.000000 787.642029 0.000000 0.991584 0.000000 0.129464 0.733879 0.733879 0.733879
2746.879150 0.000000 787.614075 0.000000 0.967148 0.000000 0.254212 0.711189 0.711189 0.711189
2744.245361 0.000000 769.772583 0.000000 0.986992 0.000000 0.160771 0.717763 0.717763 0.717763
2744.099365 0.000000 772.315369 0.000000 0.892484 0.000000 0.451078 0.561663 0.561663 0.561663
2750.951172 0.000000 784.214722 0.000000 0.895667 0.000000 0.444725 0.574487 0.574487 0.574487
2741.913818 0.000000 774.714966 0.000000 0.983269 0.000000 0.182162 0.706705 0.706705 0.706705
2743.093262 0.000000 775.633301 0.000000 0.988548 0.000000 0.150910 0.722848 0.722848 0.722848
2745.883789 0.000000 776.114380 0.000000 0.829107 0.000000 0.559090 0.497841 0.497841 0.497841
2736.778320 0.000000 790.531555 0.000000 0.821580 0.000000 0.570093 0.529822 0.529822 0.529822
2748.864990 0.000000 773.614563 0.000000 0.992388 0.000000 0.123153 0.741064 0.741064 0.741064
2724.986816 0.000000 769.708130 0.000000 0.946607 0.000000 0.322389 0.632822 0.632822 0.632822
2740.992188 0.000000 772.384888 0.000000 0.992919 0.000000 0.118795 0.739355 0.739355 0.739355
2727.111328 0.000000 767.864563 0.000000 0.737155 0.000000 0.675723 0.422130 0.422130 0.422130
2747.758301 0.000000 779.441162 0.000000 0.893674 0.000000 0.448716 0.563010 0.563010 0.563010
2742.077148 0.000000 776.940369 0.000000 0.827195 0.000000 0.561915 0.523514 0.523514 0.523514
2766.983154 0.000000 795.584961 0.000000 0.771425 0.000000 0.636320 0.479035 0.479035 0.479035
2751.685547 0.000000 784.702881 0.000000 0.763784 0.000000 0.645472 0.456670 0.456670 0.456670
2771.248779 0.000000 787.339172 0.000000 0.834717 0.000000 0.550680 0.784858 0.784858 0.784858
2759.118896 0.000000 784.094604 0.000000 0.921453 0.000000 0.388491 0.780078 0.780078 0.780078
2764.178711 0.000000 795.514038 0.000000 0.962652 0.000000 0.270742 0.663107 0.663107 0.663107
2770.319092 0.000000 796.328430 0.000000 0.975569 0.000000 0.219694 0.788498 0.788498 0.788498
2764.452881 0.000000 790.811646 0.000000 0.870974 0.000000 0.491329 0.538418 0.538418 0.538418
2783.119385 0.000000 791.044128 0.000000 0.901428 0.000000 0.432929 0.577334 0.577334 0.577334
2762.435791 0.000000 785.753967 0.000000 0.881311 0.000000 0.472536 0.549342 0.549342 0.549342
2755.329102 0.000000 780.681641 0.000000 0.824245 0.000000 0.566234 0.748306 0.748306 0.748306
2773.895996 0.000000 792.350830 0.000000 0.990909 0.000000 0.134535 0.731274 0.731274 0.731274
2761.745850 0.000000 793.347290 0.000000 0.908340 0.000000 0.418232 0.580240 0.580240 0.580240
2761.046631 0.000000 790.319031 0.000000 0.978023 0.000000 0.208497 0.693028 0.693028 0.693028
2765.354736 0.000000 789.658325 0.000000 0.862454 0.000000 0.506135 0.529718 0.529718 0.529718
2780.495850 0.000000 790.219849 0.000000 0.971898 0.000000 0.235404 0.720265 0.720265 0.720265
2759.196289 0.000000 793.362366 0.000000 0.855046 0.000000 0.518553 0.653011 0.653011 0.653011
2762.425781 0.000000 784.555237 0.000000 0.878470 0.000000 0.477798 0.546296 0.546296 0.546296
2774.375488 0.000000 788.002319 0.000000 0.939445 0.000000 0.342699 0.687524 0.687524 0.687524
2767.705078 0.000000 789.120728 0.000000 0.907656 0.000000 0.419715 0.632177 0.632177 0.632177
2783.072998 0.000000 792.174438 0.000000 0.970692 0.000000 0.240327 0.684148 0.684148 0.684148
2774.989746 0.000000 792.751160 0.000000 0.978658 0.000000 0.205495 0.722700 0.722700 0.722700
2766.525879 0.000000 793.087036 0.000000 0.903353 0.000000 0.428898 0.589294 0.589294 0.589294
2772.898926 0.000000 794.446655 0.000000 0.875731 0.000000 0.482799 0.622891 0.622891 0.622891
2751.391357 0.000000 785.761841 0.000000 0.901511 0.000000 0.432755 0.581005 0.581005 0.581005
2762.270752 0.000000 792.146118 0.000000 0.928282 0.000000 0.371876 0.605943 0.605943 0.605943
2767.048828 0.000000 788.253601 0.000000 0.985720 0.000000 0.168392 0.734442 0.734442 0.734442
2766.680176 0.000000 796.619995 0.000000 0.769096 0.000000 0.639133 0.456563 0.456563 0.456563
2751.354980 0.000000 789.647339 0.000000 0.920728 0.000000 0.390204 0.740756 0.740756 0.740756
2777.002197 0.000000 789.507996 0.000000 0.982632 0.000000 0.185563 0.774651 0.774651 0.774651
2765.696045 0.000000 791.883667 0.000000 0.764766 0.000000 0.644308 0.443433 0.443433 0.443433
2776.892334 0.000000 793.727112 0.000000 0.995205 0.000000 0.097807 0.779847 0.779847 0.779847
2780.739990 0.000000 792.223511 0.000000 0.736180 0.000000 0.676786 0.618864 0.618864 0.618864
2765.515137 0.000000 787.805542 0.000000 0.761111 0.000000 0.648622 0.444782 0.444782 0.444782
2764.090332 0.000000 793.086792 0.000000 0.991518 0.000000 0.129967 0.747157 0.747157 0.747157
2758.244873 0.000000 793.378967 0.000000 0.809719 0.000000 0.586818 0.630911 0.630911 0.630911
2758.444336 0.000000 790.189026 0.000000 0.911484 0.000000 0.411336 0.636593 0.636593 0.636593
2759.177979 0.000000 787.050781 0.000000 0.917174 0.000000 0.398488 0.726326 0.726326 0.726326
2760.097168 0.000000 786.343506 0.000000 0.880501 0.000000 0.474044 0.548470 0.548470 0.548470
2769.373535 0.000000 796.174194 0.000000 0.818040 0.000000 0.575162 0.623757 0.623757 0.623757
2765.959473 0.000000 797.788391 0.000000 0.993794 0.000000 0.111234 0.759928 0.759928 0.759928
2782.434082 0.000000 791.579285 0.000000 0.975240 0.000000 0.221149 0.689103 0.689103 0.689103
2760.760010 0.000000 787.885193 0.000000 0.822896 0.000000 0.568192 0.492229 0.492229 0.492229
2768.597656 0.000000 791.855347 0.000000 0.965946 0.000000 0.258742 0.668275 0.668275 0.668275
2773.927490 0.000000 790.012390 0.000000 0.993002 0.000000 0.118093 0.757919 0.757919 0.757919
2774.232910 0.000000 793.064209 0.000000 0.828076 0.000000 0.560616 0.577729 0.577729 0.577729
2763.607178 0.000000 796.015991 0.000000 0.755852 0.000000 0.654743 0.556203 0.556203 0.556203
2765.148682 0.000000 790.398926 0.000000 0.937719 0.000000 0.347394 0.619307 0.619307 0.619307
2786.101318 0.000000 796.895813 0.000000 0.993159 0.000000 0.116773 0.758625 0.758625 0.758625
2785.776123 0.000000 794.328735 0.000000 0.898191 0.000000 0.439605 0.625460 0.625460 0.625460
2789.349121 0.000000 790.445984 0.000000 0.976592 0.000000 0.215100 0.792639 0.792639 0.792639
2789.120117 0.000000 788.409790 0.000000 0.873429 0.000000 0.486952 0.762416 0.762416 0.762416
2787.111572 0.000000 790.943115 0.000000 0.870422 0.000000 0.492306 0.566632 0.566632 0.566632
2786.578857 0.000000 795.543884 0.000000 0.904605 0.000000 0.426251 0.575734 0.575734 0.575734
2787.199707 0.000000 793.830811 0.000000 0.890224 0.000000 0.455523 0.577071 0.577071 0.577071
2785.452881 0.000000 775.428894 0.000000 0.947573 0.000000 0.319540 0.742836 0.742836 0.742836
2790.561768 0.000000 791.188965 0.000000 0.984913 0.000000 0.173052 0.711419 0.711419 0.711419
2788.936523 0.000000 797.322754 0.000000 0.964088 0.000000 0.265585 0.733964 0.733964 0.733964
2792.630615 0.000000 792.769714 0.000000 0.938357 0.000000 0.345667 0.620244 0.620244 0.620244
2783.708252 0.000000 791.872253 0.000000 0.958250 0.000000 0.285932 0.655790 0.655790 0.655790
2792.316406 0.000000 791.068298 0.000000 0.939475 0.000000 0.342617 0.621899 0.621899 0.621899
2790.237061 0.000000 793.378967 0.000000 0.905364 0.000000 0.424636 0.576643 0.576643 0.576643
2786.769531 0.000000 794.641663 0.000000 0.989425 0.000000 0.145048 0.725866 0.725866 0.725866
2786.490967 0.000000 789.251953 0.000000 0.902308 0.000000 0.431093 0.632647 0.632647 0.632647
2793.432617 0.000000 789.476990 0.000000 0.864390 0.000000 0.502822 0.536934 0.536934 0.536934
2788.460449 0.000000 792.678101 0.000000 0.910706 0.000000 0.413055 0.583139 0.583139 0.583139
2783.977295 0.000000 790.199463 0.000000 0.959752 0.000000 0.280850 0.658426 0.658426 0.658426
2791.799072 0.000000 792.750610 0.000000 0.838539 0.000000 0.544842 0.506543 0.506543 0.506543
2787.898926 0.000000 794.235535 0.000000 0.809955 0.000000 0.586492 0.480813 0.480813 0.480813
2785.462158 0.000000 792.191895 0.000000 0.983534 0.000000 0.180722 0.707451 0.707451 0.707451
2846.393066 0.000000 793.161621 0.000000 0.929947 0.000000 0.367694 0.730062 0.730062 0.730062
2844.461426 0.000000 783.614807 0.000000 0.968889 0.000000 0.247496 0.754546 0.754546 0.754546
2846.853516 0.000000 786.488770 0.000000 0.991362 0.000000 0.131153 0.733011 0.733011 0.733011
2850.095703 0.000000 799.584229 0.000000 0.986128 0.000000 0.165985 0.779351 0.779351 0.779351
2848.686279 0.000000 782.391602 0.000000 0.976528 0.000000 0.215393 0.689435 0.689435 0.689435
2854.104980 0.000000 778.013062 0.000000 0.911236 0.000000 0.411885 0.738953 0.738953 0.738953
2847.955078 0.000000 795.890991 0.000000 0.897814 0.000000 0.440375 0.728049 0.728049 0.728049
2853.195801 0.000000 784.203857 0.000000 0.982620 0.000000 0.185628 0.751149 0.751149 0.751149
2849.939209 0.000000 788.456482 0.000000 0.746685 0.000000 0.665178 0.429369 0.429369 0.429369
2874.917480 0.000000 779.511658 0.000000 0.749991 0.000000 0.661449 0.690294 0.690294 0.690294
2847.435547 0.000000 781.566772 0.000000 0.792006 0.000000 0.610513 0.465541 0.465541 0.465541
2848.721191 0.000000 797.014771 0.000000 0.820991 0.000000 0.570941 0.490526 0.490526 0.490526
2875.181152 0.000000 774.401794 0.000000 0.996091 0.000000 0.088335 0.754953 0.754953 0.754953
2871.606934 0.000000 777.284180 0.000000 0.746046 0.000000 0.665895 0.428880 0.428880 0.428880
2874.241211 0.000000 776.853882 0.000000 0.981049 0.000000 0.193760 0.700691 0.700691 0.700691
2877.431396 0.000000 779.824097 0.000000 0.739126 0.000000 0.673567 0.680443 0.680443 0.680443
2847.367920 0.000000 785.761841 0.000000 0.768575 0.000000 0.639760 0.446454 0.446454 0.446454
2847.337158 0.000000 794.964294 0.000000 0.914195 0.000000 0.405276 0.734161 0.734161 0.734161
2849.955322 0.000000 797.877380 0.000000 0.987674 0.000000 0.156525 0.719953 0.719953 0.719953
2849.206299 0.000000 799.324402 0.000000 0.943144 0.000000 0.332386 0.627434 0.627434 0.627434
2852.272217 0.000000 784.384888 0.000000 0.772903 0.000000 0.634524 0.620152 0.620152 0.620152
2850.475342 0.000000 789.251953 0.000000 0.979491 0.000000 0.201490 0.708831 0.708831 0.708831
2850.210693 0.000000 790.848938 0.000000 0.994290 0.000000 0.106709 0.773522 0.773522 0.773522
2849.858154 0.000000 798.730164 0.000000 0.953638 0.000000 0.300955 0.644311 0.644311 0.644311
2849.374023 0.000000 785.929932 0.000000 0.924191 0.000000 0.381931 0.600415 0.600415 0.600415
2873.657715 0.000000 775.126282 0.000000 0.989065 0.000000 0.147481 0.724614 0.724614 0.724614
2852.133545 0.000000 780.797119 0.000000 0.916268 0.000000 0.400567 0.590101 0.590101 0.590101
2848.186768 0.000000 788.356934 0.000000 0.966944 0.000000 0.254989 0.668685 0.668685 0.668685
2846.133057 0.000000 800.012695 0.000000 0.868399 0.000000 0.495865 0.707776 0.707776 0.707776
2846.103027 0.000000 816.145630 0.000000 0.907246 0.000000 0.420600 0.754915 0.754915 0.754915
2847.253174 0.000000 809.113953 0.000000 0.903366 0.000000 0.428870 0.611440 0.611440 0.611440
2846.489502 0.000000 813.125732 0.000000 0.773562 0.000000 0.633721 0.628648 0.628648 0.628648
2846.449463 0.000000 808.700195 0.000000 0.866682 0.000000 0.498861 0.577814 0.577814 0.577814
2846.917236 0.000000 813.983215 0.000000 0.977070 0.000000 0.212920 0.746433 0.746433 0.746433
2846.805176 0.000000 809.795532 0.000000 0.888787 0.000000 0.458320 0.597459 0.597459 0.597459
2847.319580 0.000000 802.948914 0.000000 0.826257 0.000000 0.563293 0.631494 0.631494 0.631494
2847.572998 0.000000 799.682495 0.000000 0.949176 0.000000 0.314746 0.775060 0.775060 0.775060
2847.435547 0.000000 813.551147 0.000000 0.809926 0.000000 0.586532 0.643524 0.643524 0.643524
2850.348877 0.000000 800.748901 0.000000 0.888690 0.000000 0.458509 0.707722 0.707722 0.707722
2849.944092 0.000000 802.605347 0.000000 0.958695 0.000000 0.284436 0.653110 0.653110 0.653110
2848.248291 0.000000 803.316101 0.000000 0.914293 0.000000 0.405054 0.587604 0.587604 0.587604
2849.521729 0.000000 809.596130 0.000000 0.904876 0.000000 0.425676 0.635776 0.635776 0.635776
2848.795166 0.000000 807.986389 0.000000 0.946771 0.000000 0.321908 0.645518 0.645518 0.645518
2847.351074 0.000000 807.977051 0.000000 0.920725 0.000000 0.390213 0.699923 0.699923 0.699923
2848.708740 0.000000 799.724243 0.000000 0.868019 0.000000 0.496532 0.535371 0.535371 0.535371
2848.251953 0.000000 810.647217 0.000000 0.996201 0.000000 0.087082 0.765693 0.765693 0.765693
"}
object={
	name="charo_hidden_grave_flowers_01_generator_1_2"
	render_pass=Map
	clamp_to_water_level=no
	generated_content=yes
	layer="grass_layer"
	pdxmesh="charo_hidden_grave_flowers_01_tall_grass_mesh"
	count=1369
	transform="2716.175781 0.000000 759.481934 0.000000 0.915773 0.000000 -0.401697 1.010527 1.010527 1.010527
2719.135010 0.000000 759.059753 0.000000 0.144740 0.000000 -0.989470 0.908192 0.908192 0.908192
2717.879395 0.000000 758.714478 0.000000 0.992461 0.000000 -0.122560 0.862577 0.862577 0.862577
2719.088623 0.000000 760.190063 0.000000 0.531503 0.000000 -0.847057 1.314604 1.314604 1.314604
2716.755615 0.000000 760.239136 0.000000 0.734569 0.000000 -0.678534 1.093426 1.093426 1.093426
2717.039795 0.000000 759.137451 0.000000 0.989755 0.000000 -0.142775 0.872964 0.872964 0.872964
2715.804443 0.000000 758.720764 0.000000 0.820886 0.000000 -0.571092 1.037942 1.037942 1.037942
2729.817627 0.000000 765.156555 0.000000 0.620611 0.000000 -0.784119 1.259015 1.259015 1.259015
2739.495605 0.000000 766.601501 0.000000 0.490068 0.000000 -0.871684 1.339155 1.339155 1.339155
2734.990967 0.000000 763.600586 0.000000 0.865442 0.000000 -0.501010 0.866029 0.866029 0.866029
2741.807617 0.000000 764.744385 0.000000 0.784172 0.000000 -0.620543 1.050023 1.050023 1.050023
2727.523438 0.000000 766.701904 0.000000 0.521569 0.000000 -0.853209 1.320555 1.320555 1.320555
2747.160400 0.000000 764.508789 0.000000 0.999937 0.000000 0.011200 0.794296 0.794296 0.794296
2738.326904 0.000000 764.344055 0.000000 0.537364 0.000000 -0.843350 1.311072 1.311072 1.311072
2743.455322 0.000000 759.733948 0.000000 0.583601 0.000000 -0.812041 1.282629 1.282629 1.282629
2745.269043 0.000000 756.488220 0.000000 0.876009 0.000000 -0.482295 0.838196 0.838196 0.838196
2745.588135 0.000000 760.907043 0.000000 0.646385 0.000000 -0.763012 0.881476 0.881476 0.881476
2750.488037 0.000000 755.707764 0.000000 0.246161 0.000000 -0.969229 0.982195 0.982195 0.982195
2747.477295 0.000000 757.513855 0.000000 0.960450 0.000000 -0.278454 0.851850 0.851850 0.851850
2741.604980 0.000000 767.013794 0.000000 0.670125 0.000000 -0.742248 1.225985 1.225985 1.225985
2746.328125 0.000000 766.666260 0.000000 0.999985 0.000000 -0.005515 0.802809 0.802809 0.802809
2728.023193 0.000000 764.291687 0.000000 0.712228 0.000000 -0.701948 1.196298 1.196298 1.196298
2744.048340 0.000000 757.887512 0.000000 0.962641 0.000000 -0.270781 0.820811 0.820811 0.820811
2743.149902 0.000000 763.401917 0.000000 0.998423 0.000000 -0.056145 0.811107 0.811107 0.811107
2725.589600 0.000000 762.078735 0.000000 0.525910 0.000000 -0.850540 1.317960 1.317960 1.317960
2736.789062 0.000000 763.480225 0.000000 0.322141 0.000000 -0.946692 1.432956 1.432956 1.432956
2744.760254 0.000000 767.620483 0.000000 0.999995 0.000000 0.003298 0.798320 0.798320 0.798320
2726.147949 0.000000 765.641357 0.000000 0.893647 0.000000 -0.448771 1.037021 1.037021 1.037021
2748.093018 0.000000 766.800354 0.000000 0.042867 0.000000 -0.999081 1.578161 1.578161 1.578161
2723.788574 0.000000 764.956787 0.000000 0.688119 0.000000 -0.725597 1.095124 1.095124 1.095124
2743.188232 0.000000 766.733704 0.000000 0.306192 0.000000 -0.951970 1.283021 1.283021 1.283021
2746.518555 0.000000 763.021301 0.000000 0.992837 0.000000 -0.119478 0.860995 0.860995 0.860995
2737.409180 0.000000 760.121460 0.000000 0.951729 0.000000 -0.306939 0.874771 0.874771 0.874771
2722.040527 0.000000 760.780884 0.000000 0.997283 0.000000 0.073665 0.762449 0.762449 0.762449
2737.942627 0.000000 766.626587 0.000000 0.835736 0.000000 -0.549131 1.084455 1.084455 1.084455
2746.769043 0.000000 759.953979 0.000000 0.746541 0.000000 -0.665340 1.170741 1.170741 1.170741
2720.296143 0.000000 762.468079 0.000000 0.555734 0.000000 -0.831360 0.950950 0.950950 0.950950
2735.116455 0.000000 762.086609 0.000000 0.325013 0.000000 -0.945710 0.955996 0.955996 0.955996
2750.121826 0.000000 762.592346 0.000000 0.244744 0.000000 -0.969588 1.333972 1.333972 1.333972
2748.724609 0.000000 756.365417 0.000000 0.996971 0.000000 -0.077768 0.839647 0.839647 0.839647
2728.912842 0.000000 763.204834 0.000000 0.931468 0.000000 -0.363824 0.989646 0.989646 0.989646
2751.135742 0.000000 756.970947 0.000000 0.318440 0.000000 -0.947943 1.434946 1.434946 1.434946
2723.215332 0.000000 761.846436 0.000000 0.999955 0.000000 -0.009488 0.804832 0.804832 0.804832
2746.661133 0.000000 756.423157 0.000000 0.917465 0.000000 -0.397815 0.875177 0.875177 0.875177
2737.215576 0.000000 765.059998 0.000000 0.166071 0.000000 -0.986114 1.515027 1.515027 1.515027
2721.281982 0.000000 763.552185 0.000000 0.142125 0.000000 -0.989849 1.019637 1.019637 1.019637
2726.577393 0.000000 759.204590 0.000000 0.017784 0.000000 -0.999842 1.590942 1.590942 1.590942
2746.946045 0.000000 758.663391 0.000000 0.238847 0.000000 -0.971057 1.477169 1.477169 1.477169
2744.256836 0.000000 764.253174 0.000000 0.997472 0.000000 0.071059 0.763779 0.763779 0.763779
2747.394287 0.000000 765.740540 0.000000 0.816596 0.000000 -0.577210 1.113374 1.113374 1.113374
2738.629639 0.000000 765.576538 0.000000 0.170098 0.000000 -0.985427 1.512946 1.512946 1.512946
2724.438477 0.000000 761.543213 0.000000 0.274242 0.000000 -0.961661 1.458517 1.458517 1.458517
2748.503662 0.000000 758.235474 0.000000 0.078634 0.000000 -0.996904 1.559911 1.559911 1.559911
2747.719727 0.000000 763.442017 0.000000 0.990143 0.000000 -0.140061 0.871568 0.871568 0.871568
2724.952148 0.000000 765.338379 0.000000 0.199429 0.000000 -0.979912 1.385559 1.385559 1.385559
2746.265137 0.000000 765.441895 0.000000 0.636867 0.000000 -0.770974 1.248368 1.248368 1.248368
2745.833740 0.000000 762.078613 0.000000 0.998962 0.000000 0.045555 0.788532 0.788532 0.788532
2750.876953 0.000000 754.504395 0.000000 0.035926 0.000000 -0.999354 1.011519 1.011519 1.011519
2726.972900 0.000000 764.808960 0.000000 0.386347 0.000000 -0.922354 1.397979 1.397979 1.397979
2749.871582 0.000000 758.714478 0.000000 0.808268 0.000000 -0.588815 1.120649 1.120649 1.120649
2749.909912 0.000000 764.015869 0.000000 0.785096 0.000000 -0.619375 1.140182 1.140182 1.140182
2751.198975 0.000000 762.281006 0.000000 0.974554 0.000000 -0.224154 0.891208 0.891208 0.891208
2721.033936 0.000000 761.489929 0.000000 0.999540 0.000000 0.030341 0.784545 0.784545 0.784545
2743.213623 0.000000 762.271606 0.000000 0.696884 0.000000 -0.717183 0.958132 0.958132 0.958132
2725.222168 0.000000 763.127075 0.000000 0.627880 0.000000 -0.778311 1.254277 1.254277 1.254277
2740.793945 0.000000 764.331177 0.000000 0.339614 0.000000 -0.940565 1.257252 1.257252 1.257252
2726.874512 0.000000 767.594727 0.000000 0.939554 0.000000 -0.342400 0.977984 0.977984 0.977984
2729.254639 0.000000 764.231201 0.000000 0.999266 0.000000 -0.038297 0.819509 0.819509 0.819509
2725.349854 0.000000 760.955078 0.000000 0.216954 0.000000 -0.976182 1.488620 1.488620 1.488620
2734.687988 0.000000 764.635620 0.000000 0.744662 0.000000 -0.667441 0.943033 0.943033 0.943033
2737.010498 0.000000 767.087524 0.000000 0.865098 0.000000 -0.501602 1.057115 1.057115 1.057115
2749.748779 0.000000 756.463501 0.000000 0.801296 0.000000 -0.598269 1.126631 1.126631 1.126631
2744.183594 0.000000 758.892639 0.000000 0.841721 0.000000 -0.539913 1.090469 1.090469 1.090469
2742.517822 0.000000 767.518005 0.000000 0.707297 0.000000 -0.706917 1.101074 1.101074 1.101074
2728.332031 0.000000 759.083923 0.000000 0.991053 0.000000 -0.133469 0.868179 0.868179 0.868179
2737.211914 0.000000 762.393372 0.000000 0.330758 0.000000 -0.943716 1.428313 1.428313 1.428313
2748.385742 0.000000 765.843811 0.000000 0.917798 0.000000 -0.397047 1.007944 1.007944 1.007944
2728.037354 0.000000 762.791504 0.000000 0.661439 0.000000 -0.749999 1.231914 1.231914 1.231914
2723.535400 0.000000 763.915283 0.000000 0.947683 0.000000 -0.319214 0.948599 0.948599 0.948599
2742.694824 0.000000 764.318787 0.000000 0.860149 0.000000 -0.510043 1.038385 1.038385 1.038385
2740.265381 0.000000 758.595398 0.000000 0.464034 0.000000 -0.885818 0.976054 0.976054 0.976054
2740.978271 0.000000 760.583191 0.000000 0.655849 0.000000 -0.754892 1.088756 1.088756 1.088756
2749.031982 0.000000 759.137451 0.000000 0.355608 0.000000 -0.934635 1.414838 1.414838 1.414838
2726.452148 0.000000 758.204651 0.000000 0.356613 0.000000 -0.934252 1.414290 1.414290 1.414290
2729.255859 0.000000 767.451111 0.000000 0.804656 0.000000 -0.593741 1.123760 1.123760 1.123760
2749.622070 0.000000 761.805603 0.000000 0.883480 0.000000 -0.468468 0.999622 0.999622 0.999622
2742.510986 0.000000 759.648132 0.000000 0.911230 0.000000 -0.411898 1.016215 1.016215 1.016215
2739.758545 0.000000 764.225952 0.000000 0.883795 0.000000 -0.467873 1.047968 1.047968 1.047968
2725.671631 0.000000 759.317261 0.000000 0.993184 0.000000 -0.116557 0.859497 0.859497 0.859497
2740.481934 0.000000 766.569275 0.000000 0.995016 0.000000 -0.099712 0.850867 0.850867 0.850867
2737.342773 0.000000 765.953491 0.000000 0.689769 0.000000 -0.724030 1.212340 1.212340 1.212340
2750.510010 0.000000 765.952209 0.000000 0.856062 0.000000 -0.516872 1.076646 1.076646 1.076646
2725.374756 0.000000 766.161316 0.000000 0.656100 0.000000 -0.754674 1.235528 1.235528 1.235528
2737.381348 0.000000 764.189819 0.000000 0.011437 0.000000 -0.999935 1.594175 1.594175 1.594175
2736.793213 0.000000 760.780640 0.000000 0.657676 0.000000 -0.753301 1.004453 1.004453 1.004453
2745.882568 0.000000 759.667053 0.000000 0.582572 0.000000 -0.812779 1.283274 1.283274 1.283274
2724.686523 0.000000 762.433411 0.000000 0.457442 0.000000 -0.889239 1.358025 1.358025 1.358025
2741.430176 0.000000 761.336731 0.000000 0.768445 0.000000 -0.639916 1.034379 1.034379 1.034379
2744.713867 0.000000 764.986694 0.000000 0.248836 0.000000 -0.968546 1.471923 1.471923 1.471923
2748.278320 0.000000 764.101196 0.000000 0.918896 0.000000 -0.394499 1.006531 1.006531 1.006531
2739.087402 0.000000 764.787720 0.000000 0.249309 0.000000 -0.968424 1.471674 1.471674 1.471674
2748.931396 0.000000 766.523743 0.000000 0.648112 0.000000 -0.761545 1.240894 1.240894 1.240894
2723.109619 0.000000 765.437561 0.000000 0.999464 0.000000 0.032749 0.788094 0.788094 0.788094
2747.796631 0.000000 758.720764 0.000000 0.813961 0.000000 -0.580920 1.115691 1.115691 1.115691
2749.643799 0.000000 760.692200 0.000000 0.002847 0.000000 -0.999996 1.441972 1.441972 1.441972
2749.790283 0.000000 766.878662 0.000000 0.821368 0.000000 -0.570399 1.109138 1.109138 1.109138
2750.313721 0.000000 757.194580 0.000000 0.992624 0.000000 -0.121232 0.861895 0.861895 0.861895
2736.580811 0.000000 764.455566 0.000000 0.822583 0.000000 -0.568644 1.108051 1.108051 1.108051
2728.483154 0.000000 767.178223 0.000000 0.013746 0.000000 -0.999906 1.592999 1.592999 1.592999
2738.812744 0.000000 767.103516 0.000000 0.881192 0.000000 -0.472758 1.050786 1.050786 1.050786
2722.885254 0.000000 760.953247 0.000000 0.762397 0.000000 -0.647110 1.158436 1.158436 1.158436
2747.844238 0.000000 765.069153 0.000000 0.707976 0.000000 -0.706237 1.199374 1.199374 1.199374
2743.419678 0.000000 767.529358 0.000000 0.432849 0.000000 -0.901467 1.230693 1.230693 1.230693
2727.386719 0.000000 759.176086 0.000000 0.999325 0.000000 0.036749 0.781280 0.781280 0.781280
2723.914551 0.000000 762.251160 0.000000 0.403651 0.000000 -0.914913 1.328394 1.328394 1.328394
2727.609375 0.000000 762.082764 0.000000 0.260142 0.000000 -0.965570 1.465969 1.465969 1.465969
2721.477783 0.000000 760.207520 0.000000 0.331277 0.000000 -0.943533 1.428033 1.428033 1.428033
2726.530273 0.000000 762.121826 0.000000 0.996904 0.000000 -0.078622 0.840083 0.840083 0.840083
2730.240234 0.000000 761.970093 0.000000 0.131894 0.000000 -0.991264 1.248198 1.248198 1.248198
2729.243408 0.000000 765.743164 0.000000 0.492481 0.000000 -0.870323 1.337744 1.337744 1.337744
2726.947021 0.000000 759.974915 0.000000 0.966242 0.000000 -0.257635 0.932709 0.932709 0.932709
2746.940186 0.000000 763.693115 0.000000 0.998955 0.000000 -0.045714 0.823290 0.823290 0.823290
2740.792969 0.000000 765.097656 0.000000 0.834104 0.000000 -0.551608 1.018223 1.018223 1.018223
2740.939209 0.000000 763.535095 0.000000 0.023403 0.000000 -0.999726 1.430464 1.430464 1.430464
2737.974121 0.000000 765.180542 0.000000 0.654057 0.000000 -0.756445 1.236905 1.236905 1.236905
2750.301270 0.000000 763.347290 0.000000 0.998664 0.000000 0.051670 0.779145 0.779145 0.779145
2761.809814 0.000000 765.156555 0.000000 0.927104 0.000000 -0.374804 0.989526 0.989526 0.989526
2759.547607 0.000000 758.313721 0.000000 0.692894 0.000000 -0.721039 1.210136 1.210136 1.210136
2755.608643 0.000000 760.568359 0.000000 0.999836 0.000000 0.018107 0.790778 0.790778 0.790778
2758.041260 0.000000 763.857666 0.000000 0.998928 0.000000 -0.046284 0.823581 0.823581 0.823581
2765.580078 0.000000 767.117737 0.000000 0.350277 0.000000 -0.936646 0.913858 0.913858 0.913858
2778.085449 0.000000 750.747498 0.000000 0.715317 0.000000 -0.698800 0.878810 0.878810 0.878810
2755.456543 0.000000 757.381042 0.000000 0.998104 0.000000 -0.061545 0.831364 0.831364 0.831364
2760.367676 0.000000 761.856140 0.000000 0.187137 0.000000 -0.982334 1.504126 1.504126 1.504126
2753.954590 0.000000 754.651428 0.000000 0.906671 0.000000 -0.421838 0.872189 0.872189 0.872189
2770.319092 0.000000 764.344055 0.000000 0.976451 0.000000 -0.215739 0.847338 0.847338 0.847338
2753.783936 0.000000 762.344360 0.000000 0.984759 0.000000 -0.173926 0.825837 0.825837 0.825837
2751.345703 0.000000 755.035889 0.000000 0.901996 0.000000 -0.431744 0.861522 0.861522 0.861522
2782.215576 0.000000 743.872253 0.000000 0.815650 0.000000 -0.578546 1.078474 1.078474 1.078474
2779.214355 0.000000 753.281250 0.000000 0.888237 0.000000 -0.459386 0.939180 0.939180 0.939180
2762.212158 0.000000 762.806885 0.000000 0.767857 0.000000 -0.640622 1.154117 1.154117 1.154117
2773.597168 0.000000 767.013794 0.000000 0.999971 0.000000 0.007668 0.797687 0.797687 0.797687
2760.015381 0.000000 764.291687 0.000000 0.603629 0.000000 -0.797265 1.255210 1.255210 1.255210
2762.568359 0.000000 766.986816 0.000000 0.379418 0.000000 -0.925225 0.941600 0.941600 0.941600
2757.581787 0.000000 762.078735 0.000000 0.996722 0.000000 0.080900 0.758753 0.758753 0.758753
2753.962646 0.000000 756.472107 0.000000 0.751564 0.000000 -0.659660 1.166880 1.166880 1.166880
2755.119385 0.000000 758.958740 0.000000 0.410872 0.000000 -0.911693 1.006244 1.006244 1.006244
2777.783936 0.000000 752.542236 0.000000 0.971322 0.000000 -0.237769 0.892539 0.892539 0.892539
2782.753174 0.000000 742.332947 0.000000 0.994199 0.000000 -0.107552 0.848640 0.848640 0.848640
2754.032715 0.000000 760.780884 0.000000 0.299858 0.000000 -0.953984 1.444897 1.444897 1.444897
2778.940918 0.000000 747.527283 0.000000 0.938843 0.000000 -0.344345 0.903210 0.903210 0.903210
2752.512695 0.000000 754.031006 0.000000 0.965823 0.000000 -0.259202 0.843464 0.843464 0.843464
2769.934814 0.000000 766.626587 0.000000 0.863279 0.000000 -0.504728 1.069451 1.069451 1.069451
2781.649658 0.000000 759.858521 0.000000 0.452158 0.000000 -0.891938 1.361047 1.361047 1.361047
2759.735107 0.000000 759.910828 0.000000 0.577812 0.000000 -0.816170 1.286251 1.286251 1.286251
2762.842041 0.000000 764.127197 0.000000 0.971623 0.000000 -0.236535 0.921619 0.921619 0.921619
2767.108643 0.000000 762.086609 0.000000 0.631438 0.000000 -0.775426 1.251944 1.251944 1.251944
2764.228027 0.000000 762.066223 0.000000 0.149130 0.000000 -0.988818 1.523764 1.523764 1.523764
2761.745850 0.000000 761.362915 0.000000 0.945157 0.000000 -0.326617 0.969454 0.969454 0.969454
2756.908936 0.000000 759.961914 0.000000 0.726583 0.000000 -0.687079 1.185772 1.185772 1.185772
2754.586670 0.000000 763.559509 0.000000 0.932845 0.000000 -0.360278 0.987709 0.987709 0.987709
2754.007568 0.000000 758.019531 0.000000 0.694079 0.000000 -0.719899 0.944459 0.944459 0.944459
2755.258301 0.000000 754.133728 0.000000 0.068856 0.000000 -0.997627 1.300937 1.300937 1.300937
2755.207520 0.000000 761.846436 0.000000 0.594229 0.000000 -0.804296 1.275932 1.275932 1.275932
2752.697021 0.000000 760.416748 0.000000 0.998833 0.000000 0.048295 0.775394 0.775394 0.775394
2764.204590 0.000000 767.004395 0.000000 0.505827 0.000000 -0.862635 0.897668 0.897668 0.897668
2767.966064 0.000000 760.439819 0.000000 0.708248 0.000000 -0.705963 0.945582 0.945582 0.945582
2753.274170 0.000000 763.552185 0.000000 0.721018 0.000000 -0.692917 0.913141 0.913141 0.913141
2756.788818 0.000000 764.150208 0.000000 0.237701 0.000000 -0.971338 1.132240 1.132240 1.132240
2760.222168 0.000000 765.571472 0.000000 0.493433 0.000000 -0.869784 1.320334 1.320334 1.320334
2778.938232 0.000000 758.663391 0.000000 0.960064 0.000000 -0.279782 0.856635 0.856635 0.856635
2780.808350 0.000000 745.812012 0.000000 0.205171 0.000000 -0.978726 0.949850 0.949850 0.949850
2770.621826 0.000000 765.576538 0.000000 0.873889 0.000000 -0.486126 0.910515 0.910515 0.910515
2752.822021 0.000000 758.254944 0.000000 0.798820 0.000000 -0.601570 0.899264 0.899264 0.899264
2780.495850 0.000000 758.235474 0.000000 0.397827 0.000000 -0.917460 1.391623 1.391623 1.391623
2751.347900 0.000000 764.927063 0.000000 0.622955 0.000000 -0.782258 1.257491 1.257491 1.257491
2772.315186 0.000000 767.477478 0.000000 0.999949 0.000000 -0.010099 0.803046 0.803046 0.803046
2756.944336 0.000000 765.338379 0.000000 0.999257 0.000000 -0.038553 0.809627 0.809627 0.809627
2776.840088 0.000000 750.941345 0.000000 0.723065 0.000000 -0.690780 1.188372 1.188372 1.188372
2758.965088 0.000000 764.808960 0.000000 0.189338 0.000000 -0.981912 1.502985 1.502985 1.502985
2781.863770 0.000000 758.714478 0.000000 0.995149 0.000000 -0.098376 0.850184 0.850184 0.850184
2759.522461 0.000000 757.032593 0.000000 0.288808 0.000000 -0.957387 1.164950 1.164950 1.164950
2766.525879 0.000000 761.102661 0.000000 0.527252 0.000000 -0.849709 0.988610 0.988610 0.988610
2753.026123 0.000000 761.489929 0.000000 0.647560 0.000000 -0.762014 1.241263 1.241263 1.241263
2761.978271 0.000000 759.000183 0.000000 0.335566 0.000000 -0.942017 1.425716 1.425716 1.425716
2776.623779 0.000000 748.809692 0.000000 0.734665 0.000000 -0.678430 1.179743 1.179743 1.179743
2760.638428 0.000000 760.785339 0.000000 0.061847 0.000000 -0.998086 1.568481 1.568481 1.568481
2761.246826 0.000000 764.231201 0.000000 0.997505 0.000000 -0.070589 0.834852 0.834852 0.834852
2762.270752 0.000000 760.161743 0.000000 0.999993 0.000000 0.003835 0.798047 0.798047 0.798047
2757.342041 0.000000 760.955078 0.000000 0.282385 0.000000 -0.959301 1.454199 1.454199 1.454199
2767.840820 0.000000 762.987793 0.000000 0.295301 0.000000 -0.955404 1.447328 1.447328 1.447328
2769.002686 0.000000 767.087524 0.000000 0.833268 0.000000 -0.552870 1.098348 1.098348 1.098348
2751.360596 0.000000 762.979919 0.000000 0.996848 0.000000 -0.079340 0.832043 0.832043 0.832043
2779.854004 0.000000 752.472168 0.000000 0.019256 0.000000 -0.999815 1.252424 1.252424 1.252424
2760.324219 0.000000 759.083923 0.000000 0.999220 0.000000 -0.039488 0.820116 0.820116 0.820116
2761.263916 0.000000 762.279297 0.000000 0.754798 0.000000 -0.655957 1.164376 1.164376 1.164376
2779.089111 0.000000 754.609375 0.000000 0.999140 0.000000 -0.041469 0.821126 0.821126 0.821126
2754.990723 0.000000 756.473694 0.000000 0.874174 0.000000 -0.485612 1.058245 1.058245 1.058245
2779.860107 0.000000 745.391785 0.000000 0.931520 0.000000 -0.363689 0.989573 0.989573 0.989573
2760.029541 0.000000 762.791504 0.000000 0.523265 0.000000 -0.852170 1.319542 1.319542 1.319542
2766.244385 0.000000 762.613037 0.000000 0.999934 0.000000 0.011450 0.794168 0.794168 0.794168
2752.420898 0.000000 759.215393 0.000000 0.739525 0.000000 -0.673130 0.913562 0.913562 0.913562
2778.391357 0.000000 746.679688 0.000000 0.696394 0.000000 -0.717660 1.035003 1.035003 1.035003
2759.283936 0.000000 765.735718 0.000000 0.189678 0.000000 -0.981846 1.502809 1.502809 1.502809
2767.572754 0.000000 766.564148 0.000000 0.457258 0.000000 -0.889334 1.119557 1.119557 1.119557
2758.146973 0.000000 762.885742 0.000000 0.999848 0.000000 0.017424 0.791126 0.791126 0.791126
2757.698975 0.000000 764.750305 0.000000 0.836945 0.000000 -0.547286 0.944580 0.944580 0.944580
2778.008057 0.000000 745.763855 0.000000 0.292159 0.000000 -0.956370 1.449002 1.449002 1.449002
2764.817139 0.000000 762.824463 0.000000 0.233179 0.000000 -0.972434 1.480139 1.480139 1.480139
2758.244873 0.000000 761.394592 0.000000 0.995091 0.000000 -0.098963 0.850484 0.850484 0.850484
2762.021729 0.000000 763.702271 0.000000 0.357941 0.000000 -0.933744 1.413566 1.413566 1.413566
2753.045410 0.000000 754.789001 0.000000 0.593463 0.000000 -0.804861 0.955069 0.955069 0.955069
2767.891113 0.000000 763.920410 0.000000 0.851311 0.000000 -0.524662 1.081293 1.081293 1.081293
2761.248047 0.000000 767.451111 0.000000 0.541657 0.000000 -0.840599 1.011366 1.011366 1.011366
2767.507812 0.000000 761.238037 0.000000 0.633133 0.000000 -0.774043 0.964420 0.964420 0.964420
2754.498779 0.000000 757.267578 0.000000 0.924739 0.000000 -0.380602 0.998853 0.998853 0.998853
2769.334961 0.000000 765.953491 0.000000 0.164783 0.000000 -0.986330 1.515692 1.515692 1.515692
2756.696777 0.000000 759.085144 0.000000 0.886841 0.000000 -0.462075 1.044632 1.044632 1.044632
2756.678711 0.000000 762.433411 0.000000 0.140057 0.000000 -0.990143 1.528434 1.528434 1.528434
2767.724854 0.000000 765.703186 0.000000 0.952931 0.000000 -0.303189 0.956882 0.956882 0.956882
2778.656250 0.000000 752.573303 0.000000 0.203295 0.000000 -0.979118 1.198343 1.198343 1.198343
2760.936768 0.000000 765.022095 0.000000 0.878793 0.000000 -0.477204 1.045411 1.045411 1.045411
2754.393555 0.000000 761.616638 0.000000 0.999757 0.000000 0.022065 0.788762 0.788762 0.788762
2756.468262 0.000000 760.693726 0.000000 0.701805 0.000000 -0.712369 1.203805 1.203805 1.203805
2768.572998 0.000000 764.455566 0.000000 0.877329 0.000000 -0.479890 1.054917 1.054917 1.054917
2751.985107 0.000000 758.215088 0.000000 0.364224 0.000000 -0.931311 1.410135 1.410135 1.410135
2759.806885 0.000000 760.766235 0.000000 0.964839 0.000000 -0.262841 0.935455 0.935455 0.935455
2770.804932 0.000000 767.103516 0.000000 0.999200 0.000000 -0.039980 0.820367 0.820367 0.820367
2777.559326 0.000000 753.342712 0.000000 0.730288 0.000000 -0.683140 1.089892 1.089892 1.089892
2762.586914 0.000000 764.903381 0.000000 0.997626 0.000000 0.068867 0.764899 0.764899 0.764899
2768.472412 0.000000 765.382019 0.000000 0.648025 0.000000 -0.761619 1.240952 1.240952 1.240952
2777.039307 0.000000 752.252197 0.000000 0.058089 0.000000 -0.998311 1.383086 1.383086 1.383086
2753.469971 0.000000 760.207520 0.000000 0.183010 0.000000 -0.983111 1.506266 1.506266 1.506266
2758.522461 0.000000 762.121826 0.000000 0.973236 0.000000 -0.229809 0.918096 0.918096 0.918096
2752.246338 0.000000 761.666260 0.000000 0.857956 0.000000 -0.513723 1.074774 1.074774 1.074774
2758.939209 0.000000 759.974915 0.000000 0.362733 0.000000 -0.931893 1.410950 1.410950 1.410950
2769.966309 0.000000 765.180542 0.000000 0.455185 0.000000 -0.890397 1.359317 1.359317 1.359317
2767.037109 0.000000 765.345398 0.000000 0.072040 0.000000 -0.997402 1.563278 1.563278 1.563278
2759.075684 0.000000 757.667603 0.000000 0.250966 0.000000 -0.967996 1.176176 1.176176 1.176176
2779.750488 0.000000 747.456787 0.000000 0.470535 0.000000 -0.882381 1.117346 1.117346 1.117346
2758.463135 0.000000 756.511963 0.000000 0.996322 0.000000 -0.085683 0.824501 0.824501 0.824501
2784.071777 0.000000 743.565613 0.000000 0.266562 0.000000 -0.963818 1.124794 1.124794 1.124794
2798.975342 0.000000 763.600586 0.000000 0.999730 0.000000 -0.023240 0.808541 0.808541 0.808541
2787.600830 0.000000 760.568359 0.000000 0.367535 0.000000 -0.930010 0.845326 0.845326 0.845326
2792.359863 0.000000 761.856140 0.000000 0.963557 0.000000 -0.267501 0.842727 0.842727 0.842727
2793.259033 0.000000 746.376282 0.000000 0.996238 0.000000 -0.086659 0.802426 0.802426 0.802426
2802.311279 0.000000 764.344055 0.000000 0.865981 0.000000 -0.500077 0.850205 0.850205 0.850205
2790.311523 0.000000 760.464050 0.000000 0.998973 0.000000 -0.045319 0.804980 0.804980 0.804980
2803.898438 0.000000 750.713379 0.000000 0.999826 0.000000 -0.018671 0.809510 0.809510 0.809510
2794.204346 0.000000 762.806885 0.000000 0.602005 0.000000 -0.798492 0.868340 0.868340 0.868340
2802.934326 0.000000 759.983337 0.000000 0.655772 0.000000 -0.754959 0.905947 0.905947 0.905947
2799.839355 0.000000 764.854431 0.000000 0.915708 0.000000 -0.401844 0.828081 0.828081 0.828081
2802.057373 0.000000 747.464172 0.000000 0.222204 0.000000 -0.975000 1.485880 1.485880 1.485880
2796.220215 0.000000 762.066223 0.000000 0.743926 0.000000 -0.668261 0.889165 0.889165 0.889165
2807.014893 0.000000 741.585693 0.000000 0.601713 0.000000 -0.798712 0.883149 0.883149 0.883149
2793.738037 0.000000 761.362915 0.000000 0.341029 0.000000 -0.940053 0.992933 0.992933 0.992933
2797.593262 0.000000 763.338379 0.000000 0.887540 0.000000 -0.460731 0.858335 0.858335 0.858335
2809.604736 0.000000 742.332825 0.000000 0.873420 0.000000 -0.486967 1.059035 1.059035 1.059035
2803.596680 0.000000 747.068848 0.000000 0.780779 0.000000 -0.624807 1.143716 1.143716 1.143716
2792.897217 0.000000 763.204834 0.000000 0.783151 0.000000 -0.621832 0.912586 0.912586 0.912586
2803.285889 0.000000 758.646301 0.000000 0.848005 0.000000 -0.529988 0.869169 0.869169 0.869169
2807.622559 0.000000 745.299805 0.000000 0.170909 0.000000 -0.985287 1.037509 1.037509 1.037509
2803.079590 0.000000 749.650269 0.000000 0.199457 0.000000 -0.979906 1.497731 1.497731 1.497731
2809.162109 0.000000 743.797607 0.000000 0.999886 0.000000 0.015114 0.792302 0.792302 0.792302
2802.118164 0.000000 748.772217 0.000000 0.605744 0.000000 -0.795660 1.268601 1.268601 1.268601
2791.188477 0.000000 761.377991 0.000000 0.948576 0.000000 -0.316550 0.835381 0.835381 0.835381
2804.891113 0.000000 762.462280 0.000000 0.997416 0.000000 -0.071842 0.826424 0.826424 0.826424
2803.074463 0.000000 763.557129 0.000000 0.966026 0.000000 -0.258444 0.933135 0.933135 0.933135
2803.804443 0.000000 762.310303 0.000000 0.727462 0.000000 -0.686148 1.185120 1.185120 1.185120
2792.924805 0.000000 745.294189 0.000000 0.820898 0.000000 -0.571075 1.069497 1.069497 1.069497
2799.833008 0.000000 762.987793 0.000000 0.883234 0.000000 -0.468932 0.979366 0.979366 0.979366
2815.282959 0.000000 743.381775 0.000000 0.809635 0.000000 -0.586933 1.119464 1.119464 1.119464
2802.313965 0.000000 751.169556 0.000000 0.957144 0.000000 -0.289613 0.949643 0.949643 0.949643
2801.196289 0.000000 762.393372 0.000000 0.994020 0.000000 -0.109197 0.855725 0.855725 0.855725
2793.256104 0.000000 762.279297 0.000000 0.213800 0.000000 -0.976877 1.027382 1.027382 1.027382
2809.676514 0.000000 741.251831 0.000000 0.205741 0.000000 -0.978606 1.494463 1.494463 1.494463
2813.814697 0.000000 742.800171 0.000000 0.995261 0.000000 -0.097240 0.849602 0.849602 0.849602
2784.080566 0.000000 742.562988 0.000000 0.263687 0.000000 -0.964608 1.125538 1.125538 1.125538
2792.812500 0.000000 744.078918 0.000000 0.778514 0.000000 -0.627627 1.100839 1.100839 1.100839
2799.883301 0.000000 763.920410 0.000000 0.999915 0.000000 -0.013000 0.804778 0.804778 0.804778
2811.341797 0.000000 740.621033 0.000000 0.864581 0.000000 -0.502494 1.068135 1.068135 1.068135
2814.457275 0.000000 744.731445 0.000000 0.280666 0.000000 -0.959805 1.149393 1.149393 1.149393
2805.354492 0.000000 747.357666 0.000000 0.579416 0.000000 -0.815032 1.091150 1.091150 1.091150
2805.813965 0.000000 746.393433 0.000000 0.985221 0.000000 -0.171289 0.852602 0.852602 0.852602
2802.616455 0.000000 760.816711 0.000000 0.990784 0.000000 -0.135454 0.869199 0.869199 0.869199
2804.292480 0.000000 744.763367 0.000000 0.806922 0.000000 -0.590658 1.121811 1.121811 1.121811
2790.037109 0.000000 745.168396 0.000000 0.843202 0.000000 -0.537597 1.089069 1.089069 1.089069
2802.158691 0.000000 745.180969 0.000000 0.744518 0.000000 -0.667602 1.099290 1.099290 1.099290
2803.366699 0.000000 746.228699 0.000000 0.848491 0.000000 -0.529210 1.084019 1.084019 1.084019
2805.759033 0.000000 744.252625 0.000000 0.285240 0.000000 -0.958456 1.452683 1.452683 1.452683
2798.180420 0.000000 763.952759 0.000000 0.720253 0.000000 -0.693712 1.081730 1.081730 1.081730
2813.532715 0.000000 740.933044 0.000000 0.999454 0.000000 0.033045 0.783167 0.783167 0.783167
2805.898193 0.000000 742.730591 0.000000 0.516177 0.000000 -0.856482 1.130693 1.130693 1.130693
2802.057861 0.000000 762.178711 0.000000 0.058292 0.000000 -0.998300 1.570295 1.570295 1.570295
2809.673340 0.000000 743.141907 0.000000 0.448107 0.000000 -0.893980 1.363357 1.363357 1.363357
2803.842773 0.000000 747.848877 0.000000 0.999671 0.000000 0.025634 0.786943 0.786943 0.786943
2804.133301 0.000000 746.424011 0.000000 0.444986 0.000000 -0.895537 1.139080 1.139080 1.139080
2799.943359 0.000000 762.210815 0.000000 0.535218 0.000000 -0.844714 1.169708 1.169708 1.169708
2804.923584 0.000000 763.535095 0.000000 0.992234 0.000000 -0.124389 0.845831 0.845831 0.845831
2811.049316 0.000000 743.168884 0.000000 0.752483 0.000000 -0.658612 1.166170 1.166170 1.166170
2894.951904 0.000000 699.631836 0.000000 0.984005 0.000000 -0.178141 0.855801 0.855801 0.855801
2904.475830 0.000000 701.860779 0.000000 0.637745 0.000000 -0.770248 1.247788 1.247788 1.247788
2903.110840 0.000000 699.433167 0.000000 0.942952 0.000000 -0.332930 0.965403 0.965403 0.965403
2886.108887 0.000000 701.672607 0.000000 0.779821 0.000000 -0.626003 1.144496 1.144496 1.144496
2895.398193 0.000000 703.536926 0.000000 0.780829 0.000000 -0.624745 1.143675 1.143675 1.143675
2894.726807 0.000000 702.147461 0.000000 0.493169 0.000000 -0.869933 1.337341 1.337341 1.337341
2897.903564 0.000000 702.657837 0.000000 0.528356 0.000000 -0.849023 1.018750 1.018750 1.018750
2895.815918 0.000000 700.885681 0.000000 0.990033 0.000000 -0.140837 0.871967 0.871967 0.871967
2895.077393 0.000000 698.117859 0.000000 0.780301 0.000000 -0.625404 1.010511 1.010511 1.010511
2892.196777 0.000000 698.097473 0.000000 0.029094 0.000000 -0.999577 1.107914 1.107914 1.107914
2893.569824 0.000000 699.369629 0.000000 0.898773 0.000000 -0.438413 0.890641 0.890641 0.890641
2898.027344 0.000000 699.011414 0.000000 0.999821 0.000000 0.018928 0.795047 0.795047 0.795047
2897.176514 0.000000 701.091248 0.000000 0.666178 0.000000 -0.745793 1.228686 1.228686 1.228686
2902.227295 0.000000 701.942688 0.000000 0.603344 0.000000 -0.797481 1.270135 1.270135 1.270135
2905.794678 0.000000 698.109863 0.000000 0.630428 0.000000 -0.776248 1.092863 1.092863 1.092863
2886.933838 0.000000 700.840210 0.000000 0.970436 0.000000 -0.241357 0.924148 0.924148 0.924148
2903.174561 0.000000 698.302856 0.000000 0.868966 0.000000 -0.494871 1.052282 1.052282 1.052282
2890.801270 0.000000 701.931152 0.000000 0.460808 0.000000 -0.887500 1.356096 1.356096 1.356096
2900.754883 0.000000 700.362427 0.000000 0.938700 0.000000 -0.344736 0.979250 0.979250 0.979250
2886.835449 0.000000 703.625977 0.000000 0.117178 0.000000 -0.993111 1.540184 1.540184 1.540184
2895.809570 0.000000 699.019043 0.000000 0.900218 0.000000 -0.435439 0.940370 0.940370 0.940370
2894.648926 0.000000 700.666870 0.000000 0.954005 0.000000 -0.299791 0.955067 0.955067 0.955067
2887.087158 0.000000 699.812866 0.000000 0.799951 0.000000 -0.600065 0.950390 0.950390 0.950390
2887.998291 0.000000 698.822754 0.000000 0.700819 0.000000 -0.713339 0.985598 0.985598 0.985598
2894.213135 0.000000 698.644287 0.000000 0.949530 0.000000 -0.313675 0.899410 0.899410 0.899410
2902.655762 0.000000 700.350037 0.000000 0.757624 0.000000 -0.652692 1.162176 1.162176 1.162176
2887.252686 0.000000 701.766968 0.000000 0.970520 0.000000 -0.241023 0.923972 0.923972 0.923972
2895.541504 0.000000 702.595398 0.000000 0.138618 0.000000 -0.990346 1.529174 1.529174 1.529174
2886.115723 0.000000 698.916992 0.000000 0.281526 0.000000 -0.959554 1.100371 1.100371 1.100371
2891.554688 0.000000 700.839417 0.000000 0.997470 0.000000 -0.071085 0.836234 0.836234 0.836234
2894.547119 0.000000 703.109070 0.000000 0.984176 0.000000 -0.177191 0.890722 0.890722 0.890722
2892.785889 0.000000 698.855713 0.000000 0.229402 0.000000 -0.973332 1.067497 1.067497 1.067497
2889.873779 0.000000 702.172302 0.000000 0.164871 0.000000 -0.986315 1.515647 1.515647 1.515647
2903.994141 0.000000 698.744019 0.000000 0.497797 0.000000 -0.867294 1.311566 1.311566 1.311566
2895.859863 0.000000 699.951660 0.000000 0.461381 0.000000 -0.887202 1.139998 1.139998 1.139998
2886.593018 0.000000 702.446655 0.000000 0.888668 0.000000 -0.458550 1.042610 1.042610 1.042610
2905.338379 0.000000 701.623047 0.000000 0.626756 0.000000 -0.779215 1.255011 1.255011 1.255011
2897.303711 0.000000 701.984741 0.000000 0.461455 0.000000 -0.887163 1.355724 1.355724 1.355724
2910.470947 0.000000 701.983459 0.000000 0.598199 0.000000 -0.801347 1.000504 1.000504 1.000504
2885.335693 0.000000 702.192566 0.000000 0.687385 0.000000 -0.726293 1.050032 1.050032 1.050032
2897.342285 0.000000 700.221069 0.000000 0.501264 0.000000 -0.865294 1.332590 1.332590 1.332590
2903.599365 0.000000 701.965088 0.000000 0.091680 0.000000 -0.995789 1.553242 1.553242 1.553242
2906.283203 0.000000 700.203003 0.000000 0.964635 0.000000 -0.263588 0.850078 0.850078 0.850078
2893.928223 0.000000 701.835266 0.000000 0.971171 0.000000 -0.238385 0.922589 0.922589 0.922589
2888.905518 0.000000 701.053345 0.000000 0.514514 0.000000 -0.857482 1.324756 1.324756 1.324756
2885.007812 0.000000 703.205383 0.000000 0.834989 0.000000 -0.550266 0.979219 0.979219 0.979219
2896.541748 0.000000 700.486816 0.000000 0.979941 0.000000 -0.199288 0.902181 0.902181 0.902181
2894.156982 0.000000 699.984009 0.000000 0.913351 0.000000 -0.407174 0.930659 0.930659 0.930659
2896.142090 0.000000 703.185059 0.000000 0.224723 0.000000 -0.974423 1.089933 1.089933 1.089933
2888.444092 0.000000 703.209473 0.000000 0.640736 0.000000 -0.767761 1.245807 1.245807 1.245807
2890.555664 0.000000 700.934631 0.000000 0.567154 0.000000 -0.823611 1.292871 1.292871 1.292871
2887.570312 0.000000 698.114014 0.000000 0.998699 0.000000 -0.051000 0.811923 0.811923 0.811923
2899.971191 0.000000 701.920410 0.000000 0.999552 0.000000 -0.029924 0.815243 0.815243 0.815243
2889.204346 0.000000 701.774414 0.000000 0.855926 0.000000 -0.517099 1.076781 1.076781 1.076781
2895.919922 0.000000 698.242065 0.000000 0.913731 0.000000 -0.406319 0.930367 0.930367 0.930367
2900.753906 0.000000 701.128906 0.000000 0.435848 0.000000 -0.900020 1.370318 1.370318 1.370318
2904.021484 0.000000 699.542480 0.000000 0.125271 0.000000 -0.992123 1.276256 1.276256 1.276256
2904.923828 0.000000 699.999329 0.000000 0.537787 0.000000 -0.843081 1.130529 1.130529 1.130529
2914.070068 0.000000 700.942688 0.000000 0.374390 0.000000 -0.927271 0.963588 0.963588 0.963588
2914.080078 0.000000 703.631104 0.000000 0.038200 0.000000 -0.999270 1.069363 1.069363 1.069363
2919.976318 0.000000 700.322937 0.000000 0.999863 0.000000 -0.016557 0.800728 0.800728 0.800728
2915.741699 0.000000 700.988037 0.000000 0.660846 0.000000 -0.750522 0.916980 0.916980 0.916980
2917.819092 0.000000 703.014709 0.000000 0.192623 0.000000 -0.981273 1.473780 1.473780 1.473780
2911.308838 0.000000 700.958313 0.000000 0.772296 0.000000 -0.635263 0.948478 0.948478 0.948478
2915.601074 0.000000 703.207153 0.000000 0.942883 0.000000 -0.333124 0.859690 0.859690 0.859690
2912.215332 0.000000 701.861633 0.000000 0.997875 0.000000 -0.065158 0.814065 0.814065 0.814065
2917.327881 0.000000 702.192566 0.000000 0.521448 0.000000 -0.853283 1.300210 1.300210 1.300210
2873.150879 0.000000 722.068237 0.000000 0.008636 0.000000 -0.999963 1.193121 1.193121 1.193121
2872.890381 0.000000 730.932190 0.000000 0.227114 0.000000 -0.973868 0.834836 0.834836 0.834836
2875.649170 0.000000 723.448975 0.000000 0.894185 0.000000 -0.447698 0.919596 0.919596 0.919596
2876.453613 0.000000 719.646057 0.000000 0.893604 0.000000 -0.448856 0.971062 0.971062 0.971062
2878.308838 0.000000 708.789368 0.000000 0.573620 0.000000 -0.819122 1.288862 1.288862 1.288862
2876.894043 0.000000 731.429993 0.000000 0.923401 0.000000 -0.383836 0.897564 0.897564 0.897564
2876.480713 0.000000 715.122681 0.000000 0.755488 0.000000 -0.655163 1.163840 1.163840 1.163840
2878.631104 0.000000 715.810120 0.000000 0.253217 0.000000 -0.967410 1.469618 1.469618 1.469618
2878.729736 0.000000 710.348572 0.000000 0.762653 0.000000 -0.646807 1.158234 1.158234 1.158234
2876.605713 0.000000 732.900757 0.000000 0.850037 0.000000 -0.526723 0.860937 0.860937 0.860937
2876.196777 0.000000 718.213257 0.000000 0.734200 0.000000 -0.678934 1.074263 1.074263 1.074263
2879.274902 0.000000 714.595093 0.000000 0.506883 0.000000 -0.862015 1.329276 1.329276 1.329276
2878.481689 0.000000 717.172607 0.000000 0.763116 0.000000 -0.646261 1.157869 1.157869 1.157869
2872.736816 0.000000 727.774414 0.000000 0.674393 0.000000 -0.738373 0.942675 0.942675 0.942675
2872.742188 0.000000 723.312134 0.000000 0.849169 0.000000 -0.528120 0.940016 0.940016 0.940016
2875.363037 0.000000 733.756165 0.000000 0.565885 0.000000 -0.824485 1.227835 1.227835 1.227835
2877.522217 0.000000 712.897156 0.000000 0.074350 0.000000 -0.997232 1.562099 1.562099 1.562099
2877.319580 0.000000 718.123169 0.000000 0.999724 0.000000 0.023505 0.791361 0.791361 0.791361
2877.421387 0.000000 719.187378 0.000000 0.536980 0.000000 -0.843595 1.168941 1.168941 1.168941
2873.187012 0.000000 734.662964 0.000000 0.819386 0.000000 -0.573243 0.907292 0.907292 0.907292
2872.152344 0.000000 726.908264 0.000000 0.685895 0.000000 -0.727701 0.939980 0.939980 0.939980
2875.065674 0.000000 722.625000 0.000000 0.999172 0.000000 0.040679 0.789516 0.789516 0.789516
2872.126709 0.000000 734.745056 0.000000 0.518444 0.000000 -0.855112 0.980286 0.980286 0.980286
2874.028320 0.000000 735.536072 0.000000 0.998873 0.000000 0.047463 0.791181 0.791181 0.791181
2874.727783 0.000000 730.184753 0.000000 0.955382 0.000000 -0.295372 0.952710 0.952710 0.952710
2873.850586 0.000000 723.945374 0.000000 0.298241 0.000000 -0.954491 1.119082 1.119082 1.119082
2874.847900 0.000000 723.645325 0.000000 0.919497 0.000000 -0.393097 0.904087 0.904087 0.904087
2875.812988 0.000000 733.084778 0.000000 0.914633 0.000000 -0.404285 0.983705 0.983705 0.983705
2878.516602 0.000000 711.147339 0.000000 0.757975 0.000000 -0.652284 1.161902 1.161902 1.161902
2876.660400 0.000000 715.984375 0.000000 0.623015 0.000000 -0.782210 1.257452 1.257452 1.257452
2878.361084 0.000000 709.658081 0.000000 0.960368 0.000000 -0.278734 0.943864 0.943864 0.943864
2876.750732 0.000000 718.769958 0.000000 0.349637 0.000000 -0.936885 1.245993 1.245993 1.245993
2828.795410 0.000000 756.537720 0.000000 0.907900 0.000000 -0.419187 0.807775 0.807775 0.807775
2841.646973 0.000000 758.794250 0.000000 0.235912 0.000000 -0.971774 0.887833 0.887833 0.887833
2832.143799 0.000000 756.069397 0.000000 0.179394 0.000000 -0.983777 0.869425 0.869425 0.869425
2843.656982 0.000000 755.433350 0.000000 0.133951 0.000000 -0.990988 0.834427 0.834427 0.834427
2821.112305 0.000000 756.425415 0.000000 0.997341 0.000000 -0.072878 0.821124 0.821124 0.821124
2840.024902 0.000000 757.887512 0.000000 0.336468 0.000000 -0.941695 1.425228 1.425228 1.425228
2833.950684 0.000000 756.774597 0.000000 0.247920 0.000000 -0.968780 0.865922 0.865922 0.865922
2845.634033 0.000000 759.858521 0.000000 0.533370 0.000000 -0.845882 0.957065 0.957065 0.957065
2827.010498 0.000000 759.311035 0.000000 0.972199 0.000000 -0.234156 0.822186 0.822186 0.822186
2846.098389 0.000000 762.592346 0.000000 0.921229 0.000000 -0.389021 0.831921 0.831921 0.831921
2844.701172 0.000000 756.365417 0.000000 0.922497 0.000000 -0.386004 0.832451 0.832451 0.832451
2835.278076 0.000000 758.646301 0.000000 0.778789 0.000000 -0.627285 1.127729 1.127729 1.127729
2839.620605 0.000000 756.650146 0.000000 0.192245 0.000000 -0.981347 0.998064 0.998064 0.998064
2815.761719 0.000000 744.789612 0.000000 0.557365 0.000000 -0.830267 1.066080 1.066080 1.066080
2822.222168 0.000000 754.918152 0.000000 0.780476 0.000000 -0.625186 0.990191 0.990191 0.990191
2845.848145 0.000000 758.714478 0.000000 0.945464 0.000000 -0.325727 0.851686 0.851686 0.851686
2834.858643 0.000000 757.533875 0.000000 0.843318 0.000000 -0.537414 0.865724 0.865724 0.865724
2838.206299 0.000000 754.925720 0.000000 0.641146 0.000000 -0.767419 1.245535 1.245535 1.245535
2820.850830 0.000000 757.421509 0.000000 0.760743 0.000000 -0.649053 1.004556 1.004556 1.004556
2840.167725 0.000000 754.447815 0.000000 0.777137 0.000000 -0.629331 1.146674 1.146674 1.146674
2840.986572 0.000000 757.523621 0.000000 0.838775 0.000000 -0.544479 1.093236 1.093236 1.093236
2821.931885 0.000000 755.865723 0.000000 0.048369 0.000000 -0.998830 1.399001 1.399001 1.399001
2843.712402 0.000000 756.591309 0.000000 0.355422 0.000000 -0.934706 1.414939 1.414939 1.414939
2823.162354 0.000000 755.066406 0.000000 0.746126 0.000000 -0.665805 1.005174 1.005174 1.005174
2815.400391 0.000000 743.054504 0.000000 0.773453 0.000000 -0.633853 1.149644 1.149644 1.149644
2815.358887 0.000000 744.008301 0.000000 0.996109 0.000000 -0.088127 0.823969 0.823969 0.823969
2841.858398 0.000000 755.929749 0.000000 0.777545 0.000000 -0.628827 1.146343 1.146343 1.146343
2821.363770 0.000000 755.263794 0.000000 0.983403 0.000000 -0.181433 0.871784 0.871784 0.871784
2841.412354 0.000000 754.853333 0.000000 0.717247 0.000000 -0.696819 1.192643 1.192643 1.192643
2843.370850 0.000000 759.393738 0.000000 0.672093 0.000000 -0.740467 1.224633 1.224633 1.224633
2823.060059 0.000000 757.667603 0.000000 0.780272 0.000000 -0.625440 1.055060 1.055060 1.055060
2857.786377 0.000000 765.156555 0.000000 0.999998 0.000000 0.002153 0.798921 0.798921 0.798921
2862.959717 0.000000 763.600586 0.000000 0.243901 0.000000 -0.969800 0.844968 0.844968 0.844968
2859.138672 0.000000 760.841980 0.000000 0.285480 0.000000 -0.958385 0.871653 0.871653 0.871653
2868.074219 0.000000 743.843384 0.000000 0.363835 0.000000 -0.931464 1.120732 1.120732 1.120732
2854.017822 0.000000 763.857666 0.000000 0.843389 0.000000 -0.537304 1.088892 1.088892 1.088892
2862.771240 0.000000 749.765930 0.000000 0.291336 0.000000 -0.956621 0.856030 0.856030 0.856030
2862.660400 0.000000 753.539917 0.000000 0.859488 0.000000 -0.511155 1.073252 1.073252 1.073252
2856.344238 0.000000 761.856140 0.000000 0.723973 0.000000 -0.689828 0.895785 0.895785 0.895785
2860.006592 0.000000 754.000793 0.000000 0.214054 0.000000 -0.976822 0.938027 0.938027 0.938027
2871.229492 0.000000 740.075134 0.000000 0.373570 0.000000 -0.927602 0.994553 0.994553 0.994553
2849.760498 0.000000 762.344360 0.000000 0.951258 0.000000 -0.308395 0.813775 0.813775 0.813775
2869.619873 0.000000 741.966919 0.000000 0.924468 0.000000 -0.381259 0.832812 0.832812 0.832812
2872.912354 0.000000 737.365051 0.000000 0.989136 0.000000 -0.147000 0.816206 0.816206 0.816206
2863.406006 0.000000 767.505676 0.000000 0.975293 0.000000 -0.220915 0.825804 0.825804 0.825804
2869.157959 0.000000 744.975586 0.000000 0.354656 0.000000 -0.934997 1.415357 1.415357 1.415357
2865.911377 0.000000 766.626587 0.000000 0.782788 0.000000 -0.622288 1.064270 1.064270 1.064270
2863.823730 0.000000 764.854431 0.000000 0.961005 0.000000 -0.276532 0.921432 0.921432 0.921432
2866.041748 0.000000 747.464172 0.000000 0.023218 0.000000 -0.999730 1.303813 1.303813 1.303813
2858.818604 0.000000 764.127197 0.000000 0.999760 0.000000 0.021916 0.788838 0.788838 0.788838
2871.909180 0.000000 743.776123 0.000000 0.737411 0.000000 -0.675444 1.019201 1.019201 1.019201
2870.999268 0.000000 741.585693 0.000000 0.978377 0.000000 -0.206830 0.834119 0.834119 0.834119
2869.437256 0.000000 743.428650 0.000000 0.051180 0.000000 -0.998689 1.206689 1.206689 1.206689
2861.577637 0.000000 763.338379 0.000000 0.999846 0.000000 0.017555 0.791059 0.791059 0.791059
2868.673584 0.000000 747.981995 0.000000 0.898588 0.000000 -0.438793 1.031350 1.031350 1.031350
2856.881592 0.000000 763.204834 0.000000 0.504448 0.000000 -0.863442 1.330714 1.330714 1.330714
2869.775879 0.000000 740.588623 0.000000 0.974135 0.000000 -0.225967 0.819120 0.819120 0.819120
2873.276611 0.000000 736.052246 0.000000 0.449307 0.000000 -0.893378 0.921361 0.921361 0.921361
2865.532715 0.000000 755.508362 0.000000 0.529492 0.000000 -0.848315 1.038689 1.038689 1.038689
2865.146240 0.000000 751.196167 0.000000 0.247983 0.000000 -0.968764 1.472372 1.472372 1.472372
2867.195557 0.000000 751.863037 0.000000 0.953809 0.000000 -0.300414 0.955400 0.955400 0.955400
2867.063965 0.000000 749.650269 0.000000 0.975950 0.000000 -0.217997 0.911923 0.911923 0.911923
2866.102539 0.000000 748.772217 0.000000 0.470051 0.000000 -0.882639 1.350777 1.350777 1.350777
2862.104980 0.000000 752.373352 0.000000 0.761181 0.000000 -0.648539 1.159392 1.159392 1.159392
2858.809082 0.000000 765.899902 0.000000 0.906733 0.000000 -0.421704 1.021709 1.021709 1.021709
2856.614990 0.000000 760.785339 0.000000 0.602899 0.000000 -0.797817 0.916221 0.916221 0.916221
2866.858643 0.000000 752.857483 0.000000 0.221493 0.000000 -0.975162 1.096030 1.096030 1.096030
2864.793213 0.000000 752.248352 0.000000 0.859440 0.000000 -0.511237 1.073300 1.073300 1.073300
2866.298340 0.000000 751.169556 0.000000 0.308815 0.000000 -0.951122 1.440108 1.440108 1.440108
2862.656738 0.000000 764.635620 0.000000 0.439452 0.000000 -0.898266 1.283592 1.283592 1.283592
2875.935547 0.000000 735.666260 0.000000 0.909473 0.000000 -0.415764 0.879643 0.879643 0.879643
2869.719482 0.000000 749.572449 0.000000 0.079429 0.000000 -0.996841 1.175285 1.175285 1.175285
2859.321777 0.000000 762.948608 0.000000 0.804889 0.000000 -0.593426 1.123560 1.123560 1.123560
2857.240479 0.000000 762.279297 0.000000 0.838207 0.000000 -0.545352 1.093767 1.093767 1.093767
2864.898193 0.000000 756.752380 0.000000 0.965712 0.000000 -0.259616 0.862418 0.862418 0.862418
2864.650635 0.000000 754.951477 0.000000 0.909874 0.000000 -0.414884 0.900825 0.900825 0.900825
2856.006104 0.000000 762.791504 0.000000 0.983449 0.000000 -0.181185 0.892789 0.892789 0.892789
2862.724121 0.000000 754.511353 0.000000 0.992503 0.000000 -0.122219 0.862402 0.862402 0.862402
2859.562500 0.000000 764.808167 0.000000 0.474978 0.000000 -0.879998 1.347930 1.347930 1.347930
2860.793701 0.000000 762.824463 0.000000 0.007069 0.000000 -0.999975 1.596400 1.596400 1.596400
2857.998291 0.000000 763.702271 0.000000 0.677744 0.000000 -0.735298 1.220732 1.220732 1.220732
2869.798340 0.000000 746.393433 0.000000 0.028025 0.000000 -0.999607 1.585725 1.585725 1.585725
2863.448975 0.000000 755.481140 0.000000 0.458507 0.000000 -0.888691 1.357415 1.357415 1.357415
2864.369385 0.000000 754.134888 0.000000 0.999946 0.000000 -0.010386 0.802448 0.802448 0.802448
2863.533691 0.000000 753.700012 0.000000 0.961817 0.000000 -0.273693 0.941193 0.941193 0.941193
2866.663574 0.000000 746.807617 0.000000 0.561235 0.000000 -0.827656 1.117385 1.117385 1.117385
2871.433838 0.000000 744.473755 0.000000 0.839014 0.000000 -0.544110 1.003385 1.003385 1.003385
2867.351074 0.000000 746.228699 0.000000 0.987199 0.000000 -0.159494 0.852146 0.852146 0.852146
2862.853271 0.000000 751.986511 0.000000 0.076585 0.000000 -0.997063 1.190923 1.190923 1.190923
2868.407715 0.000000 747.196533 0.000000 0.966175 0.000000 -0.257887 0.932842 0.932842 0.932842
2867.876709 0.000000 749.797363 0.000000 0.746394 0.000000 -0.665504 1.170853 1.170853 1.170853
2869.882568 0.000000 742.730591 0.000000 0.998635 0.000000 -0.052223 0.813983 0.813983 0.813983
2871.062012 0.000000 743.648926 0.000000 0.411833 0.000000 -0.911259 1.138846 1.138846 1.138846
2870.222900 0.000000 743.584656 0.000000 0.999265 0.000000 0.038336 0.788666 0.788666 0.788666
2870.444580 0.000000 742.172546 0.000000 0.486972 0.000000 -0.873417 1.113970 1.113970 1.113970
2855.578125 0.000000 762.082764 0.000000 0.992684 0.000000 -0.120739 0.861642 0.861642 0.861642
2854.499023 0.000000 762.121826 0.000000 0.371295 0.000000 -0.928515 1.406262 1.406262 1.406262
2857.212158 0.000000 765.743164 0.000000 0.810240 0.000000 -0.586098 1.113936 1.113936 1.113936
2865.082520 0.000000 750.412537 0.000000 0.995327 0.000000 -0.096566 0.849257 0.849257 0.849257
2862.220459 0.000000 750.477844 0.000000 0.987477 0.000000 -0.157765 0.841451 0.841451 0.841451
2865.606934 0.000000 748.127991 0.000000 0.987993 0.000000 -0.154496 0.848639 0.848639 0.848639
2869.472412 0.000000 745.684204 0.000000 0.091123 0.000000 -0.995840 1.553527 1.553527 1.553527
2863.013672 0.000000 765.345398 0.000000 0.479106 0.000000 -0.877757 1.264242 1.264242 1.264242
2859.583740 0.000000 764.031616 0.000000 0.971353 0.000000 -0.237642 0.922199 0.922199 0.922199
2870.045898 0.000000 744.955994 0.000000 0.815174 0.000000 -0.579217 1.018388 1.018388 1.018388
2897.044189 0.000000 703.935669 0.000000 0.615545 0.000000 -0.788102 0.995797 0.995797 0.995797
2884.136230 0.000000 708.776245 0.000000 0.926126 0.000000 -0.377214 0.996989 0.996989 0.996989
2909.569336 0.000000 734.009216 0.000000 0.863023 0.000000 -0.505165 0.933268 0.933268 0.933268
2889.116943 0.000000 708.165405 0.000000 0.614010 0.000000 -0.789298 1.263288 1.263288 1.263288
2883.699463 0.000000 713.816650 0.000000 0.391959 0.000000 -0.919983 1.394876 1.394876 1.394876
2890.661133 0.000000 710.812988 0.000000 0.910669 0.000000 -0.413137 1.016907 1.016907 1.016907
2887.594238 0.000000 705.531494 0.000000 0.292141 0.000000 -0.956375 1.449012 1.449012 1.449012
2885.227295 0.000000 711.367310 0.000000 0.976009 0.000000 -0.217729 0.911784 0.911784 0.911784
2907.121338 0.000000 732.524414 0.000000 0.363846 0.000000 -0.931459 1.410342 1.410342 1.410342
2891.038086 0.000000 706.305481 0.000000 0.980097 0.000000 -0.198517 0.856678 0.856678 0.856678
2903.221680 0.000000 708.090759 0.000000 0.976723 0.000000 -0.214506 0.808204 0.808204 0.808204
2886.097168 0.000000 714.044312 0.000000 0.189662 0.000000 -0.981849 0.957100 0.957100 0.957100
2885.349854 0.000000 706.457092 0.000000 0.910361 0.000000 -0.413816 1.017287 1.017287 1.017287
2899.413086 0.000000 709.670837 0.000000 0.427785 0.000000 -0.903881 1.029948 1.029948 1.029948
2891.939697 0.000000 712.629028 0.000000 0.972791 0.000000 -0.231684 0.821481 0.821481 0.821481
2888.485107 0.000000 710.307312 0.000000 0.753008 0.000000 -0.658011 1.165763 1.165763 1.165763
2904.904541 0.000000 705.380676 0.000000 0.481627 0.000000 -0.876376 0.866142 0.866142 0.866142
2895.627686 0.000000 711.354858 0.000000 0.463083 0.000000 -0.886315 1.346087 1.346087 1.346087
2889.687744 0.000000 712.574585 0.000000 0.534462 0.000000 -0.845193 1.312823 1.312823 1.312823
2880.939697 0.000000 706.589600 0.000000 0.984202 0.000000 -0.177051 0.890649 0.890649 0.890649
2903.110840 0.000000 731.417542 0.000000 0.977257 0.000000 -0.212057 0.810669 0.810669 0.810669
2910.886719 0.000000 707.107239 0.000000 0.876239 0.000000 -0.481877 0.866277 0.866277 0.866277
2904.721191 0.000000 735.636108 0.000000 0.334636 0.000000 -0.942347 1.426219 1.426219 1.426219
2889.479492 0.000000 705.469421 0.000000 0.080899 0.000000 -0.996722 1.505194 1.505194 1.505194
2882.242676 0.000000 707.601440 0.000000 0.991920 0.000000 -0.126866 0.864787 0.864787 0.864787
2886.875977 0.000000 710.967773 0.000000 0.546211 0.000000 -0.837647 1.305711 1.305711 1.305711
2889.032227 0.000000 734.571594 0.000000 0.997379 0.000000 0.072351 0.795083 0.795083 0.795083
2892.181885 0.000000 711.009033 0.000000 0.500386 0.000000 -0.865802 1.333106 1.333106 1.333106
2879.427734 0.000000 717.598022 0.000000 0.935150 0.000000 -0.354252 0.984423 0.984423 0.984423
2888.674316 0.000000 706.697021 0.000000 0.895609 0.000000 -0.444842 0.988748 0.988748 0.988748
2884.120605 0.000000 705.643188 0.000000 0.079113 0.000000 -0.996866 1.559666 1.559666 1.559666
2886.188721 0.000000 715.533508 0.000000 0.877678 0.000000 -0.479250 0.856898 0.856898 0.856898
2885.186768 0.000000 712.890808 0.000000 0.999792 0.000000 0.020406 0.789607 0.789607 0.789607
2883.541016 0.000000 715.286316 0.000000 0.086001 0.000000 -0.996295 1.096528 1.096528 1.096528
2891.976807 0.000000 707.345276 0.000000 0.261691 0.000000 -0.965152 1.170398 1.170398 1.170398
2887.980469 0.000000 708.900146 0.000000 0.825284 0.000000 -0.564718 1.105624 1.105624 1.105624
2886.448242 0.000000 712.307312 0.000000 0.637633 0.000000 -0.770340 1.247862 1.247862 1.247862
2889.371582 0.000000 711.289551 0.000000 0.367841 0.000000 -0.929889 1.408155 1.408155 1.408155
2888.190918 0.000000 733.587097 0.000000 0.950537 0.000000 -0.310611 0.858034 0.858034 0.858034
2906.171631 0.000000 705.140320 0.000000 0.961084 0.000000 -0.276258 0.839691 0.839691 0.839691
2879.746094 0.000000 712.805237 0.000000 0.995691 0.000000 -0.092730 0.847295 0.847295 0.847295
2902.081055 0.000000 707.409363 0.000000 0.887660 0.000000 -0.460500 1.042772 1.042772 1.042772
2886.636230 0.000000 706.394470 0.000000 0.008840 0.000000 -0.999961 1.501910 1.501910 1.501910
2885.559326 0.000000 705.253845 0.000000 0.854100 0.000000 -0.520108 1.078574 1.078574 1.078574
2909.080811 0.000000 735.410034 0.000000 0.993334 0.000000 -0.115271 0.829073 0.829073 0.829073
2889.029053 0.000000 704.369385 0.000000 0.199730 0.000000 -0.979851 1.448348 1.448348 1.448348
2906.226074 0.000000 733.457520 0.000000 0.317042 0.000000 -0.948412 1.435697 1.435697 1.435697
2879.309326 0.000000 708.618591 0.000000 0.998129 0.000000 -0.061139 0.831157 0.831157 0.831157
2894.653076 0.000000 710.624451 0.000000 0.660658 0.000000 -0.750687 1.225660 1.225660 1.225660
2895.910645 0.000000 708.822144 0.000000 0.472384 0.000000 -0.881393 1.349429 1.349429 1.349429
2904.382080 0.000000 707.567078 0.000000 0.998192 0.000000 0.060108 0.785465 0.785465 0.785465
2908.481201 0.000000 705.811340 0.000000 0.122213 0.000000 -0.992504 1.210743 1.210743 1.210743
2891.172363 0.000000 703.726196 0.000000 0.886883 0.000000 -0.461995 1.044586 1.044586 1.044586
2900.867676 0.000000 730.477905 0.000000 0.998918 0.000000 -0.046510 0.807620 0.807620 0.807620
2880.317139 0.000000 704.524963 0.000000 0.999855 0.000000 -0.017041 0.803642 0.803642 0.803642
2889.215576 0.000000 732.246826 0.000000 0.190319 0.000000 -0.981722 1.053442 1.053442 1.053442
2882.983154 0.000000 710.069397 0.000000 0.833968 0.000000 -0.551812 1.097701 1.097701 1.097701
2906.817139 0.000000 706.936951 0.000000 0.077603 0.000000 -0.996984 1.160835 1.160835 1.160835
2882.341064 0.000000 704.795776 0.000000 0.386223 0.000000 -0.922405 1.133030 1.133030 1.133030
2887.912598 0.000000 711.235352 0.000000 0.393466 0.000000 -0.919339 1.394041 1.394041 1.394041
2891.774414 0.000000 705.544861 0.000000 0.348799 0.000000 -0.937198 1.098356 1.098356 1.098356
2885.867920 0.000000 710.512146 0.000000 0.802024 0.000000 -0.597292 1.126011 1.126011 1.126011
2904.883057 0.000000 706.599670 0.000000 0.210363 0.000000 -0.977623 1.128388 1.128388 1.128388
2897.691162 0.000000 708.369629 0.000000 0.179502 0.000000 -0.983758 1.508082 1.508082 1.508082
2910.946777 0.000000 704.771973 0.000000 0.893690 0.000000 -0.448686 0.950547 0.950547 0.950547
2879.948730 0.000000 706.212524 0.000000 0.671683 0.000000 -0.740838 0.928308 0.928308 0.928308
2887.509033 0.000000 704.525574 0.000000 0.529815 0.000000 -0.848113 1.315618 1.315618 1.315618
2888.874756 0.000000 709.325256 0.000000 0.393551 0.000000 -0.919303 1.393995 1.393995 1.393995
2886.545898 0.000000 708.190430 0.000000 0.245702 0.000000 -0.969345 1.473570 1.473570 1.473570
2881.936279 0.000000 706.652222 0.000000 0.658608 0.000000 -0.752486 1.233833 1.233833 1.233833
2880.240479 0.000000 707.362976 0.000000 0.860843 0.000000 -0.508871 1.071899 1.071899 1.071899
2899.342529 0.000000 707.290710 0.000000 0.967063 0.000000 -0.254537 0.849861 0.849861 0.849861
2886.128418 0.000000 707.274048 0.000000 0.466896 0.000000 -0.884312 1.287584 1.287584 1.287584
2902.655762 0.000000 732.334412 0.000000 0.998206 0.000000 -0.059872 0.816153 0.816153 0.816153
2903.008789 0.000000 707.063171 0.000000 0.092762 0.000000 -0.995688 1.549737 1.549737 1.549737
2888.279297 0.000000 707.611023 0.000000 0.846292 0.000000 -0.532719 1.030024 1.030024 1.030024
2884.889404 0.000000 707.310730 0.000000 0.812293 0.000000 -0.583250 1.117150 1.117150 1.117150
2884.646973 0.000000 713.751282 0.000000 0.999087 0.000000 0.042726 0.778233 0.778233 0.778233
2907.170410 0.000000 735.107178 0.000000 0.128091 0.000000 -0.991762 1.534584 1.534584 1.534584
2880.479004 0.000000 705.444275 0.000000 0.872685 0.000000 -0.488283 0.909015 0.909015 0.909015
2885.851318 0.000000 703.665710 0.000000 0.884505 0.000000 -0.466531 0.949286 0.949286 0.949286
2904.118896 0.000000 734.745056 0.000000 0.996693 0.000000 0.081265 0.758566 0.758566 0.758566
2882.973877 0.000000 707.004211 0.000000 0.773213 0.000000 -0.634146 1.149837 1.149837 1.149837
2898.070068 0.000000 707.456909 0.000000 0.822399 0.000000 -0.568912 0.917243 0.917243 0.917243
2886.705566 0.000000 705.434265 0.000000 0.849542 0.000000 -0.527520 1.083005 1.083005 1.083005
2909.377441 0.000000 705.977539 0.000000 0.489958 0.000000 -0.871746 1.100271 1.100271 1.100271
2884.926758 0.000000 710.492798 0.000000 0.252551 0.000000 -0.967583 1.469969 1.469969 1.469969
2889.752441 0.000000 713.657715 0.000000 0.914831 0.000000 -0.403837 1.011718 1.011718 1.011718
2883.166260 0.000000 705.200439 0.000000 0.761181 0.000000 -0.648539 1.000132 1.000132 1.000132
2890.687256 0.000000 709.820557 0.000000 0.173906 0.000000 -0.984762 1.510978 1.510978 1.510978
2906.020508 0.000000 735.536072 0.000000 0.997115 0.000000 -0.075910 0.838698 0.838698 0.838698
2891.921875 0.000000 706.443115 0.000000 0.772064 0.000000 -0.635545 0.995325 0.995325 0.995325
2890.303711 0.000000 705.808838 0.000000 0.999998 0.000000 0.002131 0.799477 0.799477 0.799477
2886.102051 0.000000 711.390503 0.000000 0.296504 0.000000 -0.955032 1.446687 1.446687 1.446687
2894.755859 0.000000 703.935547 0.000000 0.262081 0.000000 -0.965046 1.464946 1.464946 1.464946
2906.283203 0.000000 732.187378 0.000000 0.859128 0.000000 -0.511761 1.073610 1.073610 1.073610
2900.289551 0.000000 706.887024 0.000000 0.372442 0.000000 -0.928055 1.163380 1.163380 1.163380
2904.674805 0.000000 733.002319 0.000000 0.642645 0.000000 -0.766164 1.244539 1.244539 1.244539
2889.316162 0.000000 707.290466 0.000000 0.636280 0.000000 -0.771459 1.160765 1.160765 1.160765
2879.920410 0.000000 716.849304 0.000000 0.221608 0.000000 -0.975136 1.486191 1.486191 1.486191
2883.471436 0.000000 709.353699 0.000000 0.984237 0.000000 -0.176852 0.890546 0.890546 0.890546
2889.873047 0.000000 704.697510 0.000000 0.489325 0.000000 -0.872102 1.301501 1.301501 1.301501
2882.932861 0.000000 715.936890 0.000000 0.139526 0.000000 -0.990218 1.085768 1.085768 1.085768
2883.803955 0.000000 707.940002 0.000000 0.605649 0.000000 -0.795732 1.268662 1.268662 1.268662
2908.892334 0.000000 734.539368 0.000000 0.649503 0.000000 -0.760359 1.017393 1.017393 1.017393
2884.707764 0.000000 712.139954 0.000000 0.994803 0.000000 -0.101817 0.851945 0.851945 0.851945
2901.305420 0.000000 706.938538 0.000000 0.877810 0.000000 -0.479010 0.952644 0.952644 0.952644
2890.195068 0.000000 711.520264 0.000000 0.914792 0.000000 -0.403926 1.011767 1.011767 1.011767
2884.230225 0.000000 712.998169 0.000000 0.454607 0.000000 -0.890692 1.359647 1.359647 1.359647
2884.436523 0.000000 706.454224 0.000000 0.942177 0.000000 -0.335115 0.974040 0.974040 0.974040
2884.052979 0.000000 703.898254 0.000000 0.487481 0.000000 -0.873133 1.126519 1.126519 1.126519
2893.813965 0.000000 703.710144 0.000000 0.874712 0.000000 -0.484642 1.057680 1.057680 1.057680
2906.697266 0.000000 707.740234 0.000000 0.167529 0.000000 -0.985867 1.138930 1.138930 1.138930
2880.771240 0.000000 710.971436 0.000000 0.110298 0.000000 -0.993899 1.543711 1.543711 1.543711
2883.393799 0.000000 711.578003 0.000000 0.207860 0.000000 -0.978159 1.493360 1.493360 1.493360
2884.503174 0.000000 709.513123 0.000000 0.868884 0.000000 -0.495016 1.063740 1.063740 1.063740
2885.983398 0.000000 705.947998 0.000000 0.853647 0.000000 -0.520851 1.079017 1.079017 1.079017
2882.110840 0.000000 711.881714 0.000000 0.999949 0.000000 -0.010087 0.805137 0.805137 0.805137
2888.737305 0.000000 705.899414 0.000000 0.998299 0.000000 -0.058294 0.827609 0.827609 0.827609
2894.832764 0.000000 711.411621 0.000000 0.892706 0.000000 -0.450640 1.034352 1.034352 1.034352
2889.559082 0.000000 708.826111 0.000000 0.081717 0.000000 -0.996656 1.558335 1.558335 1.558335
2903.071045 0.000000 706.303833 0.000000 0.248838 0.000000 -0.968545 1.469287 1.469287 1.469287
2892.314697 0.000000 710.151855 0.000000 0.707778 0.000000 -0.706435 1.199516 1.199516 1.199516
2925.472656 0.000000 707.486084 0.000000 0.212696 0.000000 -0.977118 1.051954 1.051954 1.051954
2919.391113 0.000000 716.945801 0.000000 0.721580 0.000000 -0.692331 0.897748 0.897748 0.897748
2925.675293 0.000000 711.308472 0.000000 0.912454 0.000000 -0.409178 0.945656 0.945656 0.945656
2918.089355 0.000000 714.044312 0.000000 0.999404 0.000000 -0.034529 0.813588 0.813588 0.813588
2927.636230 0.000000 706.676453 0.000000 0.999969 0.000000 0.007898 0.799543 0.799543 0.799543
2924.953369 0.000000 709.599670 0.000000 0.149884 0.000000 -0.988704 0.939002 0.939002 0.939002
2921.471680 0.000000 705.469421 0.000000 0.972986 0.000000 -0.230863 0.813028 0.813028 0.813028
2931.622314 0.000000 706.298645 0.000000 0.265493 0.000000 -0.964113 0.891020 0.891020 0.891020
2918.868164 0.000000 710.967773 0.000000 0.907526 0.000000 -0.419996 0.890897 0.890897 0.890897
2918.180908 0.000000 715.533508 0.000000 0.995488 0.000000 -0.094891 0.837392 0.837392 0.837392
2919.887695 0.000000 713.757935 0.000000 0.385338 0.000000 -0.922775 1.175552 1.175552 1.175552
2923.968994 0.000000 707.345276 0.000000 0.967233 0.000000 -0.253889 0.882030 0.882030 0.882030
2922.736084 0.000000 705.019958 0.000000 0.025117 0.000000 -0.999685 1.161189 1.161189 1.161189
2929.235840 0.000000 713.259277 0.000000 0.927857 0.000000 -0.372936 0.881672 0.881672 0.881672
2921.363770 0.000000 711.289551 0.000000 0.893930 0.000000 -0.448207 0.984719 0.984719 0.984719
2922.842285 0.000000 712.048889 0.000000 0.655655 0.000000 -0.755061 0.976040 0.976040 0.976040
2927.127441 0.000000 705.442322 0.000000 0.187559 0.000000 -0.982253 1.503908 1.503908 1.503908
2928.118652 0.000000 715.340332 0.000000 0.911043 0.000000 -0.412311 0.922228 0.922228 0.922228
2930.343018 0.000000 709.208252 0.000000 0.836921 0.000000 -0.547323 1.094965 1.094965 1.094965
2931.825684 0.000000 708.268738 0.000000 0.661578 0.000000 -0.749877 1.231820 1.231820 1.231820
2921.806885 0.000000 706.553711 0.000000 0.857183 0.000000 -0.515013 0.979371 0.979371 0.979371
2918.900146 0.000000 713.283936 0.000000 0.818591 0.000000 -0.574378 0.995520 0.995520 0.995520
2929.683350 0.000000 708.369629 0.000000 0.928254 0.000000 -0.371948 0.880683 0.880683 0.880683
2920.271484 0.000000 707.611023 0.000000 0.012503 0.000000 -0.999922 1.316639 1.316639 1.316639
2925.026855 0.000000 710.559509 0.000000 0.996680 0.000000 -0.081415 0.828162 0.828162 0.828162
2917.843506 0.000000 703.665710 0.000000 0.946336 0.000000 -0.323185 0.961033 0.961033 0.961033
2924.799805 0.000000 706.844788 0.000000 0.995257 0.000000 -0.097282 0.818098 0.818098 0.818098
2924.458740 0.000000 711.877380 0.000000 0.467884 0.000000 -0.883790 1.174512 1.174512 1.174512
2928.368896 0.000000 704.660339 0.000000 0.015989 0.000000 -0.999872 1.591856 1.591856 1.591856
2923.914062 0.000000 706.443115 0.000000 0.999968 0.000000 0.008045 0.797429 0.797429 0.797429
2922.295898 0.000000 705.808838 0.000000 0.437907 0.000000 -0.899020 1.061140 1.061140 1.061140
2918.094238 0.000000 711.390503 0.000000 0.981660 0.000000 -0.190639 0.840225 0.840225 0.840225
2929.024414 0.000000 715.238647 0.000000 0.713823 0.000000 -0.700326 1.023137 1.023137 1.023137
2922.476074 0.000000 712.895569 0.000000 0.091789 0.000000 -0.995779 1.104228 1.104228 1.104228
2928.684814 0.000000 708.435852 0.000000 0.996115 0.000000 -0.088065 0.818668 0.818668 0.818668
2911.335449 0.000000 704.490723 0.000000 0.903794 0.000000 -0.427968 0.943089 0.943089 0.943089
2919.064453 0.000000 703.895813 0.000000 0.942832 0.000000 -0.333269 0.973042 0.973042 0.973042
2929.421143 0.000000 707.048157 0.000000 0.803123 0.000000 -0.595814 1.046035 1.046035 1.046035
2924.306885 0.000000 710.151855 0.000000 0.746558 0.000000 -0.665320 1.051514 1.051514 1.051514
2883.380127 0.000000 750.298340 0.000000 0.978572 0.000000 -0.205905 0.809941 0.809941 0.809941
2884.136230 0.000000 740.760620 0.000000 0.653782 0.000000 -0.756683 0.858279 0.858279 0.858279
2902.364014 0.000000 750.779236 0.000000 0.303530 0.000000 -0.952822 1.203411 1.203411 1.203411
2893.683105 0.000000 743.292847 0.000000 0.432536 0.000000 -0.901617 1.372190 1.372190 1.372190
2906.980225 0.000000 745.902039 0.000000 0.999995 0.000000 0.003155 0.798393 0.798393 0.798393
2906.054199 0.000000 750.747498 0.000000 0.973478 0.000000 -0.228779 0.838725 0.838725 0.838725
2891.038086 0.000000 738.289856 0.000000 0.909221 0.000000 -0.416314 0.830016 0.830016 0.830016
2882.087891 0.000000 767.599854 0.000000 0.664071 0.000000 -0.747669 0.886025 0.886025 0.886025
2905.520508 0.000000 748.187805 0.000000 0.999918 0.000000 -0.012797 0.806518 0.806518 0.806518
2886.667725 0.000000 741.220337 0.000000 0.135354 0.000000 -0.990797 1.530852 1.530852 1.530852
2886.097168 0.000000 746.028687 0.000000 0.994866 0.000000 -0.101198 0.808706 0.808706 0.808706
2885.349854 0.000000 738.441467 0.000000 0.542637 0.000000 -0.839967 0.857759 0.857759 0.857759
2894.081787 0.000000 747.453247 0.000000 0.808351 0.000000 -0.588700 0.911887 0.911887 0.911887
2891.441895 0.000000 740.599731 0.000000 0.974993 0.000000 -0.222236 0.907423 0.907423 0.907423
2910.301025 0.000000 740.773743 0.000000 0.997246 0.000000 -0.074164 0.837806 0.837806 0.837806
2883.927002 0.000000 763.047058 0.000000 0.594559 0.000000 -0.804052 1.044391 1.044391 1.044391
2904.245605 0.000000 751.978760 0.000000 0.873052 0.000000 -0.487628 1.005502 1.005502 1.005502
2910.184326 0.000000 743.872253 0.000000 0.435997 0.000000 -0.899948 1.370233 1.370233 1.370233
2906.642334 0.000000 741.271667 0.000000 0.572051 0.000000 -0.820218 1.289836 1.289836 1.289836
2904.821777 0.000000 745.001892 0.000000 0.167656 0.000000 -0.985846 1.514208 1.514208 1.514208
2894.109619 0.000000 745.344116 0.000000 0.950346 0.000000 -0.311195 0.961167 0.961167 0.961167
2904.144531 0.000000 749.828064 0.000000 0.999894 0.000000 0.014558 0.792585 0.792585 0.792585
2910.623291 0.000000 747.794495 0.000000 0.023152 0.000000 -0.999732 1.374928 1.374928 1.374928
2883.515381 0.000000 755.597961 0.000000 0.792790 0.000000 -0.609495 0.911268 0.911268 0.911268
2904.799072 0.000000 740.723877 0.000000 1.000000 0.000000 -0.000051 0.800026 0.800026 0.800026
2886.875977 0.000000 742.952148 0.000000 0.365828 0.000000 -0.930683 1.323245 1.323245 1.323245
2903.565186 0.000000 748.214783 0.000000 0.795098 0.000000 -0.606482 1.131871 1.131871 1.131871
2901.150146 0.000000 744.975586 0.000000 0.214736 0.000000 -0.976672 1.489777 1.489777 1.489777
2885.541260 0.000000 740.071777 0.000000 0.592302 0.000000 -0.805716 0.863620 0.863620 0.863620
2882.001465 0.000000 760.780884 0.000000 0.276161 0.000000 -0.961112 1.034637 1.034637 1.034637
2892.181885 0.000000 742.993408 0.000000 0.992282 0.000000 -0.124004 0.863318 0.863318 0.863318
2889.840820 0.000000 741.521606 0.000000 0.563920 0.000000 -0.825830 1.294868 1.294868 1.294868
2898.033936 0.000000 747.464172 0.000000 0.559973 0.000000 -0.828511 1.297298 1.297298 1.297298
2888.674316 0.000000 738.681396 0.000000 0.989199 0.000000 -0.146577 0.874921 0.874921 0.874921
2888.864746 0.000000 747.894836 0.000000 0.998310 0.000000 0.058112 0.793961 0.793961 0.793961
2886.188721 0.000000 747.517883 0.000000 0.087438 0.000000 -0.996170 0.927383 0.927383 0.927383
2901.429443 0.000000 743.428650 0.000000 0.521288 0.000000 -0.853381 1.198200 1.198200 1.198200
2884.805908 0.000000 746.677429 0.000000 0.256592 0.000000 -0.966520 0.949282 0.949282 0.949282
2905.581299 0.000000 742.332825 0.000000 0.805006 0.000000 -0.593267 1.123459 1.123459 1.123459
2900.665771 0.000000 747.981995 0.000000 0.753295 0.000000 -0.657683 1.165542 1.165542 1.165542
2895.500488 0.000000 744.783630 0.000000 0.691070 0.000000 -0.722788 1.211423 1.211423 1.211423
2899.875000 0.000000 745.561707 0.000000 0.190941 0.000000 -0.981601 1.502154 1.502154 1.502154
2898.769043 0.000000 744.574707 0.000000 0.501757 0.000000 -0.865009 1.332299 1.332299 1.332299
2911.267090 0.000000 746.579468 0.000000 0.999471 0.000000 -0.032518 0.812082 0.812082 0.812082
2902.364990 0.000000 745.657166 0.000000 0.829715 0.000000 -0.558187 1.101605 1.101605 1.101605
2907.049805 0.000000 751.744751 0.000000 0.664921 0.000000 -0.746914 0.941497 0.941497 0.941497
2896.685547 0.000000 742.508362 0.000000 0.854855 0.000000 -0.518867 0.971058 0.971058 0.971058
2905.268799 0.000000 736.052246 0.000000 0.129805 0.000000 -0.991540 1.176922 1.176922 1.176922
2887.980469 0.000000 740.884521 0.000000 0.887481 0.000000 -0.460844 1.043925 1.043925 1.043925
2905.476074 0.000000 749.536194 0.000000 0.628652 0.000000 -0.777687 1.253771 1.253771 1.253771
2900.428955 0.000000 742.573120 0.000000 0.991962 0.000000 -0.126536 0.849413 0.849413 0.849413
2884.757568 0.000000 764.150208 0.000000 0.992276 0.000000 -0.124048 0.812420 0.812420 0.812420
2906.171631 0.000000 737.124695 0.000000 0.749560 0.000000 -0.661937 1.168424 1.168424 1.168424
2907.173340 0.000000 742.417419 0.000000 0.998809 0.000000 -0.048799 0.824863 0.824863 0.824863
2886.636230 0.000000 738.378845 0.000000 0.689975 0.000000 -0.723834 1.212195 1.212195 1.212195
2891.602783 0.000000 741.869019 0.000000 0.988294 0.000000 -0.152562 0.873415 0.873415 0.873415
2908.777100 0.000000 745.812012 0.000000 0.090566 0.000000 -0.995890 1.553812 1.553812 1.553812
2902.913086 0.000000 749.665894 0.000000 0.379681 0.000000 -0.925118 1.401654 1.401654 1.401654
2905.138672 0.000000 743.797607 0.000000 0.733354 0.000000 -0.679846 1.180726 1.180726 1.180726
2903.580078 0.000000 750.928955 0.000000 0.268538 0.000000 -0.963269 1.215081 1.215081 1.215081
2892.659424 0.000000 740.403076 0.000000 0.781238 0.000000 -0.624233 0.871361 0.871361 0.871361
2909.589600 0.000000 741.836182 0.000000 0.999920 0.000000 -0.012655 0.806446 0.806446 0.806446
2904.494873 0.000000 747.320557 0.000000 0.741852 0.000000 -0.670564 1.164041 1.164041 1.164041
2901.201904 0.000000 750.529358 0.000000 0.026123 0.000000 -0.999659 0.978934 0.978934 0.978934
2909.052002 0.000000 743.450500 0.000000 0.969082 0.000000 -0.246740 0.926975 0.926975 0.926975
2898.965088 0.000000 743.354553 0.000000 0.129953 0.000000 -0.991520 1.076189 1.076189 1.076189
2907.857910 0.000000 743.424744 0.000000 0.649956 0.000000 -0.759972 1.239660 1.239660 1.239660
2904.808838 0.000000 750.941345 0.000000 0.743541 0.000000 -0.668691 1.095500 1.095500 1.095500
2894.653076 0.000000 742.608826 0.000000 0.730500 0.000000 -0.682913 1.130310 1.130310 1.130310
2904.382080 0.000000 739.551453 0.000000 0.285946 0.000000 -0.958246 1.155572 1.155572 1.155572
2894.519775 0.000000 744.111938 0.000000 0.602625 0.000000 -0.798025 1.270594 1.270594 1.270594
2900.389160 0.000000 751.749084 0.000000 0.183290 0.000000 -0.983059 0.960608 0.960608 0.960608
2895.680664 0.000000 742.048218 0.000000 0.950814 0.000000 -0.309762 0.938384 0.938384 0.938384
2885.183105 0.000000 763.127075 0.000000 0.999975 0.000000 0.007077 0.798855 0.798855 0.798855
2904.128174 0.000000 736.010620 0.000000 0.061554 0.000000 -0.998104 1.194865 1.194865 1.194865
2907.179688 0.000000 750.651489 0.000000 0.968495 0.000000 -0.249033 0.842224 0.842224 0.842224
2904.592529 0.000000 748.809692 0.000000 0.921417 0.000000 -0.388574 1.003252 1.003252 1.003252
2905.897949 0.000000 738.201904 0.000000 0.520645 0.000000 -0.853773 1.084054 1.084054 1.084054
2909.075928 0.000000 735.667297 0.000000 0.605012 0.000000 -0.796216 1.031775 1.031775 1.031775
2887.912598 0.000000 743.219727 0.000000 0.702986 0.000000 -0.711204 1.146071 1.146071 1.146071
2907.436035 0.000000 736.879883 0.000000 0.337530 0.000000 -0.941315 1.424654 1.424654 1.424654
2911.259521 0.000000 743.381775 0.000000 0.434043 0.000000 -0.900892 1.371339 1.371339 1.371339
2907.992432 0.000000 738.750854 0.000000 0.599044 0.000000 -0.800716 1.272876 1.272876 1.272876
2907.700928 0.000000 741.498596 0.000000 0.928706 0.000000 -0.370816 0.993475 0.993475 0.993475
2896.539307 0.000000 744.462585 0.000000 0.119783 0.000000 -0.992800 1.538848 1.538848 1.538848
2904.380127 0.000000 746.059021 0.000000 0.152937 0.000000 -0.988236 1.501989 1.501989 1.501989
2907.927734 0.000000 735.666260 0.000000 0.334851 0.000000 -0.942271 1.426102 1.426102 1.426102
2901.711670 0.000000 749.572449 0.000000 0.907396 0.000000 -0.420277 0.971528 0.971528 0.971528
2890.313721 0.000000 740.623535 0.000000 0.969605 0.000000 -0.244675 0.918485 0.918485 0.918485
2882.452881 0.000000 755.526794 0.000000 0.926974 0.000000 -0.375125 0.865280 0.865280 0.865280
2888.874756 0.000000 741.309631 0.000000 0.214955 0.000000 -0.976624 1.489663 1.489663 1.489663
2905.653076 0.000000 741.251831 0.000000 0.822759 0.000000 -0.568391 1.107894 1.107894 1.107894
2883.496338 0.000000 763.915283 0.000000 0.767287 0.000000 -0.641303 0.982151 0.982151 0.982151
2907.481201 0.000000 746.732605 0.000000 0.565635 0.000000 -0.824656 1.293810 1.293810 1.293810
2888.279297 0.000000 739.595398 0.000000 0.141245 0.000000 -0.989975 1.527823 1.527823 1.527823
2906.471436 0.000000 748.417847 0.000000 0.988627 0.000000 -0.150391 0.874473 0.874473 0.874473
2906.360107 0.000000 746.679688 0.000000 0.999983 0.000000 0.005843 0.797024 0.797024 0.797024
2893.034668 0.000000 742.543884 0.000000 0.999360 0.000000 -0.035764 0.818218 0.818218 0.818218
2910.360840 0.000000 746.914612 0.000000 0.362896 0.000000 -0.931830 1.245569 1.245569 1.245569
2907.318359 0.000000 740.621033 0.000000 0.999957 0.000000 -0.009298 0.804736 0.804736 0.804736
2893.023438 0.000000 745.393555 0.000000 0.865978 0.000000 -0.500082 1.066715 1.066715 1.066715
2910.433838 0.000000 744.731445 0.000000 0.715813 0.000000 -0.698292 1.192146 1.192146 1.192146
2889.752441 0.000000 745.642090 0.000000 0.588969 0.000000 -0.808156 1.279255 1.279255 1.279255
2882.746094 0.000000 762.657288 0.000000 0.947205 0.000000 -0.320630 0.885397 0.885397 0.885397
2889.382080 0.000000 742.302673 0.000000 0.996660 0.000000 0.081663 0.758363 0.758363 0.758363
2910.652832 0.000000 739.937927 0.000000 0.970526 0.000000 -0.240995 0.923958 0.923958 0.923958
2902.667480 0.000000 740.753723 0.000000 0.876322 0.000000 -0.481726 0.929498 0.929498 0.929498
2899.334229 0.000000 742.557922 0.000000 0.816017 0.000000 -0.578028 0.918168 0.918168 0.918168
2905.724121 0.000000 747.335083 0.000000 0.902538 0.000000 -0.430611 1.020499 1.020499 1.020499
2902.244873 0.000000 751.688416 0.000000 0.720721 0.000000 -0.693225 1.044767 1.044767 1.044767
2895.028809 0.000000 745.550598 0.000000 0.972708 0.000000 -0.232031 0.919259 0.919259 0.919259
2905.161621 0.000000 739.929016 0.000000 0.434469 0.000000 -0.900687 1.111304 1.111304 1.111304
2904.880371 0.000000 742.889587 0.000000 0.669233 0.000000 -0.743052 1.226596 1.226596 1.226596
2890.483887 0.000000 744.879944 0.000000 0.377108 0.000000 -0.926169 1.403069 1.403069 1.403069
2898.889160 0.000000 747.646240 0.000000 0.253443 0.000000 -0.967350 1.469499 1.469499 1.469499
2901.141357 0.000000 748.738831 0.000000 0.574587 0.000000 -0.818443 1.179120 1.179120 1.179120
2898.135254 0.000000 745.180969 0.000000 0.552278 0.000000 -0.833660 1.302014 1.302014 1.302014
2897.379883 0.000000 743.047791 0.000000 0.997099 0.000000 -0.076114 0.823890 0.823890 0.823890
2898.655762 0.000000 746.807617 0.000000 0.555417 0.000000 -0.831572 1.300094 1.300094 1.300094
2903.426025 0.000000 744.473755 0.000000 0.377620 0.000000 -0.925961 1.402788 1.402788 1.402788
2903.572998 0.000000 742.971558 0.000000 0.718123 0.000000 -0.695916 1.192002 1.192002 1.192002
2887.184814 0.000000 743.770935 0.000000 0.325595 0.000000 -0.945509 1.342001 1.342001 1.342001
2899.343262 0.000000 746.228699 0.000000 0.999105 0.000000 0.042294 0.778453 0.778453 0.778453
2901.735596 0.000000 744.252625 0.000000 0.948850 0.000000 -0.315728 0.963598 0.963598 0.963598
2890.195068 0.000000 743.504639 0.000000 0.896501 0.000000 -0.443041 1.033761 1.033761 1.033761
2906.378418 0.000000 742.658325 0.000000 0.249388 0.000000 -0.968404 1.471633 1.471633 1.471633
2891.368652 0.000000 745.208252 0.000000 0.570716 0.000000 -0.821148 1.290666 1.290666 1.290666
2896.254150 0.000000 745.225525 0.000000 0.951023 0.000000 -0.309120 0.960055 0.960055 0.960055
2906.034668 0.000000 735.767944 0.000000 0.976316 0.000000 -0.216350 0.911064 0.911064 0.911064
2900.002686 0.000000 748.789124 0.000000 0.998538 0.000000 -0.054059 0.821388 0.821388 0.821388
2909.509277 0.000000 740.933044 0.000000 0.865173 0.000000 -0.501473 1.067533 1.067533 1.067533
2886.573975 0.000000 742.097534 0.000000 0.955891 0.000000 -0.293720 0.930395 0.930395 0.930395
2906.697266 0.000000 739.724609 0.000000 0.999649 0.000000 -0.026510 0.813503 0.813503 0.813503
2904.206299 0.000000 737.788208 0.000000 0.832615 0.000000 -0.553852 0.953577 0.953577 0.953577
2910.009033 0.000000 739.440247 0.000000 0.998476 0.000000 -0.055192 0.828123 0.828123 0.828123
2899.868896 0.000000 749.797363 0.000000 0.670997 0.000000 -0.741460 1.028541 1.028541 1.028541
2901.874756 0.000000 742.730591 0.000000 0.443157 0.000000 -0.896444 1.232956 1.232956 1.232956
2902.139404 0.000000 741.361816 0.000000 0.226245 0.000000 -0.974070 1.145906 1.145906 1.145906
2904.951904 0.000000 750.147278 0.000000 0.062050 0.000000 -0.998073 1.408676 1.408676 1.408676
2883.875488 0.000000 762.251160 0.000000 0.915035 0.000000 -0.403375 0.908633 0.908633 0.908633
2902.436768 0.000000 742.172546 0.000000 0.312008 0.000000 -0.950080 1.438398 1.438398 1.438398
2899.819336 0.000000 747.848877 0.000000 0.719663 0.000000 -0.694324 1.190874 1.190874 1.190874
2900.649658 0.000000 745.740051 0.000000 0.997036 0.000000 -0.076930 0.839219 0.839219 0.839219
2900.109863 0.000000 746.424011 0.000000 0.949697 0.000000 -0.313169 0.962225 0.962225 0.962225
2910.508789 0.000000 743.131714 0.000000 0.724173 0.000000 -0.689619 1.187555 1.187555 1.187555
2910.353271 0.000000 741.642456 0.000000 0.510516 0.000000 -0.859868 1.327127 1.327127 1.327127
2901.464600 0.000000 745.684204 0.000000 0.293554 0.000000 -0.955943 1.448259 1.448259 1.448259
2904.474365 0.000000 744.300049 0.000000 0.485538 0.000000 -0.874216 1.341798 1.341798 1.341798
2899.524658 0.000000 744.407410 0.000000 0.102594 0.000000 -0.994723 1.547657 1.547657 1.547657
2907.025879 0.000000 743.168884 0.000000 0.806570 0.000000 -0.591138 1.122114 1.122114 1.122114
2889.559082 0.000000 740.810486 0.000000 0.248703 0.000000 -0.968580 1.471993 1.471993 1.471993
2907.434814 0.000000 749.929810 0.000000 0.804706 0.000000 -0.593674 1.113561 1.113561 1.113561
2892.314697 0.000000 742.136230 0.000000 0.911742 0.000000 -0.410762 1.015580 1.015580 1.015580
2888.184082 0.000000 745.023499 0.000000 0.691072 0.000000 -0.722786 1.211422 1.211422 1.211422
2907.719238 0.000000 747.456787 0.000000 0.032404 0.000000 -0.999475 1.583494 1.583494 1.583494
2906.125732 0.000000 749.106323 0.000000 0.295878 0.000000 -0.955226 1.426722 1.426722 1.426722
2912.040527 0.000000 743.565613 0.000000 0.894306 0.000000 -0.447456 0.908407 0.908407 0.908407
2912.450195 0.000000 740.368896 0.000000 0.921453 0.000000 -0.388489 0.943439 0.943439 0.943439
2912.931885 0.000000 738.573975 0.000000 0.999793 0.000000 -0.020348 0.804024 0.804024 0.804024
2911.303955 0.000000 738.980164 0.000000 0.743550 0.000000 -0.668680 1.173025 1.173025 1.173025
2912.961914 0.000000 742.169006 0.000000 0.869566 0.000000 -0.493817 0.920688 0.920688 0.920688
2913.421631 0.000000 743.444519 0.000000 0.602031 0.000000 -0.798472 1.016094 1.016094 1.016094
2911.301514 0.000000 740.602966 0.000000 0.313859 0.000000 -0.949470 1.437405 1.437405 1.437405
2913.971924 0.000000 742.185364 0.000000 0.082037 0.000000 -0.996629 1.147867 1.147867 1.147867
2911.940918 0.000000 738.196899 0.000000 0.999757 0.000000 -0.022026 0.811219 0.811219 0.811219
2912.232666 0.000000 739.347351 0.000000 0.943540 0.000000 -0.331259 0.866760 0.866760 0.866760
2912.049316 0.000000 742.562988 0.000000 0.550796 0.000000 -0.834640 1.030751 1.030751 1.030751
2911.335449 0.000000 744.008301 0.000000 0.468988 0.000000 -0.883204 1.349227 1.349227 1.349227
2911.455811 0.000000 739.809937 0.000000 0.999634 0.000000 -0.027043 0.813775 0.813775 0.813775
2912.763428 0.000000 742.955811 0.000000 0.992478 0.000000 -0.122423 0.828679 0.828679 0.828679
2911.335449 0.000000 736.475098 0.000000 0.152009 0.000000 -0.988379 1.151227 1.151227 1.151227
2743.473145 0.000000 778.592834 0.000000 0.218848 0.000000 -0.975759 1.487632 1.487632 1.487632
2738.009033 0.000000 784.185364 0.000000 0.573051 0.000000 -0.819520 0.811511 0.811511 0.811511
2732.818848 0.000000 788.522095 0.000000 0.205971 0.000000 -0.978558 0.827229 0.827229 0.827229
2737.083252 0.000000 767.904419 0.000000 0.446485 0.000000 -0.894791 1.342152 1.342152 1.342152
2724.175293 0.000000 772.744995 0.000000 0.812486 0.000000 -0.582981 0.821132 0.821132 0.821132
2740.105469 0.000000 775.827759 0.000000 0.991646 0.000000 -0.128991 0.865878 0.865878 0.865878
2742.403076 0.000000 782.763611 0.000000 0.826522 0.000000 -0.562905 1.104506 1.104506 1.104506
2749.967773 0.000000 785.695801 0.000000 0.638300 0.000000 -0.769788 1.247421 1.247421 1.247421
2743.109131 0.000000 768.337158 0.000000 0.702027 0.000000 -0.712151 1.203646 1.203646 1.203646
2749.165283 0.000000 770.813293 0.000000 0.996885 0.000000 0.078869 0.760106 0.760106 0.760106
2745.775635 0.000000 771.274170 0.000000 0.761907 0.000000 -0.647686 1.158821 1.158821 1.158821
2746.093262 0.000000 782.731873 0.000000 0.466117 0.000000 -0.884723 1.353044 1.353044 1.353044
2727.633301 0.000000 769.500244 0.000000 0.144537 0.000000 -0.989499 1.526129 1.526129 1.526129
2728.375488 0.000000 793.840515 0.000000 0.809082 0.000000 -0.587695 0.813801 0.813801 0.813801
2740.052246 0.000000 768.658630 0.000000 0.557923 0.000000 -0.829892 1.298557 1.298557 1.298557
2731.077148 0.000000 770.274231 0.000000 0.821668 0.000000 -0.569966 0.934449 0.934449 0.934449
2743.260742 0.000000 772.059509 0.000000 0.977813 0.000000 -0.209479 0.907483 0.907483 0.907483
2742.620605 0.000000 776.286987 0.000000 0.949308 0.000000 -0.314348 0.948168 0.948168 0.948168
2733.120361 0.000000 783.745361 0.000000 0.849496 0.000000 -0.527595 0.837740 0.837740 0.837740
2739.452148 0.000000 773.639587 0.000000 0.790480 0.000000 -0.612488 0.835548 0.835548 0.835548
2744.284668 0.000000 783.963135 0.000000 0.390318 0.000000 -0.920680 1.395784 1.395784 1.395784
2729.221680 0.000000 791.787720 0.000000 0.455315 0.000000 -0.890331 0.874566 0.874566 0.874566
2731.978760 0.000000 776.597778 0.000000 0.997293 0.000000 -0.073534 0.828518 0.828518 0.828518
2733.668213 0.000000 793.823242 0.000000 0.265411 0.000000 -0.964135 0.865018 0.865018 0.865018
2746.681396 0.000000 773.256042 0.000000 0.450467 0.000000 -0.892793 1.362012 1.362012 1.362012
2735.876709 0.000000 783.749939 0.000000 0.974454 0.000000 -0.224589 0.811763 0.811763 0.811763
2728.524170 0.000000 774.276062 0.000000 0.758869 0.000000 -0.651243 1.161203 1.161203 1.161203
2744.860840 0.000000 776.986267 0.000000 0.959391 0.000000 -0.282078 0.945638 0.945638 0.945638
2737.340088 0.000000 786.190186 0.000000 0.793012 0.000000 -0.609206 1.133619 1.133619 1.133619
2742.096191 0.000000 770.085754 0.000000 0.999822 0.000000 0.018886 0.790381 0.790381 0.790381
2748.384521 0.000000 776.519348 0.000000 0.117757 0.000000 -0.993042 1.531183 1.531183 1.531183
2728.101807 0.000000 767.626099 0.000000 0.940660 0.000000 -0.339350 0.976332 0.976332 0.976332
2727.357910 0.000000 771.400452 0.000000 0.739545 0.000000 -0.673107 1.176065 1.176065 1.176065
2748.511963 0.000000 779.091431 0.000000 0.158325 0.000000 -0.987387 1.519025 1.519025 1.519025
2729.726807 0.000000 776.543335 0.000000 0.997355 0.000000 0.072679 0.766730 0.766730 0.766730
2744.048340 0.000000 789.871887 0.000000 0.702062 0.000000 -0.712116 1.203621 1.203621 1.203621
2747.142334 0.000000 781.200073 0.000000 0.614373 0.000000 -0.789016 1.263055 1.263055 1.263055
2733.000244 0.000000 773.568420 0.000000 0.463942 0.000000 -0.885865 0.954333 0.954333 0.954333
2736.206055 0.000000 791.095398 0.000000 0.722780 0.000000 -0.691078 1.139819 1.139819 1.139819
2738.771973 0.000000 772.052551 0.000000 0.997905 0.000000 0.064695 0.796509 0.796509 0.796509
2744.838135 0.000000 772.708252 0.000000 0.985936 0.000000 -0.167121 0.885515 0.885515 0.885515
2723.379639 0.000000 768.292053 0.000000 0.380989 0.000000 -0.924580 0.875411 0.875411 0.875411
2743.594727 0.000000 785.540039 0.000000 0.922711 0.000000 -0.385493 0.972305 0.972305 0.972305
2738.422119 0.000000 768.879944 0.000000 0.987472 0.000000 -0.157793 0.869307 0.869307 0.869307
2738.129883 0.000000 774.488098 0.000000 0.982807 0.000000 -0.184635 0.847474 0.847474 0.847474
2726.540771 0.000000 768.407043 0.000000 0.183969 0.000000 -0.982932 1.505768 1.505768 1.505768
2749.129639 0.000000 786.969543 0.000000 0.857709 0.000000 -0.514136 1.075020 1.075020 1.075020
2728.713379 0.000000 770.665771 0.000000 0.000144 0.000000 -1.000000 1.599927 1.599927 1.599927
2731.033936 0.000000 791.295410 0.000000 0.567934 0.000000 -0.823074 1.074193 1.074193 1.074193
2733.266602 0.000000 785.211426 0.000000 0.774300 0.000000 -0.632819 1.148964 1.148964 1.148964
2743.940430 0.000000 775.760498 0.000000 0.439978 0.000000 -0.898009 1.367978 1.367978 1.367978
2741.468506 0.000000 775.413025 0.000000 0.465112 0.000000 -0.885252 1.353622 1.353622 1.353622
2730.469482 0.000000 771.560181 0.000000 0.043506 0.000000 -0.999053 1.138587 1.138587 1.138587
2742.945068 0.000000 784.247437 0.000000 0.149402 0.000000 -0.988777 1.418628 1.418628 1.418628
2751.135742 0.000000 788.955322 0.000000 0.521043 0.000000 -0.853530 0.951154 0.951154 0.951154
2739.301514 0.000000 790.630676 0.000000 0.159582 0.000000 -0.987185 1.518376 1.518376 1.518376
2742.731445 0.000000 774.920654 0.000000 0.893519 0.000000 -0.449025 1.037166 1.037166 1.037166
2739.107910 0.000000 767.649231 0.000000 0.990219 0.000000 -0.139520 0.871290 0.871290 0.871290
2733.866943 0.000000 790.847900 0.000000 0.683049 0.000000 -0.730372 0.891586 0.891586 0.891586
2737.563965 0.000000 787.492737 0.000000 0.052339 0.000000 -0.998629 1.573332 1.573332 1.573332
2735.973877 0.000000 792.424194 0.000000 0.966920 0.000000 -0.255081 0.829879 0.829879 0.829879
2745.515137 0.000000 781.520569 0.000000 0.211393 0.000000 -0.977401 1.491520 1.491520 1.491520
2741.336182 0.000000 769.016541 0.000000 0.081841 0.000000 -0.996645 1.558272 1.558272 1.558272
2740.645264 0.000000 773.125000 0.000000 0.986156 0.000000 -0.165821 0.884844 0.884844 0.884844
2746.210693 0.000000 769.109070 0.000000 0.614950 0.000000 -0.788566 1.262682 1.262682 1.262682
2743.638184 0.000000 777.284180 0.000000 0.989027 0.000000 -0.147736 0.868706 0.868706 0.868706
2748.071533 0.000000 786.197876 0.000000 0.709245 0.000000 -0.704962 1.198458 1.198458 1.198458
2730.889160 0.000000 776.017639 0.000000 0.678597 0.000000 -0.734511 1.119637 1.119637 1.119637
2726.675293 0.000000 770.363220 0.000000 0.739070 0.000000 -0.673629 1.176424 1.176424 1.176424
2731.641846 0.000000 773.853394 0.000000 0.581181 0.000000 -0.813775 1.284146 1.284146 1.284146
2748.816162 0.000000 777.796387 0.000000 0.738749 0.000000 -0.673980 1.172235 1.172235 1.172235
2745.177734 0.000000 775.781982 0.000000 0.695693 0.000000 -0.718340 1.208156 1.208156 1.208156
2743.619141 0.000000 782.913330 0.000000 0.839594 0.000000 -0.543214 1.092469 1.092469 1.092469
2732.698486 0.000000 772.387451 0.000000 0.997906 0.000000 -0.064674 0.809178 0.809178 0.809178
2749.628662 0.000000 773.820557 0.000000 0.303186 0.000000 -0.952931 1.402767 1.402767 1.402767
2744.533936 0.000000 779.304932 0.000000 0.075098 0.000000 -0.997176 1.561717 1.561717 1.561717
2747.954590 0.000000 780.203735 0.000000 0.180681 0.000000 -0.983542 1.507472 1.507472 1.507472
2749.091064 0.000000 775.434875 0.000000 0.158792 0.000000 -0.987312 1.462409 1.462409 1.462409
2739.004150 0.000000 775.338928 0.000000 0.949523 0.000000 -0.313698 0.881573 0.881573 0.881573
2729.068115 0.000000 768.338135 0.000000 0.741156 0.000000 -0.671333 1.174845 1.174845 1.174845
2740.913086 0.000000 770.190369 0.000000 0.301344 0.000000 -0.953515 1.249609 1.249609 1.249609
2744.847900 0.000000 782.925720 0.000000 0.998180 0.000000 -0.060304 0.830731 0.830731 0.830731
2743.178467 0.000000 769.508972 0.000000 0.996265 0.000000 -0.086349 0.844032 0.844032 0.844032
2733.873535 0.000000 772.591125 0.000000 0.362914 0.000000 -0.931823 0.970080 0.970080 0.970080
2749.553467 0.000000 776.865906 0.000000 0.584929 0.000000 -0.811084 1.276127 1.276127 1.276127
2735.103516 0.000000 790.810059 0.000000 0.796581 0.000000 -0.604532 0.930953 0.930953 0.930953
2729.853760 0.000000 770.522461 0.000000 0.523425 0.000000 -0.852072 1.319446 1.319446 1.319446
2744.167236 0.000000 767.994995 0.000000 0.848354 0.000000 -0.529430 1.084150 1.084150 1.084150
2746.146973 0.000000 772.302368 0.000000 0.406035 0.000000 -0.913857 1.387058 1.387058 1.387058
2744.631592 0.000000 780.794067 0.000000 0.840388 0.000000 -0.541985 1.091723 1.091723 1.091723
2745.937012 0.000000 770.186279 0.000000 0.998441 0.000000 0.055815 0.771559 0.771559 0.771559
2749.114990 0.000000 767.651672 0.000000 0.989171 0.000000 -0.146764 0.875017 0.875017 0.875017
2727.951660 0.000000 775.204102 0.000000 0.993803 0.000000 -0.111158 0.822914 0.822914 0.822914
2738.986816 0.000000 788.392212 0.000000 0.813320 0.000000 -0.581817 1.090208 1.090208 1.090208
2747.475098 0.000000 768.864258 0.000000 0.114352 0.000000 -0.993440 1.541633 1.541633 1.541633
2736.824463 0.000000 784.232727 0.000000 0.962589 0.000000 -0.270967 0.850968 0.850968 0.850968
2735.360352 0.000000 784.712952 0.000000 0.990241 0.000000 -0.139363 0.870650 0.870650 0.870650
2747.739990 0.000000 773.482971 0.000000 0.211586 0.000000 -0.977359 1.491419 1.491419 1.491419
2749.452637 0.000000 783.156128 0.000000 0.443807 0.000000 -0.896123 1.365804 1.365804 1.365804
2737.892578 0.000000 785.247131 0.000000 0.999801 0.000000 -0.019974 0.803710 0.803710 0.803710
2749.488770 0.000000 769.035645 0.000000 0.587100 0.000000 -0.809514 1.280431 1.280431 1.280431
2744.922119 0.000000 770.568420 0.000000 0.617656 0.000000 -0.786449 1.260932 1.260932 1.260932
2731.893555 0.000000 791.874756 0.000000 0.249911 0.000000 -0.968269 1.173854 1.173854 1.173854
2750.937012 0.000000 785.117371 0.000000 0.992229 0.000000 -0.124422 0.861041 0.861041 0.861041
2741.750732 0.000000 781.556824 0.000000 0.286244 0.000000 -0.958157 1.165715 1.165715 1.165715
2733.978271 0.000000 773.875732 0.000000 0.548437 0.000000 -0.836192 0.940429 0.940429 0.940429
2738.128418 0.000000 767.902466 0.000000 0.928803 0.000000 -0.370573 0.993342 0.993342 0.993342
2738.332275 0.000000 786.809265 0.000000 0.997014 0.000000 -0.077224 0.813586 0.813586 0.813586
2743.941406 0.000000 773.160034 0.000000 0.497519 0.000000 -0.867453 1.334791 1.334791 1.334791
2728.913818 0.000000 773.294006 0.000000 0.095213 0.000000 -0.995457 1.551435 1.551435 1.551435
2736.929443 0.000000 788.736755 0.000000 0.744745 0.000000 -0.667349 1.172114 1.172114 1.172114
2747.096924 0.000000 786.593750 0.000000 0.672535 0.000000 -0.740065 1.087878 1.087878 1.087878
2736.681885 0.000000 786.935852 0.000000 0.830382 0.000000 -0.557194 1.100995 1.100995 1.100995
2749.830322 0.000000 774.784546 0.000000 0.655832 0.000000 -0.754907 1.201536 1.201536 1.201536
2747.520264 0.000000 778.716980 0.000000 0.158827 0.000000 -0.987306 1.518766 1.518766 1.518766
2738.799072 0.000000 769.793030 0.000000 0.155288 0.000000 -0.987869 1.418861 1.418861 1.418861
2746.510498 0.000000 780.402222 0.000000 0.224437 0.000000 -0.974488 1.484713 1.484713 1.484713
2746.399170 0.000000 778.664062 0.000000 0.553138 0.000000 -0.833090 1.301489 1.301489 1.301489
2742.287354 0.000000 769.067749 0.000000 0.613675 0.000000 -0.789559 1.263505 1.263505 1.263505
2728.828125 0.000000 776.063293 0.000000 0.981973 0.000000 -0.189021 0.886975 0.886975 0.886975
2749.441650 0.000000 778.794434 0.000000 0.608624 0.000000 -0.793459 1.266755 1.266755 1.266755
2728.503906 0.000000 769.111084 0.000000 0.138031 0.000000 -0.990428 1.529476 1.529476 1.529476
2727.645752 0.000000 770.460999 0.000000 0.563338 0.000000 -0.826226 1.295227 1.295227 1.295227
2724.322510 0.000000 768.670349 0.000000 0.422480 0.000000 -0.906372 1.377856 1.377856 1.377856
2748.417969 0.000000 789.257385 0.000000 0.788681 0.000000 -0.614802 1.137223 1.137223 1.137223
2745.693848 0.000000 783.590271 0.000000 0.480769 0.000000 -0.876848 1.344572 1.344572 1.344572
2725.890381 0.000000 767.634460 0.000000 0.107408 0.000000 -0.994215 1.545192 1.545192 1.545192
2742.145752 0.000000 784.867126 0.000000 0.944104 0.000000 -0.329649 0.946264 0.946264 0.946264
2735.785400 0.000000 790.160522 0.000000 0.600595 0.000000 -0.799554 0.986905 0.986905 0.986905
2746.391602 0.000000 781.851196 0.000000 0.435463 0.000000 -0.900207 1.370536 1.370536 1.370536
2746.015869 0.000000 777.748230 0.000000 0.567065 0.000000 -0.823673 1.292926 1.292926 1.292926
2738.117188 0.000000 791.532166 0.000000 0.860105 0.000000 -0.510118 1.072637 1.072637 1.072637
2748.093750 0.000000 781.213745 0.000000 0.052528 0.000000 -0.998619 1.573235 1.573235 1.573235
2747.357422 0.000000 772.605408 0.000000 0.975274 0.000000 -0.220998 0.913490 0.913490 0.913490
2744.387451 0.000000 788.107422 0.000000 0.997139 0.000000 0.075590 0.761465 0.761465 0.761465
2726.744629 0.000000 769.403015 0.000000 0.647870 0.000000 -0.761751 1.241056 1.241056 1.241056
2739.735352 0.000000 791.464783 0.000000 0.662308 0.000000 -0.749231 1.231323 1.231323 1.231323
2729.791504 0.000000 777.626465 0.000000 0.063887 0.000000 -0.997957 1.489192 1.489192 1.489192
2749.234375 0.000000 784.233948 0.000000 0.995669 0.000000 -0.092964 0.847415 0.847415 0.847415
2729.421143 0.000000 774.287048 0.000000 0.999933 0.000000 -0.011563 0.805889 0.805889 0.805889
2730.726318 0.000000 773.789307 0.000000 0.189756 0.000000 -0.981831 1.502768 1.502768 1.502768
2744.891357 0.000000 773.665222 0.000000 0.850952 0.000000 -0.525243 1.081641 1.081641 1.081641
2750.079590 0.000000 786.893860 0.000000 0.476636 0.000000 -0.879101 1.074557 1.074557 1.074557
2731.960938 0.000000 770.411865 0.000000 0.352023 0.000000 -0.935992 1.068485 1.068485 1.068485
2741.829590 0.000000 778.377808 0.000000 0.253413 0.000000 -0.967358 1.469515 1.469515 1.469515
2742.706543 0.000000 772.738098 0.000000 0.980099 0.000000 -0.198509 0.901776 0.901776 0.901776
2726.141113 0.000000 775.359253 0.000000 0.369944 0.000000 -0.929054 1.045182 1.045182 1.045182
2740.497803 0.000000 769.412842 0.000000 0.645895 0.000000 -0.763426 1.242375 1.242375 1.242375
2745.763184 0.000000 779.319458 0.000000 0.375417 0.000000 -0.926856 1.403999 1.403999 1.403999
2742.283936 0.000000 783.672791 0.000000 0.717727 0.000000 -0.696324 1.192292 1.192292 1.192292
2740.308105 0.000000 776.747742 0.000000 0.583975 0.000000 -0.811772 1.282395 1.282395 1.282395
2729.355225 0.000000 771.259216 0.000000 0.467802 0.000000 -0.883833 1.352074 1.352074 1.352074
2735.480225 0.000000 787.465515 0.000000 0.986559 0.000000 -0.163405 0.883596 0.883596 0.883596
2743.672119 0.000000 781.079102 0.000000 0.873030 0.000000 -0.487666 1.059442 1.059442 1.059442
2744.919434 0.000000 774.873962 0.000000 0.557387 0.000000 -0.830253 1.298886 1.298886 1.298886
2730.522949 0.000000 776.864319 0.000000 0.754751 0.000000 -0.656011 1.077239 1.077239 1.077239
2732.658447 0.000000 784.489502 0.000000 0.991996 0.000000 -0.126272 0.864482 0.864482 0.864482
2735.564941 0.000000 785.684387 0.000000 0.968752 0.000000 -0.248032 0.926653 0.926653 0.926653
2743.128174 0.000000 779.423218 0.000000 0.217464 0.000000 -0.976068 1.488354 1.488354 1.488354
2746.664062 0.000000 784.557678 0.000000 0.272953 0.000000 -0.962027 1.136063 1.136063 1.136063
2738.174316 0.000000 777.165344 0.000000 0.822240 0.000000 -0.569140 1.081755 1.081755 1.081755
2731.302002 0.000000 771.758301 0.000000 0.207356 0.000000 -0.978266 1.101930 1.101930 1.101930
2738.694824 0.000000 778.791992 0.000000 0.780334 0.000000 -0.625362 0.941679 0.941679 0.941679
2731.449463 0.000000 775.358826 0.000000 0.983000 0.000000 -0.183608 0.894044 0.894044 0.894044
2743.781006 0.000000 784.671204 0.000000 0.864846 0.000000 -0.502037 1.028999 1.028999 1.028999
2743.465088 0.000000 776.458130 0.000000 0.998533 0.000000 0.054148 0.774898 0.774898 0.774898
2735.474121 0.000000 791.582947 0.000000 0.035156 0.000000 -0.999382 1.109770 1.109770 1.109770
2749.818359 0.000000 780.626343 0.000000 0.270452 0.000000 -0.962734 1.460523 1.460523 1.460523
2739.382324 0.000000 778.213074 0.000000 0.998154 0.000000 -0.060742 0.812746 0.812746 0.812746
2741.774658 0.000000 776.237000 0.000000 0.553859 0.000000 -0.832611 1.301048 1.301048 1.301048
2741.344482 0.000000 770.907288 0.000000 0.999482 0.000000 0.032184 0.788556 0.788556 0.788556
2730.234131 0.000000 775.489014 0.000000 0.513611 0.000000 -0.858023 1.325292 1.325292 1.325292
2724.475586 0.000000 770.422974 0.000000 0.693795 0.000000 -0.720173 1.100300 1.100300 1.100300
2746.417480 0.000000 774.642700 0.000000 0.860420 0.000000 -0.509585 1.072322 1.072322 1.072322
2738.314941 0.000000 775.809875 0.000000 0.565768 0.000000 -0.824565 1.047832 1.047832 1.047832
2724.092041 0.000000 767.867004 0.000000 0.597771 0.000000 -0.801667 1.273685 1.273685 1.273685
2736.263428 0.000000 767.665649 0.000000 0.643669 0.000000 -0.765304 1.226452 1.226452 1.226452
2749.548340 0.000000 772.917419 0.000000 0.362257 0.000000 -0.932078 1.372860 1.372860 1.372860
2746.736328 0.000000 771.708984 0.000000 0.776252 0.000000 -0.630423 1.147390 1.147390 1.147390
2736.605469 0.000000 791.855347 0.000000 0.962192 0.000000 -0.272373 0.922863 0.922863 0.922863
2732.407959 0.000000 785.257263 0.000000 0.786642 0.000000 -0.617410 1.138909 1.138909 1.138909
2749.734375 0.000000 784.895081 0.000000 0.853030 0.000000 -0.521862 1.079620 1.079620 1.079620
2742.792725 0.000000 785.449707 0.000000 0.941965 0.000000 -0.335710 0.949062 0.949062 0.949062
2742.178467 0.000000 773.346191 0.000000 0.791408 0.000000 -0.611289 1.134958 1.134958 1.134958
2745.047119 0.000000 784.236572 0.000000 0.505462 0.000000 -0.862849 1.330116 1.330116 1.330116
2742.254150 0.000000 775.569031 0.000000 0.787133 0.000000 -0.616783 1.138503 1.138503 1.138503
2745.688965 0.000000 775.126282 0.000000 0.013300 0.000000 -0.999912 1.593226 1.593226 1.593226
2726.022461 0.000000 769.916748 0.000000 0.287605 0.000000 -0.957749 1.451425 1.451425 1.451425
2740.688721 0.000000 777.724426 0.000000 0.949163 0.000000 -0.314785 0.963092 0.963092 0.963092
2739.109375 0.000000 777.349609 0.000000 0.499340 0.000000 -0.866406 1.287675 1.287675 1.287675
2740.148926 0.000000 778.408386 0.000000 0.618035 0.000000 -0.786151 1.260687 1.260687 1.260687
2738.774902 0.000000 774.048645 0.000000 0.478688 0.000000 -0.877985 1.073960 1.073960 1.073960
2748.137207 0.000000 772.273987 0.000000 0.996790 0.000000 0.080066 0.761740 0.761740 0.761740
2744.728516 0.000000 768.596375 0.000000 0.994612 0.000000 -0.103669 0.852893 0.852893 0.852893
2747.798096 0.000000 783.246826 0.000000 0.101398 0.000000 -0.994846 1.548270 1.548270 1.548270
2748.691650 0.000000 779.953125 0.000000 0.571875 0.000000 -0.820341 1.289946 1.289946 1.289946
2748.478760 0.000000 787.393127 0.000000 0.440549 0.000000 -0.897729 1.367654 1.367654 1.367654
2748.041504 0.000000 785.392578 0.000000 0.975711 0.000000 -0.219063 0.912480 0.912480 0.912480
2741.503662 0.000000 777.668579 0.000000 0.696044 0.000000 -0.717999 1.207907 1.207907 1.207907
2745.257324 0.000000 777.671021 0.000000 0.022263 0.000000 -0.999752 1.588660 1.588660 1.588660
2747.064941 0.000000 775.153259 0.000000 0.864533 0.000000 -0.502575 1.068182 1.068182 1.068182
2749.676514 0.000000 781.393921 0.000000 0.950132 0.000000 -0.311848 0.961517 0.961517 0.961517
2747.473877 0.000000 781.914185 0.000000 0.774050 0.000000 -0.633124 1.149164 1.149164 1.149164
2744.767334 0.000000 780.043884 0.000000 0.215288 0.000000 -0.976551 1.489489 1.489489 1.489489
2744.398926 0.000000 785.645752 0.000000 0.150787 0.000000 -0.988566 1.522911 1.522911 1.522911
2755.411377 0.000000 782.282715 0.000000 0.558343 0.000000 -0.829610 1.009090 1.009090 1.009090
2764.811035 0.000000 788.522095 0.000000 0.541210 0.000000 -0.840888 1.308746 1.308746 1.308746
2774.146240 0.000000 793.846008 0.000000 0.198364 0.000000 -0.980128 1.312086 1.312086 1.312086
2769.075439 0.000000 767.904419 0.000000 0.738155 0.000000 -0.674631 1.177116 1.177116 1.177116
2763.162109 0.000000 792.826355 0.000000 0.933751 0.000000 -0.357924 0.986425 0.986425 0.986425
2774.270996 0.000000 789.269531 0.000000 0.722382 0.000000 -0.691495 1.045526 1.045526 1.045526
2761.139648 0.000000 786.729370 0.000000 0.937019 0.000000 -0.349277 0.981717 0.981717 0.981717
2777.662598 0.000000 790.778625 0.000000 0.837759 0.000000 -0.546040 0.926903 0.926903 0.926903
2770.801025 0.000000 793.812622 0.000000 0.507984 0.000000 -0.861367 1.328626 1.328626 1.328626
2782.408691 0.000000 793.161621 0.000000 0.599622 0.000000 -0.800284 1.242861 1.242861 1.242861
2772.631104 0.000000 791.536194 0.000000 0.270606 0.000000 -0.962690 1.261014 1.261014 1.261014
2756.913574 0.000000 780.156494 0.000000 0.692348 0.000000 -0.721563 0.857956 0.857956 0.857956
2777.261230 0.000000 788.472595 0.000000 0.145831 0.000000 -0.989310 0.993457 0.993457 0.993457
2751.345703 0.000000 787.020264 0.000000 0.981981 0.000000 -0.188979 0.848604 0.848604 0.848604
2768.542236 0.000000 793.615845 0.000000 0.946452 0.000000 -0.322843 0.967422 0.967422 0.967422
2757.630615 0.000000 782.437378 0.000000 0.356695 0.000000 -0.934221 1.021610 1.021610 1.021610
2765.660400 0.000000 793.823242 0.000000 0.511328 0.000000 -0.859386 1.219252 1.219252 1.219252
2763.926514 0.000000 797.658142 0.000000 0.999803 0.000000 0.019859 0.793217 0.793217 0.793217
2769.332275 0.000000 786.190186 0.000000 0.998527 0.000000 0.054253 0.793279 0.793279 0.793279
2760.093994 0.000000 767.626099 0.000000 0.770747 0.000000 -0.637141 0.946244 0.946244 0.946244
2762.568359 0.000000 798.971191 0.000000 0.422831 0.000000 -0.906209 0.847572 0.847572 0.847572
2753.536621 0.000000 784.128723 0.000000 0.977226 0.000000 -0.212199 0.831602 0.831602 0.831602
2759.218506 0.000000 786.069031 0.000000 0.927070 0.000000 -0.374889 0.869074 0.869074 0.869074
2775.142090 0.000000 795.386292 0.000000 0.146123 0.000000 -0.989266 0.982039 0.982039 0.982039
2768.198242 0.000000 791.095398 0.000000 0.927163 0.000000 -0.374659 0.993283 0.993283 0.993283
2768.781250 0.000000 795.464600 0.000000 0.666620 0.000000 -0.745398 1.228385 1.228385 1.228385
2770.942139 0.000000 791.967712 0.000000 0.692809 0.000000 -0.721122 1.210197 1.210197 1.210197
2772.503418 0.000000 793.380798 0.000000 0.759759 0.000000 -0.650205 1.160507 1.160507 1.160507
2775.963867 0.000000 793.396851 0.000000 0.253288 0.000000 -0.967391 1.291026 1.291026 1.291026
2773.484619 0.000000 767.699646 0.000000 0.739042 0.000000 -0.673659 1.022915 1.022915 1.022915
2767.429443 0.000000 799.490051 0.000000 0.951334 0.000000 -0.308162 0.819395 0.819395 0.819395
2764.799316 0.000000 792.369324 0.000000 0.999512 0.000000 0.031229 0.787336 0.787336 0.787336
2751.596436 0.000000 767.698120 0.000000 0.330794 0.000000 -0.943703 0.974937 0.974937 0.974937
2769.401367 0.000000 792.105835 0.000000 0.918556 0.000000 -0.395292 1.006970 1.006970 1.006970
2766.758057 0.000000 798.100586 0.000000 0.661587 0.000000 -0.749868 0.852495 0.852495 0.852495
2781.649658 0.000000 791.842896 0.000000 0.329107 0.000000 -0.944293 1.214534 1.214534 1.214534
2767.847168 0.000000 796.838806 0.000000 0.647891 0.000000 -0.761733 1.228935 1.228935 1.228935
2763.784180 0.000000 784.528198 0.000000 0.932183 0.000000 -0.361988 0.988643 0.988643 0.988643
2778.761230 0.000000 791.938354 0.000000 0.334668 0.000000 -0.942336 1.097139 1.097139 1.097139
2759.250488 0.000000 782.363586 0.000000 0.881259 0.000000 -0.472633 0.838345 0.838345 0.838345
2762.842041 0.000000 796.111572 0.000000 0.962065 0.000000 -0.272820 0.894372 0.894372 0.894372
2767.108643 0.000000 794.070984 0.000000 0.976399 0.000000 -0.215973 0.901303 0.901303 0.901303
2764.228027 0.000000 794.050598 0.000000 0.998673 0.000000 0.051504 0.774272 0.774272 0.774272
2767.707520 0.000000 786.636780 0.000000 0.017322 0.000000 -0.999850 1.252988 1.252988 1.252988
2763.723633 0.000000 789.460144 0.000000 0.841021 0.000000 -0.541003 1.091128 1.091128 1.091128
2771.293701 0.000000 790.630676 0.000000 0.998491 0.000000 -0.054918 0.827984 0.827984 0.827984
2769.556152 0.000000 787.492737 0.000000 0.401549 0.000000 -0.915837 0.943343 0.943343 0.943343
2776.760254 0.000000 791.743164 0.000000 0.994424 0.000000 -0.105454 0.823211 0.823211 0.823211
2770.058594 0.000000 794.964539 0.000000 0.615429 0.000000 -0.788192 1.262372 1.262372 1.262372
2769.207764 0.000000 797.044373 0.000000 0.998932 0.000000 0.046207 0.786706 0.786706 0.786706
2775.636230 0.000000 788.634521 0.000000 0.209261 0.000000 -0.977860 1.237308 1.237308 1.237308
2778.938232 0.000000 790.647766 0.000000 0.999892 0.000000 -0.014720 0.803557 0.803557 0.803557
2758.237793 0.000000 786.902527 0.000000 0.987921 0.000000 -0.154959 0.827967 0.827967 0.827967
2761.593506 0.000000 787.929138 0.000000 0.937495 0.000000 -0.347998 0.981021 0.981021 0.981021
2760.336914 0.000000 783.704285 0.000000 0.420705 0.000000 -0.907197 1.194981 1.194981 1.194981
2766.041504 0.000000 788.642517 0.000000 0.893894 0.000000 -0.448279 0.980108 0.980108 0.980108
2761.603027 0.000000 783.582458 0.000000 0.417031 0.000000 -0.908892 1.196388 1.196388 1.196388
2773.059570 0.000000 790.011536 0.000000 0.940481 0.000000 -0.339848 0.923274 0.923274 0.923274
2760.085205 0.000000 787.373718 0.000000 0.008120 0.000000 -0.999967 1.595864 1.595864 1.595864
2779.814941 0.000000 792.611450 0.000000 0.118061 0.000000 -0.993006 1.148109 1.148109 1.148109
2751.404541 0.000000 788.366821 0.000000 0.795776 0.000000 -0.605590 0.896142 0.896142 0.896142
2761.956299 0.000000 782.391113 0.000000 0.779590 0.000000 -0.626290 1.035196 1.035196 1.035196
2775.170654 0.000000 769.508972 0.000000 0.110324 0.000000 -0.993896 0.989570 0.989570 0.989570
2764.015869 0.000000 787.675110 0.000000 0.037492 0.000000 -0.999297 1.571714 1.571714 1.571714
2759.522461 0.000000 789.016968 0.000000 0.273613 0.000000 -0.961840 1.221147 1.221147 1.221147
2764.505859 0.000000 796.618469 0.000000 0.886738 0.000000 -0.462272 0.972761 0.972761 0.972761
2763.035400 0.000000 793.964355 0.000000 0.605546 0.000000 -0.795810 1.268727 1.268727 1.268727
2778.677002 0.000000 793.148132 0.000000 0.975646 0.000000 -0.219349 0.853002 0.853002 0.853002
2762.832520 0.000000 797.884277 0.000000 0.836751 0.000000 -0.547584 0.997907 0.997907 0.997907
2761.978271 0.000000 790.984558 0.000000 0.841901 0.000000 -0.539631 1.090298 1.090298 1.090298
2760.638428 0.000000 792.769714 0.000000 0.991388 0.000000 -0.130959 0.866889 0.866889 0.866889
2771.511719 0.000000 792.917175 0.000000 0.993273 0.000000 -0.115793 0.859106 0.859106 0.859106
2765.802002 0.000000 786.218506 0.000000 0.488492 0.000000 -0.872568 1.333722 1.333722 1.333722
2771.812256 0.000000 794.294678 0.000000 0.048274 0.000000 -0.998834 1.575405 1.575405 1.575405
2782.727051 0.000000 790.010986 0.000000 0.240644 0.000000 -0.970614 1.460315 1.460315 1.460315
2753.098389 0.000000 785.114807 0.000000 0.999772 0.000000 0.021344 0.796845 0.796845 0.796845
2767.840820 0.000000 794.972168 0.000000 0.968509 0.000000 -0.248977 0.917095 0.917095 0.917095
2763.885742 0.000000 791.874756 0.000000 0.508866 0.000000 -0.860846 1.328104 1.328104 1.328104
2776.175781 0.000000 790.877014 0.000000 0.989887 0.000000 -0.141856 0.831271 0.831271 0.831271
2763.345215 0.000000 794.932983 0.000000 0.980086 0.000000 -0.198572 0.901809 0.901809 0.901809
2760.324219 0.000000 791.068298 0.000000 0.950619 0.000000 -0.310361 0.960720 0.960720 0.960720
2761.263916 0.000000 794.263672 0.000000 0.185641 0.000000 -0.982618 1.452380 1.452380 1.452380
2768.921631 0.000000 788.736755 0.000000 0.981795 0.000000 -0.189942 0.871756 0.871756 0.871756
2756.608398 0.000000 782.506653 0.000000 0.418598 0.000000 -0.908171 1.009267 1.009267 1.009267
2760.029541 0.000000 794.775879 0.000000 0.767850 0.000000 -0.640629 1.127737 1.127737 1.127737
2766.244385 0.000000 794.597412 0.000000 0.438131 0.000000 -0.898911 1.319933 1.319933 1.319933
2763.364014 0.000000 790.384644 0.000000 0.912703 0.000000 -0.408624 1.014386 1.014386 1.014386
2766.747559 0.000000 786.495728 0.000000 0.939155 0.000000 -0.343493 0.902244 0.902244 0.902244
2776.645264 0.000000 792.698181 0.000000 0.808038 0.000000 -0.589131 0.929597 0.929597 0.929597
2772.257568 0.000000 790.579773 0.000000 0.977456 0.000000 -0.211138 0.875631 0.875631 0.875631
2760.316162 0.000000 789.693115 0.000000 0.467366 0.000000 -0.884064 1.352325 1.352325 1.352325
2763.514404 0.000000 788.522034 0.000000 0.772259 0.000000 -0.635308 1.150603 1.150603 1.150603
2772.970459 0.000000 792.567566 0.000000 0.997168 0.000000 -0.075202 0.838336 0.838336 0.838336
2763.282471 0.000000 785.336975 0.000000 0.829463 0.000000 -0.558561 1.101834 1.101834 1.101834
2767.777588 0.000000 790.160522 0.000000 0.818724 0.000000 -0.574187 0.949027 0.949027 0.949027
2769.177490 0.000000 791.193359 0.000000 0.999883 0.000000 -0.015269 0.807685 0.807685 0.807685
2763.585938 0.000000 796.792542 0.000000 0.999793 0.000000 -0.020337 0.806946 0.806946 0.806946
2781.024170 0.000000 791.121826 0.000000 0.948717 0.000000 -0.316125 0.907923 0.907923 0.907923
2764.817139 0.000000 794.808838 0.000000 0.998599 0.000000 0.052917 0.773566 0.773566 0.773566
2770.109375 0.000000 791.532166 0.000000 0.795469 0.000000 -0.605995 1.131560 1.131560 1.131560
2762.021729 0.000000 795.686646 0.000000 0.429329 0.000000 -0.903148 1.374000 1.374000 1.374000
2767.891113 0.000000 795.904785 0.000000 0.847214 0.000000 -0.531252 1.060636 1.060636 1.060636
2781.614258 0.000000 793.789978 0.000000 0.212564 0.000000 -0.977147 1.130553 1.130553 1.130553
2765.570557 0.000000 792.904846 0.000000 0.500661 0.000000 -0.865643 1.224266 1.224266 1.224266
2774.503174 0.000000 791.632507 0.000000 0.447477 0.000000 -0.894296 1.171390 1.171390 1.171390
2754.533691 0.000000 782.550964 0.000000 0.501135 0.000000 -0.865369 1.023511 1.023511 1.023511
2770.624268 0.000000 792.801086 0.000000 0.877270 0.000000 -0.479997 1.054980 1.054980 1.054980
2768.785400 0.000000 792.765015 0.000000 0.512408 0.000000 -0.858742 1.326005 1.326005 1.326005
2759.984619 0.000000 788.258423 0.000000 0.997438 0.000000 -0.071541 0.823310 0.823310 0.823310
2765.304443 0.000000 796.152344 0.000000 0.916708 0.000000 -0.399558 0.947768 0.947768 0.947768
2766.787109 0.000000 767.904297 0.000000 0.909476 0.000000 -0.415755 0.925029 0.925029 0.925029
2777.874756 0.000000 791.651428 0.000000 0.861843 0.000000 -0.507174 0.916857 0.916857 0.916857
2773.422363 0.000000 793.321106 0.000000 0.301798 0.000000 -0.953372 1.443861 1.443861 1.443861
2767.472412 0.000000 787.465515 0.000000 0.020081 0.000000 -0.999798 1.252183 1.252183 1.252183
2770.972412 0.000000 794.659607 0.000000 0.953418 0.000000 -0.301653 0.956061 0.956061 0.956061
2773.506836 0.000000 791.525452 0.000000 0.884505 0.000000 -0.466531 0.972551 0.972551 0.972551
2775.296631 0.000000 789.432434 0.000000 0.895940 0.000000 -0.444175 0.947997 0.947997 0.947997
2767.466309 0.000000 791.582947 0.000000 0.435547 0.000000 -0.900166 1.072939 1.072939 1.072939
2776.906006 0.000000 790.369080 0.000000 0.999904 0.000000 -0.013890 0.803052 0.803052 0.803052
2762.930908 0.000000 789.163269 0.000000 0.970916 0.000000 -0.239422 0.923133 0.923133 0.923133
2779.788818 0.000000 790.705139 0.000000 0.598317 0.000000 -0.801259 1.024604 1.024604 1.024604
2764.909424 0.000000 793.441040 0.000000 0.884517 0.000000 -0.466508 0.996776 0.996776 0.996776
2764.475098 0.000000 789.873596 0.000000 0.999804 0.000000 0.019820 0.789905 0.789905 0.789905
2781.635986 0.000000 792.676575 0.000000 0.787795 0.000000 -0.615938 0.961689 0.961689 0.961689
2768.255615 0.000000 767.665649 0.000000 0.854145 0.000000 -0.520035 1.078530 1.078530 1.078530
2764.941650 0.000000 791.505676 0.000000 0.784013 0.000000 -0.620745 1.141071 1.141071 1.141071
2766.188232 0.000000 795.937134 0.000000 0.995938 0.000000 -0.090040 0.841958 0.841958 0.841958
2778.728516 0.000000 771.708984 0.000000 0.829024 0.000000 -0.559214 0.962377 0.962377 0.962377
2761.479492 0.000000 792.582825 0.000000 0.860345 0.000000 -0.509712 1.072397 1.072397 1.072397
2762.586914 0.000000 796.887756 0.000000 0.419566 0.000000 -0.907725 1.188600 1.188600 1.188600
2768.472412 0.000000 797.366394 0.000000 0.689897 0.000000 -0.723908 1.032800 1.032800 1.032800
2770.065674 0.000000 794.163086 0.000000 0.531083 0.000000 -0.847320 1.314856 1.314856 1.314856
2773.072754 0.000000 790.863892 0.000000 0.965380 0.000000 -0.260846 0.893818 0.893818 0.893818
2774.862549 0.000000 793.531494 0.000000 0.846561 0.000000 -0.532292 1.009639 1.009639 1.009639
2779.386475 0.000000 791.378113 0.000000 0.999079 0.000000 -0.042907 0.810372 0.810372 0.810372
2762.232422 0.000000 793.954468 0.000000 0.625808 0.000000 -0.779978 1.255631 1.255631 1.255631
2767.951172 0.000000 794.195190 0.000000 0.860226 0.000000 -0.509912 1.049004 1.049004 1.049004
2772.931396 0.000000 795.519470 0.000000 0.977325 0.000000 -0.211747 0.875000 0.875000 0.875000
2769.966309 0.000000 797.164917 0.000000 0.497630 0.000000 -0.867390 1.101963 1.101963 1.101963
2760.042725 0.000000 782.685547 0.000000 0.973204 0.000000 -0.229941 0.880631 0.880631 0.880631
2759.075684 0.000000 789.651978 0.000000 0.170831 0.000000 -0.985300 1.255484 1.255484 1.255484
2758.463135 0.000000 788.496338 0.000000 0.159590 0.000000 -0.987183 1.259195 1.259195 1.259195
2787.722900 0.000000 777.785400 0.000000 0.714692 0.000000 -0.699440 0.945426 0.945426 0.945426
2783.571289 0.000000 793.176819 0.000000 0.979787 0.000000 -0.200044 0.896137 0.896137 0.896137
2787.448730 0.000000 789.365417 0.000000 0.937402 0.000000 -0.348248 0.933559 0.933559 0.933559
2792.359863 0.000000 793.840515 0.000000 0.392181 0.000000 -0.919888 1.394753 1.394753 1.394753
2786.734619 0.000000 775.073608 0.000000 0.869547 0.000000 -0.493850 0.844359 0.844359 0.844359
2787.950439 0.000000 795.031433 0.000000 0.774978 0.000000 -0.631989 1.148418 1.148418 1.148418
2783.424561 0.000000 790.836609 0.000000 0.899255 0.000000 -0.437424 1.025149 1.025149 1.025149
2787.895752 0.000000 776.220703 0.000000 0.734912 0.000000 -0.678163 0.939915 0.939915 0.939915
2791.048828 0.000000 794.677551 0.000000 0.545849 0.000000 -0.837884 1.305932 1.305932 1.305932
2786.024902 0.000000 792.765259 0.000000 0.196097 0.000000 -0.980585 1.447359 1.447359 1.447359
2791.727295 0.000000 791.895203 0.000000 0.607647 0.000000 -0.794207 1.267382 1.267382 1.267382
2790.371826 0.000000 789.280151 0.000000 0.294921 0.000000 -0.955522 1.300249 1.300249 1.300249
2792.897217 0.000000 795.189209 0.000000 0.549751 0.000000 -0.835328 0.971801 0.971801 0.971801
2793.038818 0.000000 790.319031 0.000000 0.534840 0.000000 -0.844953 1.312595 1.312595 1.312595
2785.266357 0.000000 795.536560 0.000000 0.833803 0.000000 -0.552062 1.024267 1.024267 1.024267
2788.781006 0.000000 796.134583 0.000000 0.022126 0.000000 -0.999755 1.180447 1.180447 1.180447
2784.736816 0.000000 797.014771 0.000000 0.441849 0.000000 -0.897090 1.180168 1.180168 1.180168
2788.422852 0.000000 793.527588 0.000000 0.310169 0.000000 -0.950682 1.439383 1.439383 1.439383
2784.814209 0.000000 790.239319 0.000000 0.434651 0.000000 -0.900599 1.267992 1.267992 1.267992
2791.514648 0.000000 789.016968 0.000000 0.729557 0.000000 -0.683920 1.096321 1.096321 1.096321
2795.027588 0.000000 793.964355 0.000000 0.701859 0.000000 -0.712316 0.993174 0.993174 0.993174
2789.206543 0.000000 795.111450 0.000000 0.813884 0.000000 -0.581028 1.115759 1.115759 1.115759
2789.334229 0.000000 792.939453 0.000000 0.419348 0.000000 -0.907826 1.379614 1.379614 1.379614
2786.590088 0.000000 791.858215 0.000000 0.938170 0.000000 -0.346175 0.960263 0.960263 0.960263
2791.110596 0.000000 795.765991 0.000000 0.123730 0.000000 -0.992316 1.536823 1.536823 1.536823
2793.256104 0.000000 794.263672 0.000000 0.534036 0.000000 -0.845462 0.975051 0.975051 0.975051
2786.878662 0.000000 776.160522 0.000000 0.940994 0.000000 -0.338424 0.864816 0.864816 0.864816
2784.413086 0.000000 791.199768 0.000000 0.883305 0.000000 -0.468799 1.003673 1.003673 1.003673
2787.519775 0.000000 795.899658 0.000000 0.866590 0.000000 -0.499020 1.066091 1.066091 1.066091
2785.970947 0.000000 797.877380 0.000000 0.186515 0.000000 -0.982452 1.272395 1.272395 1.272395
2786.978760 0.000000 777.197205 0.000000 0.949216 0.000000 -0.314627 0.860089 0.860089 0.860089
2790.139160 0.000000 794.870117 0.000000 0.901811 0.000000 -0.432131 1.027581 1.027581 1.027581
2789.691162 0.000000 796.734680 0.000000 0.989821 0.000000 -0.142315 0.835080 0.835080 0.835080
2790.436523 0.000000 790.189026 0.000000 0.906553 0.000000 -0.422092 1.021926 1.021926 1.021926
2786.922363 0.000000 796.577332 0.000000 0.603171 0.000000 -0.797612 1.126406 1.126406 1.126406
2788.670898 0.000000 794.417786 0.000000 0.157392 0.000000 -0.987536 1.519506 1.519506 1.519506
2786.226318 0.000000 790.848938 0.000000 0.326719 0.000000 -0.945122 1.361261 1.361261 1.361261
2786.869629 0.000000 790.097595 0.000000 0.965188 0.000000 -0.261559 0.919979 0.919979 0.919979
2786.385742 0.000000 793.601013 0.000000 0.926654 0.000000 -0.375915 0.981650 0.981650 0.981650
2786.869629 0.000000 792.937622 0.000000 0.519823 0.000000 -0.854274 1.282733 1.282733 1.282733
2793.471680 0.000000 792.582825 0.000000 0.931439 0.000000 -0.363899 0.989687 0.989687 0.989687
2791.371094 0.000000 791.160461 0.000000 0.998193 0.000000 0.060082 0.769382 0.769382 0.769382
2784.752930 0.000000 796.183777 0.000000 0.998469 0.000000 -0.055321 0.818903 0.818903 0.818903
2790.514648 0.000000 794.106201 0.000000 0.999735 0.000000 0.023008 0.788281 0.788281 0.788281
2794.224609 0.000000 793.954468 0.000000 0.050662 0.000000 -0.998716 1.170395 1.170395 1.170395
2784.490723 0.000000 795.304504 0.000000 0.998180 0.000000 -0.060301 0.823138 0.823138 0.823138
2790.931396 0.000000 791.959290 0.000000 0.459306 0.000000 -0.888278 1.356957 1.356957 1.356957
2791.067871 0.000000 789.651978 0.000000 0.988867 0.000000 -0.148800 0.858764 0.858764 0.858764
2762.115967 0.000000 799.784546 0.000000 0.616346 0.000000 -0.787476 0.838029 0.838029 0.838029
2765.845215 0.000000 799.663269 0.000000 0.101716 0.000000 -0.994813 1.240063 1.240063 1.240063
2846.988770 0.000000 795.652954 0.000000 0.597633 0.000000 -0.801770 0.946777 0.946777 0.946777
2844.204590 0.000000 782.182007 0.000000 0.258898 0.000000 -0.965905 1.037894 1.037894 1.037894
2846.098389 0.000000 794.576721 0.000000 0.863440 0.000000 -0.504451 0.883427 0.883427 0.883427
2846.489502 0.000000 781.141357 0.000000 0.996164 0.000000 -0.087508 0.844625 0.844625 0.844625
2845.327393 0.000000 782.091919 0.000000 0.328957 0.000000 -0.944345 1.024568 1.024568 1.024568
2846.913574 0.000000 785.117371 0.000000 0.827491 0.000000 -0.561479 1.103628 1.103628 1.103628
2846.056152 0.000000 786.893860 0.000000 0.164376 0.000000 -0.986398 1.515903 1.515903 1.515903
2846.917236 0.000000 781.998840 0.000000 0.500125 0.000000 -0.865954 1.333260 1.333260 1.333260
2846.927734 0.000000 784.214722 0.000000 0.738980 0.000000 -0.673727 1.176492 1.176492 1.176492
2868.795898 0.000000 771.595764 0.000000 0.999339 0.000000 -0.036351 0.804212 0.804212 0.804212
2847.555664 0.000000 793.176819 0.000000 0.185133 0.000000 -0.982714 1.057178 1.057178 1.057178
2851.433105 0.000000 789.365417 0.000000 0.384672 0.000000 -0.923053 1.328444 1.328444 1.328444
2847.356201 0.000000 798.153381 0.000000 0.997923 0.000000 -0.064417 0.805021 0.805021 0.805021
2874.358643 0.000000 775.514221 0.000000 0.672249 0.000000 -0.740325 1.224526 1.224526 1.224526
2855.610107 0.000000 779.131165 0.000000 0.062868 0.000000 -0.998022 1.016836 1.016836 1.016836
2866.390869 0.000000 768.879944 0.000000 0.693818 0.000000 -0.720151 1.060143 1.060143 1.060143
2851.095947 0.000000 790.943115 0.000000 0.010740 0.000000 -0.999942 1.186360 1.186360 1.186360
2864.794434 0.000000 769.475708 0.000000 0.934136 0.000000 -0.356917 0.877995 0.877995 0.877995
2850.931152 0.000000 798.265869 0.000000 0.855682 0.000000 -0.517502 0.867354 0.867354 0.867354
2850.009277 0.000000 792.765259 0.000000 0.801217 0.000000 -0.598374 0.880714 0.880714 0.880714
2848.674805 0.000000 787.637878 0.000000 0.606840 0.000000 -0.794824 1.267899 1.267899 1.267899
2848.264893 0.000000 794.452454 0.000000 0.722440 0.000000 -0.691434 1.188833 1.188833 1.188833
2854.196533 0.000000 779.502258 0.000000 0.796696 0.000000 -0.604380 0.893325 0.893325 0.893325
2871.909180 0.000000 775.760498 0.000000 0.266381 0.000000 -0.963868 0.992306 0.992306 0.992306
2873.589111 0.000000 774.317200 0.000000 0.750927 0.000000 -0.660385 1.167371 1.167371 1.167371
2851.234863 0.000000 786.118103 0.000000 0.149766 0.000000 -0.988721 1.523437 1.523437 1.523437
2870.372803 0.000000 777.641541 0.000000 0.886902 0.000000 -0.461958 1.044565 1.044565 1.044565
2870.700195 0.000000 774.920654 0.000000 0.121617 0.000000 -0.992577 1.014138 1.014138 1.014138
2851.184082 0.000000 793.830811 0.000000 0.995487 0.000000 -0.094894 0.811958 0.811958 0.811958
2848.673584 0.000000 792.401123 0.000000 0.729371 0.000000 -0.684118 1.183700 1.183700 1.183700
2852.046875 0.000000 783.490784 0.000000 0.449947 0.000000 -0.893055 1.362309 1.362309 1.362309
2850.639404 0.000000 783.449158 0.000000 0.824651 0.000000 -0.565642 1.106194 1.106194 1.106194
2849.250732 0.000000 795.536560 0.000000 0.181772 0.000000 -0.983341 1.506907 1.506907 1.506907
2848.798584 0.000000 790.239319 0.000000 0.994193 0.000000 -0.107612 0.854913 0.854913 0.854913
2873.146484 0.000000 775.781982 0.000000 0.960859 0.000000 -0.277038 0.942964 0.942964 0.942964
2877.059814 0.000000 775.434875 0.000000 0.632527 0.000000 -0.774538 1.251228 1.251228 1.251228
2868.881836 0.000000 770.190369 0.000000 0.784461 0.000000 -0.620178 0.877493 0.877493 0.877493
2875.865723 0.000000 775.409119 0.000000 0.999485 0.000000 0.032075 0.783662 0.783662 0.783662
2875.238281 0.000000 776.321594 0.000000 0.168531 0.000000 -0.985696 1.513756 1.513756 1.513756
2849.074951 0.000000 785.114807 0.000000 0.896050 0.000000 -0.443952 1.034279 1.034279 1.034279
2879.267334 0.000000 775.366150 0.000000 0.326337 0.000000 -0.945253 1.368864 1.368864 1.368864
2850.574463 0.000000 791.858215 0.000000 0.999999 0.000000 0.001509 0.799626 0.799626 0.799626
2849.313477 0.000000 789.248352 0.000000 0.227414 0.000000 -0.973798 1.483157 1.483157 1.483157
2851.915527 0.000000 791.595215 0.000000 0.606842 0.000000 -0.794823 1.027527 1.027527 1.027527
2850.460693 0.000000 787.511169 0.000000 0.999565 0.000000 0.029489 0.784979 0.784979 0.784979
2852.584961 0.000000 782.506653 0.000000 0.974865 0.000000 -0.222795 0.914429 0.914429 0.914429
2850.967285 0.000000 788.458069 0.000000 0.112588 0.000000 -0.993642 1.455180 1.455180 1.455180
2848.397461 0.000000 791.199768 0.000000 0.663570 0.000000 -0.748115 1.230465 1.230465 1.230465
2875.489014 0.000000 778.716980 0.000000 0.238121 0.000000 -0.971235 1.001936 1.001936 1.001936
2874.367920 0.000000 778.664062 0.000000 0.873856 0.000000 -0.486184 0.877067 0.877067 0.877067
2865.741455 0.000000 769.600159 0.000000 0.578096 0.000000 -0.815969 1.003960 1.003960 1.003960
2873.984619 0.000000 777.748230 0.000000 0.828542 0.000000 -0.559927 1.102673 1.102673 1.102673
2848.230957 0.000000 797.814758 0.000000 0.999420 0.000000 0.034040 0.782660 0.782660 0.782660
2850.465820 0.000000 784.403687 0.000000 0.201347 0.000000 -0.979520 1.496749 1.496749 1.496749
2849.021973 0.000000 786.773376 0.000000 0.827378 0.000000 -0.561646 1.103731 1.103731 1.103731
2865.447998 0.000000 768.729736 0.000000 0.985059 0.000000 -0.172218 0.836988 0.836988 0.836988
2853.198730 0.000000 783.254211 0.000000 0.745281 0.000000 -0.666750 1.171704 1.171704 1.171704
2850.510254 0.000000 782.550964 0.000000 0.544982 0.000000 -0.838448 1.306458 1.306458 1.306458
2852.018311 0.000000 780.022034 0.000000 0.985774 0.000000 -0.168079 0.886010 0.886010 0.886010
2849.537354 0.000000 787.489624 0.000000 0.948701 0.000000 -0.316175 0.963838 0.963838 0.963838
2848.318848 0.000000 781.602295 0.000000 0.441328 0.000000 -0.897346 1.367212 1.367212 1.367212
2849.079102 0.000000 788.400513 0.000000 0.859571 0.000000 -0.511017 1.073170 1.073170 1.073170
2847.800293 0.000000 782.373657 0.000000 0.997008 0.000000 0.077301 0.760592 0.760592 0.760592
2850.854004 0.000000 790.097595 0.000000 0.998794 0.000000 0.049099 0.787835 0.787835 0.787835
2848.166748 0.000000 786.837036 0.000000 0.433222 0.000000 -0.901287 1.371803 1.371803 1.371803
2853.753174 0.000000 778.779541 0.000000 0.760538 0.000000 -0.649294 1.159897 1.159897 1.159897
2849.142822 0.000000 781.639221 0.000000 0.771502 0.000000 -0.636227 1.151210 1.151210 1.151210
2853.750977 0.000000 780.234619 0.000000 0.575810 0.000000 -0.817583 1.287499 1.287499 1.287499
2847.866455 0.000000 787.647278 0.000000 0.998333 0.000000 0.057717 0.770588 0.770588 0.770588
2849.948975 0.000000 796.085022 0.000000 0.198993 0.000000 -0.980001 1.497972 1.497972 1.497972
2848.342041 0.000000 780.119141 0.000000 0.366182 0.000000 -0.930543 1.409063 1.409063 1.409063
2853.172363 0.000000 779.399475 0.000000 0.994969 0.000000 -0.100187 0.851110 0.851110 0.851110
2848.461426 0.000000 784.570557 0.000000 0.800381 0.000000 -0.599492 1.127409 1.127409 1.127409
2878.797363 0.000000 777.811157 0.000000 0.780967 0.000000 -0.624572 1.143563 1.143563 1.143563
2849.035645 0.000000 794.697815 0.000000 0.998491 0.000000 0.054923 0.772014 0.772014 0.772014
2849.446533 0.000000 792.191895 0.000000 0.970213 0.000000 -0.242252 0.924618 0.924618 0.924618
2853.311523 0.000000 785.005310 0.000000 0.996680 0.000000 -0.081415 0.821325 0.821325 0.821325
2852.024658 0.000000 778.559204 0.000000 0.988516 0.000000 -0.151114 0.877257 0.877257 0.877257
2853.228516 0.000000 780.884644 0.000000 0.786972 0.000000 -0.616989 1.138636 1.138636 1.138636
2850.962158 0.000000 785.370972 0.000000 0.998641 0.000000 -0.052110 0.826552 0.826552 0.826552
2851.735596 0.000000 785.525879 0.000000 0.949052 0.000000 -0.315118 0.963271 0.963271 0.963271
2848.475098 0.000000 795.304504 0.000000 0.444665 0.000000 -0.895697 1.365316 1.365316 1.365316
2850.444092 0.000000 786.025330 0.000000 0.767093 0.000000 -0.641536 1.154724 1.154724 1.154724
2848.083252 0.000000 785.355835 0.000000 0.870712 0.000000 -0.491793 1.061853 1.061853 1.061853
2853.336914 0.000000 778.058289 0.000000 0.997166 0.000000 -0.075232 0.838352 0.838352 0.838352
2846.902344 0.000000 803.060364 0.000000 0.884200 0.000000 -0.467108 0.936868 0.936868 0.936868
2846.737549 0.000000 806.301697 0.000000 0.998401 0.000000 0.056533 0.785879 0.785879 0.785879
2844.624268 0.000000 804.852417 0.000000 0.836714 0.000000 -0.547639 0.861346 0.861346 0.861346
2845.605225 0.000000 805.804932 0.000000 0.292063 0.000000 -0.956399 0.934901 0.934901 0.934901
2845.067627 0.000000 807.419250 0.000000 0.593964 0.000000 -0.804492 0.923226 0.923226 0.923226
2845.439209 0.000000 811.808472 0.000000 0.239319 0.000000 -0.970941 1.086696 1.086696 1.086696
2846.962402 0.000000 800.725098 0.000000 0.704454 0.000000 -0.709750 0.940273 0.940273 0.940273
2845.418213 0.000000 810.778809 0.000000 0.846556 0.000000 -0.532299 0.921077 0.921077 0.921077
2846.056396 0.000000 802.580933 0.000000 0.999107 0.000000 0.042258 0.788096 0.788096 0.788096
2846.376465 0.000000 810.883362 0.000000 0.972191 0.000000 -0.234190 0.901505 0.901505 0.901505
2846.668457 0.000000 803.906677 0.000000 0.469988 0.000000 -0.882673 1.104567 1.104567 1.104567
2847.050537 0.000000 805.216980 0.000000 0.243256 0.000000 -0.969962 1.239318 1.239318 1.239318
2846.024658 0.000000 803.408997 0.000000 0.775558 0.000000 -0.631277 0.992396 0.992396 0.992396
2846.524414 0.000000 807.100464 0.000000 0.947586 0.000000 -0.319500 0.881188 0.881188 0.881188
2847.493408 0.000000 801.253845 0.000000 0.265011 0.000000 -0.964245 1.031539 1.031539 1.031539
2850.700928 0.000000 801.950867 0.000000 0.998518 0.000000 0.054413 0.789453 0.789453 0.789453
2849.391357 0.000000 800.234253 0.000000 0.616316 0.000000 -0.787499 1.261799 1.261799 1.261799
2849.513184 0.000000 816.113098 0.000000 0.257320 0.000000 -0.966326 1.093158 1.093158 1.093158
2851.348389 0.000000 800.276428 0.000000 0.608482 0.000000 -0.793567 0.977584 0.977584 0.977584
2850.250488 0.000000 803.554565 0.000000 0.218986 0.000000 -0.975728 0.918638 0.918638 0.918638
2851.916748 0.000000 803.056885 0.000000 0.462208 0.000000 -0.886771 0.895815 0.895815 0.895815
2848.787354 0.000000 812.814148 0.000000 0.176138 0.000000 -0.984365 1.406829 1.406829 1.406829
2848.489258 0.000000 817.999756 0.000000 0.943776 0.000000 -0.330585 0.875367 0.875367 0.875367
2848.652344 0.000000 811.320129 0.000000 0.993280 0.000000 -0.115735 0.845639 0.845639 0.845639
2849.555176 0.000000 801.490051 0.000000 0.803792 0.000000 -0.594910 1.124500 1.124500 1.124500
2847.476074 0.000000 810.707581 0.000000 0.672882 0.000000 -0.739749 1.157566 1.157566 1.157566
2848.368408 0.000000 815.724304 0.000000 0.416604 0.000000 -0.909088 1.228457 1.228457 1.228457
2848.919434 0.000000 808.845764 0.000000 0.551335 0.000000 -0.834284 1.168566 1.168566 1.168566
2848.324951 0.000000 800.478088 0.000000 0.998274 0.000000 -0.058722 0.829924 0.829924 0.829924
2849.622314 0.000000 814.930115 0.000000 0.181546 0.000000 -0.983382 1.321257 1.321257 1.321257
2849.074951 0.000000 817.099182 0.000000 0.693118 0.000000 -0.720824 0.980069 0.980069 0.980069
2849.559814 0.000000 804.374573 0.000000 0.999494 0.000000 0.031806 0.783798 0.783798 0.783798
2849.987549 0.000000 806.154114 0.000000 0.660291 0.000000 -0.751010 1.200453 1.200453 1.200453
2847.956543 0.000000 802.165649 0.000000 0.668795 0.000000 -0.743447 1.036049 1.036049 1.036049
2849.324707 0.000000 810.523682 0.000000 0.284015 0.000000 -0.958820 1.304732 1.304732 1.304732
2848.064941 0.000000 806.531738 0.000000 0.652170 0.000000 -0.758073 1.205526 1.205526 1.205526
2849.252197 0.000000 803.442200 0.000000 0.820845 0.000000 -0.571151 1.109605 1.109605 1.109605
2848.318848 0.000000 813.586670 0.000000 0.942747 0.000000 -0.333509 0.948046 0.948046 0.948046
2847.928223 0.000000 812.802429 0.000000 0.722811 0.000000 -0.691046 0.990470 0.990470 0.990470
2849.374023 0.000000 817.914307 0.000000 0.948026 0.000000 -0.318194 0.872436 0.872436 0.872436
2849.181396 0.000000 812.053345 0.000000 0.789101 0.000000 -0.614264 1.087995 1.087995 1.087995
2849.142822 0.000000 813.623596 0.000000 0.994426 0.000000 -0.105435 0.845992 0.845992 0.845992
2848.342041 0.000000 812.103516 0.000000 0.119599 0.000000 -0.992822 1.431723 1.431723 1.431723
2847.471436 0.000000 803.778687 0.000000 0.671821 0.000000 -0.740714 1.034901 1.034901 1.034901
2848.461426 0.000000 816.554932 0.000000 0.998767 0.000000 0.049634 0.788893 0.788893 0.788893
2884.989258 0.000000 768.016541 0.000000 0.092458 0.000000 -0.995717 0.817714 0.817714 0.817714
2883.908936 0.000000 771.072510 0.000000 0.389854 0.000000 -0.920877 0.912196 0.912196 0.912196
2881.244385 0.000000 771.457825 0.000000 0.737584 0.000000 -0.675255 1.137571 1.137571 1.137571
2879.384766 0.000000 775.038879 0.000000 0.560676 0.000000 -0.828035 1.248154 1.248154 1.248154
2879.343262 0.000000 775.992676 0.000000 0.711345 0.000000 -0.702843 1.158023 1.158023 1.158023
"}
