object={
	name="shadowland_pine_generator_3_0"
	render_pass=Map
	clamp_to_water_level=no
	generated_content=yes
	layer="tree_high_layer"
	pdxmesh="shadowland_pine_c_mesh"
	count=1714
	transform="2653.631836 0.000000 861.946716 0.000000 0.437306 0.000000 0.899313 0.600000 0.600000 0.600000
2648.538330 0.000000 861.782654 0.000000 0.410590 0.000000 0.911820 0.600000 0.600000 0.600000
2651.183838 0.000000 860.461914 0.000000 0.992958 0.000000 -0.118467 0.600000 0.600000 0.600000
2650.351562 0.000000 862.619385 0.000000 0.965336 0.000000 -0.261010 0.600000 0.600000 0.600000
2652.660400 0.000000 860.838257 0.000000 0.521356 0.000000 -0.853339 0.600000 0.600000 0.600000
2651.417725 0.000000 861.693665 0.000000 0.187562 0.000000 -0.982253 0.600000 0.600000 0.600000
2650.288574 0.000000 861.395020 0.000000 0.179121 0.000000 -0.983827 0.600000 0.600000 0.600000
2675.511230 0.000000 862.554626 0.000000 0.596061 0.000000 -0.802939 0.600000 0.600000 0.600000
2663.571045 0.000000 854.266846 0.000000 0.959798 0.000000 -0.280692 0.600000 0.600000 0.600000
2661.037354 0.000000 850.492493 0.000000 0.506730 0.000000 0.862105 0.600000 0.600000 0.600000
2665.163086 0.000000 850.698120 0.000000 0.728323 0.000000 0.685234 0.600000 0.600000 0.600000
2670.698730 0.000000 855.921082 0.000000 0.927476 0.000000 -0.373883 0.600000 0.600000 0.600000
2659.479980 0.000000 853.334167 0.000000 0.645763 0.000000 -0.763538 0.600000 0.600000 0.600000
2677.823242 0.000000 860.697510 0.000000 0.950980 0.000000 -0.309251 0.600000 0.600000 0.600000
2666.382568 0.000000 853.899231 0.000000 0.278772 0.000000 -0.960357 0.600000 0.600000 0.600000
2666.103516 0.000000 844.721619 0.000000 0.491371 0.000000 0.870950 0.600000 0.600000 0.600000
2672.565674 0.000000 857.584595 0.000000 0.722109 0.000000 0.691779 0.600000 0.600000 0.600000
2656.001953 0.000000 859.859741 0.000000 0.542067 0.000000 -0.840335 0.600000 0.600000 0.600000
2670.712646 0.000000 853.684937 0.000000 0.978767 0.000000 0.204977 0.600000 0.600000 0.600000
2664.824951 0.000000 846.510559 0.000000 0.943347 0.000000 -0.331806 0.600000 0.600000 0.600000
2664.726562 0.000000 852.767395 0.000000 0.854182 0.000000 0.519974 0.600000 0.600000 0.600000
2661.151367 0.000000 852.378540 0.000000 0.909598 0.000000 0.415490 0.600000 0.600000 0.600000
2679.165527 0.000000 859.355042 0.000000 0.568332 0.000000 0.822799 0.600000 0.600000 0.600000
2672.804688 0.000000 859.433350 0.000000 0.371930 0.000000 -0.928261 0.600000 0.600000 0.600000
2663.758545 0.000000 855.863953 0.000000 0.411768 0.000000 -0.911288 0.600000 0.600000 0.600000
2662.403076 0.000000 853.248901 0.000000 0.128032 0.000000 -0.991770 0.600000 0.600000 0.600000
2656.311768 0.000000 858.421204 0.000000 0.972079 0.000000 0.234652 0.600000 0.600000 0.600000
2679.229736 0.000000 861.101257 0.000000 0.880951 0.000000 0.473208 0.600000 0.600000 0.600000
2665.070068 0.000000 854.287781 0.000000 0.215851 0.000000 0.976426 0.600000 0.600000 0.600000
2657.297607 0.000000 859.505310 0.000000 0.990108 0.000000 -0.140305 0.600000 0.600000 0.600000
2662.593018 0.000000 855.157715 0.000000 0.839014 0.000000 0.544110 0.600000 0.600000 0.600000
2664.360352 0.000000 847.673035 0.000000 0.954694 0.000000 -0.297589 0.600000 0.600000 0.600000
2665.626465 0.000000 847.551208 0.000000 0.425798 0.000000 -0.904818 0.600000 0.600000 0.600000
2665.979736 0.000000 846.359863 0.000000 0.973357 0.000000 -0.229294 0.600000 0.600000 0.600000
2664.339600 0.000000 853.661865 0.000000 0.998379 0.000000 -0.056916 0.600000 0.600000 0.600000
2654.071289 0.000000 873.986206 0.000000 0.936756 0.000000 0.349982 0.600000 0.600000 0.600000
2650.704834 0.000000 869.209167 0.000000 0.826109 0.000000 -0.563510 0.600000 0.600000 0.600000
2652.407959 0.000000 872.472473 0.000000 0.981728 0.000000 0.190288 0.600000 0.600000 0.600000
2652.671143 0.000000 868.821167 0.000000 0.775853 0.000000 0.630914 0.600000 0.600000 0.600000
2653.652100 0.000000 869.773682 0.000000 0.745772 0.000000 -0.666201 0.600000 0.600000 0.600000
2673.951172 0.000000 886.530945 0.000000 0.998205 0.000000 0.059884 0.600000 0.600000 0.600000
2663.885742 0.000000 872.283508 0.000000 0.938597 0.000000 0.345016 0.600000 0.600000 0.600000
2659.434814 0.000000 878.235840 0.000000 0.537436 0.000000 0.843305 0.600000 0.600000 0.600000
2684.554199 0.000000 870.339783 0.000000 0.986771 0.000000 -0.162120 0.600000 0.600000 0.600000
2684.983398 0.000000 876.870422 0.000000 0.773634 0.000000 0.633632 0.600000 0.600000 0.600000
2660.190918 0.000000 868.698120 0.000000 0.888290 0.000000 -0.459282 0.600000 0.600000 0.600000
2685.577393 0.000000 885.477051 0.000000 0.096855 0.000000 -0.995298 0.600000 0.600000 0.600000
2665.171631 0.000000 868.087280 0.000000 0.842497 0.000000 0.538700 0.600000 0.600000 0.600000
2663.453613 0.000000 876.867676 0.000000 0.998499 0.000000 0.054766 0.600000 0.600000 0.600000
2670.818115 0.000000 877.703430 0.000000 0.997609 0.000000 -0.069107 0.600000 0.600000 0.600000
2669.737793 0.000000 871.230347 0.000000 0.054327 0.000000 -0.998523 0.600000 0.600000 0.600000
2679.124756 0.000000 864.290283 0.000000 0.998872 0.000000 0.047476 0.600000 0.600000 0.600000
2681.686035 0.000000 886.731750 0.000000 0.846815 0.000000 -0.531888 0.600000 0.600000 0.600000
2670.698730 0.000000 887.905457 0.000000 0.816940 0.000000 -0.576723 0.600000 0.600000 0.600000
2681.791260 0.000000 867.227295 0.000000 0.246989 0.000000 0.969018 0.600000 0.600000 0.600000
2674.824463 0.000000 889.765747 0.000000 0.932793 0.000000 -0.360411 0.600000 0.600000 0.600000
2658.747803 0.000000 865.919617 0.000000 0.607783 0.000000 0.794104 0.600000 0.600000 0.600000
2672.182861 0.000000 884.006897 0.000000 0.958307 0.000000 0.285741 0.600000 0.600000 0.600000
2676.654541 0.000000 887.489319 0.000000 0.861113 0.000000 -0.508413 0.600000 0.600000 0.600000
2684.500488 0.000000 879.567932 0.000000 0.184225 0.000000 0.982884 0.600000 0.600000 0.600000
2656.733154 0.000000 878.344727 0.000000 0.583830 0.000000 0.811876 0.600000 0.600000 0.600000
2659.434814 0.000000 880.664856 0.000000 0.988206 0.000000 0.153130 0.600000 0.600000 0.600000
2672.898438 0.000000 876.378601 0.000000 0.881069 0.000000 -0.472988 0.600000 0.600000 0.600000
2684.183594 0.000000 887.419434 0.000000 0.869167 0.000000 0.494519 0.600000 0.600000 0.600000
2682.405518 0.000000 871.467346 0.000000 0.773826 0.000000 -0.633399 0.600000 0.600000 0.600000
2668.444580 0.000000 877.493469 0.000000 0.101327 0.000000 -0.994853 0.600000 0.600000 0.600000
2681.284668 0.000000 884.425720 0.000000 0.055858 0.000000 -0.998439 0.600000 0.600000 0.600000
2667.496582 0.000000 868.537231 0.000000 0.723577 0.000000 0.690244 0.600000 0.600000 0.600000
2669.683838 0.000000 889.776367 0.000000 0.366842 0.000000 -0.930283 0.600000 0.600000 0.600000
2671.892334 0.000000 879.703064 0.000000 0.915988 0.000000 0.401206 0.600000 0.600000 0.600000
2664.539795 0.000000 870.229187 0.000000 0.998065 0.000000 -0.062181 0.600000 0.600000 0.600000
2665.124512 0.000000 880.636719 0.000000 0.657083 0.000000 0.753818 0.600000 0.600000 0.600000
2673.994141 0.000000 878.093628 0.000000 0.548561 0.000000 0.836111 0.600000 0.600000 0.600000
2678.111816 0.000000 866.038879 0.000000 0.656716 0.000000 -0.754138 0.600000 0.600000 0.600000
2664.726562 0.000000 884.751770 0.000000 0.996957 0.000000 -0.077955 0.600000 0.600000 0.600000
2657.560059 0.000000 880.081848 0.000000 0.997005 0.000000 0.077332 0.600000 0.600000 0.600000
2680.063965 0.000000 885.825012 0.000000 0.816242 0.000000 -0.577710 0.600000 0.600000 0.600000
2683.157959 0.000000 877.153198 0.000000 0.887953 0.000000 0.459935 0.600000 0.600000 0.600000
2672.221680 0.000000 887.048523 0.000000 0.690693 0.000000 -0.723148 0.600000 0.600000 0.600000
2674.965576 0.000000 887.920837 0.000000 0.198090 0.000000 -0.980184 0.600000 0.600000 0.600000
2676.526855 0.000000 889.333923 0.000000 0.706140 0.000000 -0.708072 0.600000 0.600000 0.600000
2658.297363 0.000000 867.523315 0.000000 0.809883 0.000000 -0.586591 0.600000 0.600000 0.600000
2679.877930 0.000000 866.451782 0.000000 0.885676 0.000000 0.464304 0.600000 0.600000 0.600000
2668.822754 0.000000 888.322449 0.000000 0.767405 0.000000 -0.641163 0.600000 0.600000 0.600000
2681.455811 0.000000 874.438904 0.000000 0.441788 0.000000 -0.897120 0.600000 0.600000 0.600000
2672.355225 0.000000 878.157166 0.000000 0.352034 0.000000 0.935987 0.600000 0.600000 0.600000
2659.963623 0.000000 867.025635 0.000000 0.935364 0.000000 -0.353685 0.600000 0.600000 0.600000
2659.352539 0.000000 876.634766 0.000000 0.259394 0.000000 0.965771 0.600000 0.600000 0.600000
2678.043457 0.000000 886.769043 0.000000 0.999961 0.000000 -0.008830 0.600000 0.600000 0.600000
2682.964355 0.000000 875.464783 0.000000 0.828712 0.000000 -0.559675 0.600000 0.600000 0.600000
2656.536133 0.000000 881.968506 0.000000 0.091166 0.000000 -0.995836 0.600000 0.600000 0.600000
2685.673096 0.000000 887.796021 0.000000 0.572936 0.000000 0.819600 0.600000 0.600000 0.600000
2671.398193 0.000000 876.224304 0.000000 0.072667 0.000000 0.997356 0.600000 0.600000 0.600000
2658.051758 0.000000 877.669006 0.000000 0.800824 0.000000 0.598900 0.600000 0.600000 0.600000
2677.919434 0.000000 888.303955 0.000000 0.888336 0.000000 0.459193 0.600000 0.600000 0.600000
2682.784668 0.000000 887.891479 0.000000 0.997315 0.000000 0.073227 0.600000 0.600000 0.600000
2660.175293 0.000000 865.565063 0.000000 0.959404 0.000000 0.282036 0.600000 0.600000 0.600000
2670.534180 0.000000 879.165161 0.000000 0.951528 0.000000 -0.307561 0.600000 0.600000 0.600000
2684.740234 0.000000 884.302917 0.000000 0.575481 0.000000 -0.817815 0.600000 0.600000 0.600000
2660.554199 0.000000 877.430237 0.000000 0.992343 0.000000 -0.123512 0.600000 0.600000 0.600000
2687.151367 0.000000 884.908447 0.000000 0.506999 0.000000 -0.861947 0.600000 0.600000 0.600000
2675.317139 0.000000 886.583801 0.000000 0.000458 0.000000 -1.000000 0.600000 0.600000 0.600000
2665.426270 0.000000 871.211426 0.000000 0.904491 0.000000 -0.426493 0.600000 0.600000 0.600000
2673.193115 0.000000 879.133667 0.000000 0.828105 0.000000 -0.560573 0.600000 0.600000 0.600000
2666.904785 0.000000 871.970764 0.000000 0.676441 0.000000 0.736497 0.600000 0.600000 0.600000
2671.119141 0.000000 886.763184 0.000000 0.137227 0.000000 0.990540 0.600000 0.600000 0.600000
2675.535156 0.000000 888.870300 0.000000 0.990647 0.000000 0.136447 0.600000 0.600000 0.600000
2686.750488 0.000000 885.964111 0.000000 0.392075 0.000000 0.919933 0.600000 0.600000 0.600000
2685.764404 0.000000 884.401001 0.000000 0.839440 0.000000 0.543452 0.600000 0.600000 0.600000
2660.944092 0.000000 867.232605 0.000000 0.792802 0.000000 0.609479 0.600000 0.600000 0.600000
2744.760254 0.000000 799.604858 0.000000 0.746618 0.000000 0.665253 0.600000 0.600000 0.600000
2747.653320 0.000000 825.779846 0.000000 0.879841 0.000000 0.475268 0.600000 0.600000 0.600000
2736.229980 0.000000 810.061646 0.000000 0.704529 0.000000 -0.709675 0.600000 0.600000 0.600000
2738.009033 0.000000 816.169739 0.000000 0.940189 0.000000 -0.340654 0.600000 0.600000 0.600000
2748.967773 0.000000 812.901672 0.000000 0.157804 0.000000 -0.987470 0.600000 0.600000 0.600000
2734.990967 0.000000 827.569336 0.000000 0.676673 0.000000 -0.736284 0.600000 0.600000 0.600000
2742.154053 0.000000 825.830383 0.000000 0.070918 0.000000 0.997482 0.600000 0.600000 0.600000
2744.213379 0.000000 806.347229 0.000000 0.709611 0.000000 -0.704594 0.600000 0.600000 0.600000
2740.105469 0.000000 807.812134 0.000000 0.391924 0.000000 0.919998 0.600000 0.600000 0.600000
2739.298828 0.000000 812.397095 0.000000 0.949468 0.000000 -0.313865 0.600000 0.600000 0.600000
2733.722168 0.000000 807.261597 0.000000 0.067501 0.000000 -0.997719 0.600000 0.600000 0.600000
2743.109131 0.000000 800.321533 0.000000 0.593065 0.000000 -0.805155 0.600000 0.600000 0.600000
2734.683105 0.000000 823.936707 0.000000 0.475892 0.000000 -0.879504 0.600000 0.600000 0.600000
2745.775635 0.000000 803.258545 0.000000 0.912264 0.000000 -0.409603 0.600000 0.600000 0.600000
2739.256592 0.000000 819.323547 0.000000 0.255042 0.000000 -0.966930 0.600000 0.600000 0.600000
2736.460938 0.000000 830.176514 0.000000 0.089899 0.000000 -0.995951 0.600000 0.600000 0.600000
2743.260742 0.000000 804.043884 0.000000 0.033320 0.000000 -0.999445 0.600000 0.600000 0.600000
2741.651123 0.000000 805.935669 0.000000 0.860864 0.000000 0.508835 0.600000 0.600000 0.600000
2736.882812 0.000000 812.409851 0.000000 0.684968 0.000000 -0.728573 0.600000 0.600000 0.600000
2732.428955 0.000000 813.524719 0.000000 0.952550 0.000000 -0.304382 0.600000 0.600000 0.600000
2739.914062 0.000000 814.682129 0.000000 0.229309 0.000000 0.973354 0.600000 0.600000 0.600000
2746.681396 0.000000 805.240417 0.000000 0.227936 0.000000 -0.973676 0.600000 0.600000 0.600000
2750.340576 0.000000 814.555542 0.000000 0.981052 0.000000 -0.193743 0.600000 0.600000 0.600000
2744.943604 0.000000 801.333801 0.000000 0.763725 0.000000 0.645542 0.600000 0.600000 0.600000
2746.518555 0.000000 826.990051 0.000000 0.986840 0.000000 -0.161699 0.600000 0.600000 0.600000
2737.942627 0.000000 830.595337 0.000000 0.811651 0.000000 0.584143 0.600000 0.600000 0.600000
2735.116455 0.000000 826.055359 0.000000 0.025754 0.000000 0.999668 0.600000 0.600000 0.600000
2736.304199 0.000000 817.158447 0.000000 0.999986 0.000000 -0.005337 0.600000 0.600000 0.600000
2741.468506 0.000000 807.397400 0.000000 0.326139 0.000000 -0.945322 0.600000 0.600000 0.600000
2739.914062 0.000000 809.530457 0.000000 0.378641 0.000000 -0.925544 0.600000 0.600000 0.600000
2738.808105 0.000000 808.543457 0.000000 0.007840 0.000000 0.999969 0.600000 0.600000 0.600000
2739.004150 0.000000 807.323303 0.000000 0.105079 0.000000 -0.994464 0.600000 0.600000 0.600000
2735.848633 0.000000 826.956543 0.000000 0.984282 0.000000 0.176604 0.600000 0.600000 0.600000
2734.252197 0.000000 826.581787 0.000000 0.992435 0.000000 0.122768 0.600000 0.600000 0.600000
2751.379639 0.000000 798.153381 0.000000 0.911074 0.000000 -0.412243 0.600000 0.600000 0.600000
2753.072998 0.000000 798.266418 0.000000 0.992453 0.000000 0.122623 0.600000 0.600000 0.600000
2752.160400 0.000000 799.043640 0.000000 0.918455 0.000000 -0.395526 0.600000 0.600000 0.600000
2813.592773 0.000000 797.977966 0.000000 0.815973 0.000000 -0.578090 0.600000 0.600000 0.600000
2812.077393 0.000000 798.784729 0.000000 0.736323 0.000000 0.676631 0.600000 0.600000 0.600000
2799.421631 0.000000 799.490051 0.000000 0.163475 0.000000 0.986547 0.600000 0.600000 0.600000
2798.750244 0.000000 798.100586 0.000000 0.847709 0.000000 -0.530462 0.600000 0.600000 0.600000
2762.813477 0.000000 815.320618 0.000000 0.130300 0.000000 0.991475 0.600000 0.600000 0.600000
2757.013916 0.000000 818.508118 0.000000 0.810655 0.000000 -0.585525 0.600000 0.600000 0.600000
2751.444092 0.000000 812.044556 0.000000 0.948071 0.000000 -0.318058 0.600000 0.600000 0.600000
2751.685547 0.000000 816.687256 0.000000 0.285135 0.000000 0.958487 0.600000 0.600000 0.600000
2755.730713 0.000000 809.769775 0.000000 0.116993 0.000000 -0.993133 0.600000 0.600000 0.600000
2781.959961 0.000000 817.680176 0.000000 0.948584 0.000000 -0.316527 0.600000 0.600000 0.600000
2766.683838 0.000000 817.508667 0.000000 0.999849 0.000000 0.017365 0.600000 0.600000 0.600000
2754.724365 0.000000 801.950867 0.000000 0.456232 0.000000 -0.889861 0.600000 0.600000 0.600000
2752.709717 0.000000 814.375977 0.000000 0.829481 0.000000 0.558535 0.600000 0.600000 0.600000
2755.411377 0.000000 816.696106 0.000000 0.882776 0.000000 -0.469794 0.600000 0.600000 0.600000
2758.128418 0.000000 809.997437 0.000000 0.652382 0.000000 0.757890 0.600000 0.600000 0.600000
2764.421143 0.000000 813.524719 0.000000 0.995591 0.000000 0.093802 0.600000 0.600000 0.600000
2765.112549 0.000000 815.729736 0.000000 0.442752 0.000000 0.896644 0.600000 0.600000 0.600000
2783.119385 0.000000 823.028503 0.000000 0.121876 0.000000 0.992545 0.600000 0.600000 0.600000
2760.516357 0.000000 806.260437 0.000000 0.775450 0.000000 -0.631409 0.600000 0.600000 0.600000
2753.414795 0.000000 800.234253 0.000000 0.599503 0.000000 0.800373 0.600000 0.600000 0.600000
2769.970703 0.000000 814.124878 0.000000 0.502936 0.000000 0.864324 0.600000 0.600000 0.600000
2753.536621 0.000000 816.113098 0.000000 0.895194 0.000000 -0.445676 0.600000 0.600000 0.600000
2761.718994 0.000000 808.527710 0.000000 0.959489 0.000000 0.281745 0.600000 0.600000 0.600000
2758.907227 0.000000 806.920898 0.000000 0.247567 0.000000 -0.968871 0.600000 0.600000 0.600000
2751.596436 0.000000 799.682495 0.000000 0.080016 0.000000 0.996794 0.600000 0.600000 0.600000
2768.331787 0.000000 814.188416 0.000000 0.772813 0.000000 -0.634634 0.600000 0.600000 0.600000
2782.118652 0.000000 816.145630 0.000000 0.104055 0.000000 -0.994572 0.600000 0.600000 0.600000
2752.512695 0.000000 817.999756 0.000000 0.965676 0.000000 0.259748 0.600000 0.600000 0.600000
2765.181885 0.000000 810.351807 0.000000 0.982105 0.000000 -0.188332 0.600000 0.600000 0.600000
2764.781250 0.000000 811.778259 0.000000 0.999730 0.000000 0.023227 0.600000 0.600000 0.600000
2764.070312 0.000000 814.834656 0.000000 0.989310 0.000000 -0.145827 0.600000 0.600000 0.600000
2765.423096 0.000000 814.449219 0.000000 0.816344 0.000000 -0.577566 0.600000 0.600000 0.600000
2759.943848 0.000000 807.188477 0.000000 0.988833 0.000000 0.149027 0.600000 0.600000 0.600000
2807.457520 0.000000 810.577209 0.000000 0.903349 0.000000 0.428906 0.600000 0.600000 0.600000
2784.308594 0.000000 821.109314 0.000000 0.866399 0.000000 0.499353 0.600000 0.600000 0.600000
2801.919922 0.000000 822.562195 0.000000 0.029668 0.000000 0.999560 0.600000 0.600000 0.600000
2809.166504 0.000000 818.021362 0.000000 0.785112 0.000000 -0.619354 0.600000 0.600000 0.600000
2791.539795 0.000000 822.282471 0.000000 0.996496 0.000000 -0.083645 0.600000 0.600000 0.600000
2812.522949 0.000000 806.371033 0.000000 0.187462 0.000000 -0.982272 0.600000 0.600000 0.600000
2806.138428 0.000000 825.830383 0.000000 0.698266 0.000000 0.715838 0.600000 0.600000 0.600000
2789.006104 0.000000 818.508118 0.000000 0.505576 0.000000 0.862782 0.600000 0.600000 0.600000
2783.677734 0.000000 816.687256 0.000000 0.875993 0.000000 -0.482325 0.600000 0.600000 0.600000
2806.263184 0.000000 821.253906 0.000000 0.971406 0.000000 0.237425 0.600000 0.600000 0.600000
2806.387451 0.000000 814.747986 0.000000 0.009785 0.000000 0.999952 0.600000 0.600000 0.600000
2791.422363 0.000000 812.898926 0.000000 0.954115 0.000000 0.299442 0.600000 0.600000 0.600000
2803.283203 0.000000 812.397095 0.000000 0.575341 0.000000 0.817913 0.600000 0.600000 0.600000
2809.654785 0.000000 822.763000 0.000000 0.872809 0.000000 -0.488061 0.600000 0.600000 0.600000
2802.793213 0.000000 825.796997 0.000000 0.388633 0.000000 0.921392 0.600000 0.600000 0.600000
2787.448730 0.000000 821.349792 0.000000 0.898582 0.000000 -0.438806 0.600000 0.600000 0.600000
2805.926514 0.000000 817.799011 0.000000 0.700708 0.000000 0.713448 0.600000 0.600000 0.600000
2798.072510 0.000000 800.469238 0.000000 0.973047 0.000000 -0.230609 0.600000 0.600000 0.600000
2804.036621 0.000000 800.643005 0.000000 0.940883 0.000000 -0.338732 0.600000 0.600000 0.600000
2811.664795 0.000000 819.402100 0.000000 0.785593 0.000000 -0.618744 0.600000 0.600000 0.600000
2789.250732 0.000000 807.320435 0.000000 0.635366 0.000000 -0.772211 0.600000 0.600000 0.600000
2796.170898 0.000000 827.498413 0.000000 0.956047 0.000000 0.293215 0.600000 0.600000 0.600000
2809.543945 0.000000 812.156555 0.000000 0.999241 0.000000 -0.038962 0.600000 0.600000 0.600000
2786.000977 0.000000 811.768555 0.000000 0.034258 0.000000 0.999413 0.600000 0.600000 0.600000
2785.776123 0.000000 826.313110 0.000000 0.668935 0.000000 0.743321 0.600000 0.600000 0.600000
2785.449219 0.000000 823.283752 0.000000 0.575623 0.000000 -0.817715 0.600000 0.600000 0.600000
2790.311523 0.000000 824.432800 0.000000 0.237565 0.000000 0.971372 0.600000 0.600000 0.600000
2807.439697 0.000000 823.702698 0.000000 0.089825 0.000000 -0.995958 0.600000 0.600000 0.600000
2809.253418 0.000000 820.456970 0.000000 0.231787 0.000000 -0.972766 0.600000 0.600000 0.600000
2806.029053 0.000000 812.540283 0.000000 0.696996 0.000000 -0.717075 0.600000 0.600000 0.600000
2795.963135 0.000000 808.582153 0.000000 0.223824 0.000000 0.974630 0.600000 0.600000 0.600000
2804.026123 0.000000 816.820923 0.000000 0.950875 0.000000 -0.309574 0.600000 0.600000 0.600000
2807.405518 0.000000 819.328308 0.000000 0.484383 0.000000 -0.874856 0.600000 0.600000 0.600000
2811.461670 0.000000 821.482605 0.000000 0.667851 0.000000 -0.744295 0.600000 0.600000 0.600000
2808.167969 0.000000 813.796814 0.000000 0.916619 0.000000 0.399762 0.600000 0.600000 0.600000
2783.424561 0.000000 822.820984 0.000000 0.999141 0.000000 -0.041434 0.600000 0.600000 0.600000
2808.032715 0.000000 821.856262 0.000000 0.893626 0.000000 -0.448813 0.600000 0.600000 0.600000
2791.625732 0.000000 811.115540 0.000000 0.632239 0.000000 -0.774773 0.600000 0.600000 0.600000
2787.538818 0.000000 819.566711 0.000000 0.409586 0.000000 -0.912271 0.600000 0.600000 0.600000
2800.773438 0.000000 827.448975 0.000000 0.078741 0.000000 0.996895 0.600000 0.600000 0.600000
2804.495605 0.000000 825.365173 0.000000 0.891252 0.000000 -0.453509 0.600000 0.600000 0.600000
2805.501221 0.000000 816.140747 0.000000 0.737762 0.000000 -0.675061 0.600000 0.600000 0.600000
2799.576172 0.000000 800.255798 0.000000 0.969879 0.000000 -0.243588 0.600000 0.600000 0.600000
2812.632080 0.000000 804.852417 0.000000 0.989228 0.000000 -0.146382 0.600000 0.600000 0.600000
2805.888184 0.000000 824.335205 0.000000 0.168115 0.000000 0.985767 0.600000 0.600000 0.600000
2790.212158 0.000000 811.486633 0.000000 0.954870 0.000000 0.297023 0.600000 0.600000 0.600000
2786.286621 0.000000 810.200317 0.000000 0.833117 0.000000 -0.553097 0.600000 0.600000 0.600000
2787.564453 0.000000 811.239441 0.000000 0.701975 0.000000 -0.712201 0.600000 0.600000 0.600000
2810.645508 0.000000 820.391907 0.000000 0.998724 0.000000 0.050511 0.600000 0.600000 0.600000
2799.158691 0.000000 801.395447 0.000000 0.216951 0.000000 -0.976182 0.600000 0.600000 0.600000
2783.708252 0.000000 823.856628 0.000000 0.983903 0.000000 0.178704 0.600000 0.600000 0.600000
2786.878662 0.000000 808.144897 0.000000 0.879737 0.000000 0.475461 0.600000 0.600000 0.600000
2786.978760 0.000000 809.181580 0.000000 0.846882 0.000000 -0.531781 0.600000 0.600000 0.600000
2697.825439 0.000000 861.109680 0.000000 0.138072 0.000000 0.990422 0.600000 0.600000 0.600000
2712.522705 0.000000 861.782654 0.000000 0.948738 0.000000 0.316063 0.600000 0.600000 0.600000
2699.177734 0.000000 856.795105 0.000000 0.989338 0.000000 0.145635 0.600000 0.600000 0.600000
2696.383301 0.000000 857.809265 0.000000 0.066944 0.000000 -0.997757 0.600000 0.600000 0.600000
2698.374756 0.000000 853.899231 0.000000 0.585937 0.000000 -0.810356 0.600000 0.600000 0.600000
2715.168213 0.000000 860.461914 0.000000 0.857499 0.000000 0.514486 0.600000 0.600000 0.600000
2696.031006 0.000000 860.244812 0.000000 0.970016 0.000000 -0.243040 0.600000 0.600000 0.600000
2701.698730 0.000000 860.933044 0.000000 0.399760 0.000000 0.916620 0.600000 0.600000 0.600000
2712.768066 0.000000 863.573608 0.000000 0.511896 0.000000 -0.859048 0.600000 0.600000 0.600000
2699.041748 0.000000 855.264160 0.000000 0.999386 0.000000 0.035025 0.600000 0.600000 0.600000
2696.920654 0.000000 859.157959 0.000000 0.225979 0.000000 -0.974132 0.600000 0.600000 0.600000
2699.901367 0.000000 855.843506 0.000000 0.746002 0.000000 0.665944 0.600000 0.600000 0.600000
2699.379639 0.000000 854.353394 0.000000 0.940517 0.000000 0.339746 0.600000 0.600000 0.600000
2730.821289 0.000000 847.304993 0.000000 0.398811 0.000000 -0.917033 0.600000 0.600000 0.600000
2723.419189 0.000000 846.251465 0.000000 0.904979 0.000000 0.425457 0.600000 0.600000 0.600000
2727.555420 0.000000 854.266846 0.000000 0.776730 0.000000 0.629834 0.600000 0.600000 0.600000
2740.827148 0.000000 835.564514 0.000000 0.004102 0.000000 -0.999992 0.600000 0.600000 0.600000
2748.538574 0.000000 838.355408 0.000000 0.430925 0.000000 0.902388 0.600000 0.600000 0.600000
2748.967773 0.000000 844.886047 0.000000 0.726331 0.000000 0.687346 0.600000 0.600000 0.600000
2742.154053 0.000000 857.814758 0.000000 0.966946 0.000000 -0.254982 0.600000 0.600000 0.600000
2744.514893 0.000000 861.782654 0.000000 0.999972 0.000000 0.007526 0.600000 0.600000 0.600000
2742.403076 0.000000 846.732361 0.000000 0.441944 0.000000 -0.897042 0.600000 0.600000 0.600000
2727.437988 0.000000 844.883301 0.000000 0.993058 0.000000 0.117623 0.600000 0.600000 0.600000
2739.298828 0.000000 844.381470 0.000000 0.721783 0.000000 0.692119 0.600000 0.600000 0.600000
2745.670410 0.000000 854.747375 0.000000 0.550273 0.000000 0.834985 0.600000 0.600000 0.600000
2747.019287 0.000000 841.855164 0.000000 0.826927 0.000000 0.562310 0.600000 0.600000 0.600000
2746.093262 0.000000 846.700623 0.000000 0.679971 0.000000 -0.733239 0.600000 0.600000 0.600000
2736.167236 0.000000 852.022522 0.000000 0.102567 0.000000 -0.994726 0.600000 0.600000 0.600000
2724.516602 0.000000 862.435242 0.000000 0.928424 0.000000 0.371522 0.600000 0.600000 0.600000
2730.366943 0.000000 853.899231 0.000000 0.436652 0.000000 -0.899631 0.600000 0.600000 0.600000
2740.638916 0.000000 855.504944 0.000000 0.256833 0.000000 0.966456 0.600000 0.600000 0.600000
2745.559570 0.000000 844.140930 0.000000 0.795321 0.000000 0.606189 0.600000 0.600000 0.600000
2732.037842 0.000000 849.953918 0.000000 0.980768 0.000000 -0.195179 0.600000 0.600000 0.600000
2748.484863 0.000000 847.583557 0.000000 0.881869 0.000000 -0.471495 0.600000 0.600000 0.600000
2743.260742 0.000000 836.028259 0.000000 0.394576 0.000000 -0.918863 0.600000 0.600000 0.600000
2742.620605 0.000000 840.255737 0.000000 0.959550 0.000000 -0.281538 0.600000 0.600000 0.600000
2741.651123 0.000000 837.920044 0.000000 0.829161 0.000000 0.559009 0.600000 0.600000 0.600000
2746.389893 0.000000 839.482971 0.000000 0.897579 0.000000 -0.440854 0.600000 0.600000 0.600000
2739.914062 0.000000 846.666504 0.000000 0.016806 0.000000 -0.999859 0.600000 0.600000 0.600000
2733.120361 0.000000 847.714111 0.000000 0.181429 0.000000 -0.983404 0.600000 0.600000 0.600000
2736.550049 0.000000 857.584595 0.000000 0.999676 0.000000 0.025460 0.600000 0.600000 0.600000
2725.638428 0.000000 846.406128 0.000000 0.351707 0.000000 -0.936110 0.600000 0.600000 0.600000
2734.697021 0.000000 853.684937 0.000000 0.999960 0.000000 0.008971 0.600000 0.600000 0.600000
2725.364746 0.000000 854.414734 0.000000 0.570882 0.000000 -0.821032 0.600000 0.600000 0.600000
2746.681396 0.000000 837.224792 0.000000 0.737997 0.000000 0.674804 0.600000 0.600000 0.600000
2750.340576 0.000000 846.539917 0.000000 0.561656 0.000000 0.827371 0.600000 0.600000 0.600000
2747.222168 0.000000 849.234375 0.000000 0.270326 0.000000 0.962769 0.600000 0.600000 0.600000
2730.838867 0.000000 851.857849 0.000000 0.984750 0.000000 -0.173976 0.600000 0.600000 0.600000
2728.710938 0.000000 852.767395 0.000000 0.437408 0.000000 -0.899263 0.600000 0.600000 0.600000
2725.227051 0.000000 848.172607 0.000000 0.445165 0.000000 -0.895449 0.600000 0.600000 0.600000
2740.511230 0.000000 857.349548 0.000000 0.876575 0.000000 0.481266 0.600000 0.600000 0.600000
2741.189209 0.000000 840.928711 0.000000 0.568469 0.000000 0.822705 0.600000 0.600000 0.600000
2746.948730 0.000000 843.480408 0.000000 0.576197 0.000000 -0.817311 0.600000 0.600000 0.600000
2741.903809 0.000000 856.319580 0.000000 0.560253 0.000000 -0.828321 0.600000 0.600000 0.600000
2741.807129 0.000000 836.541748 0.000000 0.222934 0.000000 0.974833 0.600000 0.600000 0.600000
2750.512939 0.000000 845.110107 0.000000 0.818014 0.000000 0.575198 0.600000 0.600000 0.600000
2740.645264 0.000000 837.093750 0.000000 0.938549 0.000000 0.345146 0.600000 0.600000 0.600000
2747.212402 0.000000 838.370544 0.000000 0.906224 0.000000 0.422798 0.600000 0.600000 0.600000
2739.226807 0.000000 847.816162 0.000000 0.654378 0.000000 -0.756168 0.600000 0.600000 0.600000
2734.049316 0.000000 852.611267 0.000000 0.664911 0.000000 0.746923 0.600000 0.600000 0.600000
2738.329590 0.000000 847.122681 0.000000 0.938912 0.000000 0.344157 0.600000 0.600000 0.600000
2714.867920 0.000000 863.954346 0.000000 0.756296 0.000000 -0.654230 0.600000 0.600000 0.600000
2705.943359 0.000000 886.530945 0.000000 0.245232 0.000000 -0.969464 0.600000 0.600000 0.600000
2691.427002 0.000000 878.235840 0.000000 0.664442 0.000000 -0.747339 0.600000 0.600000 0.600000
2700.826660 0.000000 884.475220 0.000000 0.333659 0.000000 0.942694 0.600000 0.600000 0.600000
2702.998779 0.000000 891.538086 0.000000 0.681829 0.000000 -0.731511 0.600000 0.600000 0.600000
2705.091064 0.000000 863.857544 0.000000 0.976838 0.000000 0.213982 0.600000 0.600000 0.600000
2698.131592 0.000000 863.753296 0.000000 0.974212 0.000000 0.225637 0.600000 0.600000 0.600000
2687.701172 0.000000 880.656006 0.000000 0.417653 0.000000 -0.908607 0.600000 0.600000 0.600000
2701.729980 0.000000 871.230347 0.000000 0.911897 0.000000 -0.410420 0.600000 0.600000 0.600000
2697.155273 0.000000 882.682495 0.000000 0.934299 0.000000 0.356490 0.600000 0.600000 0.600000
2706.816650 0.000000 889.765747 0.000000 0.171738 0.000000 0.985143 0.600000 0.600000 0.600000
2702.095947 0.000000 864.437988 0.000000 0.864068 0.000000 -0.503376 0.600000 0.600000 0.600000
2695.641113 0.000000 865.453369 0.000000 0.976108 0.000000 0.217288 0.600000 0.600000 0.600000
2698.374756 0.000000 885.883606 0.000000 0.275017 0.000000 -0.961439 0.600000 0.600000 0.600000
2692.929199 0.000000 876.109619 0.000000 0.393102 0.000000 0.919495 0.600000 0.600000 0.600000
2703.690918 0.000000 866.598328 0.000000 0.958101 0.000000 -0.286431 0.600000 0.600000 0.600000
2696.718750 0.000000 884.751770 0.000000 0.042857 0.000000 -0.999081 0.600000 0.600000 0.600000
2701.008057 0.000000 869.521545 0.000000 0.748197 0.000000 -0.663477 0.600000 0.600000 0.600000
2704.796875 0.000000 891.417725 0.000000 0.328932 0.000000 0.944354 0.600000 0.600000 0.600000
2708.519043 0.000000 889.333923 0.000000 0.590562 0.000000 -0.806992 0.600000 0.600000 0.600000
2704.833496 0.000000 865.428833 0.000000 0.908220 0.000000 0.418492 0.600000 0.600000 0.600000
2691.344727 0.000000 876.634766 0.000000 0.411463 0.000000 -0.911426 0.600000 0.600000 0.600000
2690.043945 0.000000 877.669006 0.000000 0.965611 0.000000 0.259993 0.600000 0.600000 0.600000
2709.911621 0.000000 888.303955 0.000000 0.673814 0.000000 -0.738901 0.600000 0.600000 0.600000
2699.739258 0.000000 885.413269 0.000000 0.276413 0.000000 0.961039 0.600000 0.600000 0.600000
2701.370361 0.000000 885.611450 0.000000 0.096256 0.000000 0.995357 0.600000 0.600000 0.600000
2687.420166 0.000000 884.319946 0.000000 0.894107 0.000000 0.447854 0.600000 0.600000 0.600000
2707.527344 0.000000 888.870300 0.000000 0.990251 0.000000 0.139298 0.600000 0.600000 0.600000
2698.125244 0.000000 884.828247 0.000000 0.873059 0.000000 -0.487615 0.600000 0.600000 0.600000
2733.519531 0.000000 867.407959 0.000000 0.633601 0.000000 -0.773660 0.600000 0.600000 0.600000
2725.028320 0.000000 863.969666 0.000000 0.532299 0.000000 -0.846557 0.600000 0.600000 0.600000
2737.083252 0.000000 863.857544 0.000000 0.363591 0.000000 -0.931559 0.600000 0.600000 0.600000
2729.156006 0.000000 868.087280 0.000000 0.968598 0.000000 0.248633 0.600000 0.600000 0.600000
2730.700195 0.000000 870.734863 0.000000 0.493984 0.000000 0.869471 0.600000 0.600000 0.600000
2722.732178 0.000000 865.919617 0.000000 0.093272 0.000000 -0.995641 0.600000 0.600000 0.600000
2725.266357 0.000000 871.289185 0.000000 0.851322 0.000000 0.524644 0.600000 0.600000 0.600000
2722.016602 0.000000 875.737305 0.000000 0.911305 0.000000 0.411731 0.600000 0.600000 0.600000
2726.706787 0.000000 869.157837 0.000000 0.177203 0.000000 0.984174 0.600000 0.600000 0.600000
2722.750244 0.000000 871.026733 0.000000 0.992039 0.000000 -0.125934 0.600000 0.600000 0.600000
2731.480957 0.000000 868.537231 0.000000 0.417085 0.000000 -0.908868 0.600000 0.600000 0.600000
2733.000244 0.000000 869.521545 0.000000 0.984515 0.000000 -0.175299 0.600000 0.600000 0.600000
2723.336914 0.000000 876.634766 0.000000 0.833772 0.000000 0.552108 0.600000 0.600000 0.600000
2729.879883 0.000000 869.459106 0.000000 0.651721 0.000000 -0.758458 0.600000 0.600000 0.600000
2722.036133 0.000000 877.669006 0.000000 0.441337 0.000000 -0.897341 0.600000 0.600000 0.600000
2724.159668 0.000000 865.565063 0.000000 0.986193 0.000000 0.165602 0.600000 0.600000 0.600000
2730.469482 0.000000 867.513306 0.000000 0.788912 0.000000 -0.614506 0.600000 0.600000 0.600000
2752.079590 0.000000 839.518738 0.000000 0.330719 0.000000 0.943729 0.600000 0.600000 0.600000
2751.444092 0.000000 844.028931 0.000000 0.778793 0.000000 -0.627281 0.600000 0.600000 0.600000
2755.730713 0.000000 841.754150 0.000000 0.845765 0.000000 0.533556 0.600000 0.600000 0.600000
2752.489258 0.000000 836.322021 0.000000 0.605446 0.000000 -0.795886 0.600000 0.600000 0.600000
2751.366211 0.000000 847.126831 0.000000 0.285056 0.000000 -0.958511 0.600000 0.600000 0.600000
2751.458984 0.000000 845.535522 0.000000 0.905108 0.000000 -0.425181 0.600000 0.600000 0.600000
2810.844482 0.000000 831.969971 0.000000 0.416977 0.000000 0.908917 0.600000 0.600000 0.600000
2813.149658 0.000000 834.782043 0.000000 0.234591 0.000000 0.972094 0.600000 0.600000 0.600000
2809.760010 0.000000 835.242920 0.000000 0.690991 0.000000 -0.722863 0.600000 0.600000 0.600000
2814.140869 0.000000 831.997070 0.000000 0.270071 0.000000 0.962840 0.600000 0.600000 0.600000
2808.927979 0.000000 833.318176 0.000000 0.058803 0.000000 -0.998270 0.600000 0.600000 0.600000
2811.270264 0.000000 833.870605 0.000000 0.729713 0.000000 0.683753 0.600000 0.600000 0.600000
2811.571289 0.000000 835.689819 0.000000 0.134609 0.000000 -0.990899 0.600000 0.600000 0.600000
2812.506348 0.000000 832.577881 0.000000 0.961315 0.000000 0.275452 0.600000 0.600000 0.600000
2814.358643 0.000000 833.567627 0.000000 0.140004 0.000000 0.990151 0.600000 0.600000 0.600000
2812.504639 0.000000 833.748840 0.000000 0.895649 0.000000 0.444761 0.600000 0.600000 0.600000
2810.840576 0.000000 834.874451 0.000000 0.872813 0.000000 -0.488055 0.600000 0.600000 0.600000
2813.473145 0.000000 833.004395 0.000000 0.034635 0.000000 0.999400 0.600000 0.600000 0.600000
2665.833252 0.000000 957.062805 0.000000 0.656390 0.000000 0.754422 0.600000 0.600000 0.600000
2673.951172 0.000000 950.499695 0.000000 0.723067 0.000000 -0.690778 0.600000 0.600000 0.600000
2671.006592 0.000000 955.506836 0.000000 0.948694 0.000000 -0.316195 0.600000 0.600000 0.600000
2678.169678 0.000000 953.767883 0.000000 0.950669 0.000000 0.310208 0.600000 0.600000 0.600000
2685.624023 0.000000 957.899841 0.000000 0.805679 0.000000 -0.592353 0.600000 0.600000 0.600000
2667.185547 0.000000 952.748230 0.000000 0.255151 0.000000 0.966901 0.600000 0.600000 0.600000
2685.983398 0.000000 945.617676 0.000000 0.500825 0.000000 -0.865548 0.600000 0.600000 0.600000
2681.686035 0.000000 950.700500 0.000000 0.999542 0.000000 0.030258 0.600000 0.600000 0.600000
2670.698730 0.000000 951.874207 0.000000 0.666703 0.000000 0.745324 0.600000 0.600000 0.600000
2675.272217 0.000000 947.261047 0.000000 0.892463 0.000000 0.451120 0.600000 0.600000 0.600000
2683.176025 0.000000 956.415039 0.000000 0.246999 0.000000 0.969016 0.600000 0.600000 0.600000
2681.284668 0.000000 948.394470 0.000000 0.733459 0.000000 0.679734 0.600000 0.600000 0.600000
2672.565674 0.000000 953.537720 0.000000 0.958839 0.000000 0.283950 0.600000 0.600000 0.600000
2668.476318 0.000000 950.733521 0.000000 0.548221 0.000000 -0.836333 0.600000 0.600000 0.600000
2669.683838 0.000000 953.745117 0.000000 0.522126 0.000000 -0.852868 0.600000 0.600000 0.600000
2666.235596 0.000000 954.713135 0.000000 0.921340 0.000000 0.388758 0.600000 0.600000 0.600000
2680.063965 0.000000 949.793762 0.000000 0.380133 0.000000 0.924932 0.600000 0.600000 0.600000
2672.804688 0.000000 955.386475 0.000000 0.268121 0.000000 0.963385 0.600000 0.600000 0.600000
2680.775879 0.000000 959.526733 0.000000 0.159216 0.000000 -0.987244 0.600000 0.600000 0.600000
2668.822754 0.000000 952.291199 0.000000 0.870183 0.000000 0.492728 0.600000 0.600000 0.600000
2673.424805 0.000000 952.027710 0.000000 0.999435 0.000000 0.033618 0.600000 0.600000 0.600000
2664.928467 0.000000 955.111084 0.000000 0.988810 0.000000 -0.149181 0.600000 0.600000 0.600000
2673.790771 0.000000 953.142761 0.000000 0.997411 0.000000 0.071915 0.600000 0.600000 0.600000
2667.368652 0.000000 954.854858 0.000000 0.125276 0.000000 -0.992122 0.600000 0.600000 0.600000
2665.287354 0.000000 954.185547 0.000000 0.972610 0.000000 0.232444 0.600000 0.600000 0.600000
2664.052979 0.000000 954.697754 0.000000 0.986695 0.000000 0.162582 0.600000 0.600000 0.600000
2652.991211 0.000000 972.823547 0.000000 0.265671 0.000000 0.964064 0.600000 0.600000 0.600000
2652.535400 0.000000 970.997681 0.000000 0.992178 0.000000 -0.124835 0.600000 0.600000 0.600000
2654.685791 0.000000 971.685120 0.000000 0.843280 0.000000 -0.537474 0.600000 0.600000 0.600000
2653.374268 0.000000 973.998169 0.000000 0.224664 0.000000 0.974436 0.600000 0.600000 0.600000
2656.103027 0.000000 967.456238 0.000000 0.700135 0.000000 0.714010 0.600000 0.600000 0.600000
2682.875732 0.000000 959.907471 0.000000 0.646292 0.000000 0.763090 0.600000 0.600000 0.600000
2676.842773 0.000000 963.502014 0.000000 0.379955 0.000000 0.925005 0.600000 0.600000 0.600000
2661.037354 0.000000 978.429993 0.000000 0.052691 0.000000 -0.998611 0.600000 0.600000 0.600000
2655.467529 0.000000 971.966431 0.000000 0.772355 0.000000 -0.635192 0.600000 0.600000 0.600000
2659.754150 0.000000 969.691650 0.000000 0.262571 0.000000 0.964913 0.600000 0.600000 0.600000
2673.112305 0.000000 965.100891 0.000000 0.180635 0.000000 -0.983550 0.600000 0.600000 0.600000
2669.737793 0.000000 967.183472 0.000000 0.999625 0.000000 0.027378 0.600000 0.600000 0.600000
2679.124756 0.000000 960.243408 0.000000 0.491113 0.000000 -0.871096 0.600000 0.600000 0.600000
2676.067871 0.000000 960.564880 0.000000 0.847090 0.000000 0.531450 0.600000 0.600000 0.600000
2661.281982 0.000000 967.242310 0.000000 0.204190 0.000000 -0.978931 0.600000 0.600000 0.600000
2661.404541 0.000000 962.332092 0.000000 0.673596 0.000000 -0.739100 0.600000 0.600000 0.600000
2680.959229 0.000000 961.255676 0.000000 0.354526 0.000000 0.935046 0.600000 0.600000 0.600000
2678.111816 0.000000 961.992004 0.000000 0.939560 0.000000 0.342385 0.600000 0.600000 0.600000
2663.373535 0.000000 963.306702 0.000000 0.058452 0.000000 0.998290 0.600000 0.600000 0.600000
2659.570068 0.000000 979.488586 0.000000 0.910997 0.000000 0.412414 0.600000 0.600000 0.600000
2665.534180 0.000000 961.344421 0.000000 0.834231 0.000000 -0.551416 0.600000 0.600000 0.600000
2662.556396 0.000000 960.313293 0.000000 0.968197 0.000000 -0.250191 0.600000 0.600000 0.600000
2661.595947 0.000000 963.962402 0.000000 0.013140 0.000000 0.999914 0.600000 0.600000 0.600000
2661.339111 0.000000 965.513672 0.000000 0.341166 0.000000 0.940003 0.600000 0.600000 0.600000
2662.690918 0.000000 962.269470 0.000000 0.545183 0.000000 -0.838317 0.600000 0.600000 0.600000
2662.183105 0.000000 963.149048 0.000000 0.878323 0.000000 0.478067 0.600000 0.600000 0.600000
2663.661377 0.000000 962.367249 0.000000 0.978802 0.000000 -0.204807 0.600000 0.600000 0.600000
2708.834961 0.000000 899.533264 0.000000 0.827572 0.000000 -0.561359 0.600000 0.600000 0.600000
2708.060059 0.000000 896.596130 0.000000 0.993122 0.000000 -0.117082 0.600000 0.600000 0.600000
2706.429932 0.000000 896.817444 0.000000 0.046705 0.000000 -0.998909 0.600000 0.600000 0.600000
2695.877930 0.000000 936.252258 0.000000 0.895295 0.000000 0.445474 0.600000 0.600000 0.600000
2691.427002 0.000000 942.204590 0.000000 0.268774 0.000000 -0.963203 0.600000 0.600000 0.600000
2702.998779 0.000000 955.506836 0.000000 0.980693 0.000000 0.195554 0.600000 0.600000 0.600000
2687.701172 0.000000 944.624756 0.000000 0.916607 0.000000 0.399790 0.600000 0.600000 0.600000
2697.155273 0.000000 946.651245 0.000000 0.115966 0.000000 0.993253 0.600000 0.600000 0.600000
2700.194336 0.000000 955.435913 0.000000 0.856458 0.000000 0.516217 0.600000 0.600000 0.600000
2688.725342 0.000000 942.313477 0.000000 0.404810 0.000000 0.914401 0.600000 0.600000 0.600000
2694.144043 0.000000 937.934937 0.000000 0.329035 0.000000 -0.944318 0.600000 0.600000 0.600000
2687.361328 0.000000 946.942139 0.000000 0.796603 0.000000 0.604503 0.600000 0.600000 0.600000
2696.531982 0.000000 934.197937 0.000000 0.486609 0.000000 0.873620 0.600000 0.600000 0.600000
2698.227783 0.000000 954.713135 0.000000 0.468004 0.000000 0.883727 0.600000 0.600000 0.600000
2701.698730 0.000000 956.886169 0.000000 0.189581 0.000000 0.981865 0.600000 0.600000 0.600000
2689.552246 0.000000 944.050598 0.000000 0.253344 0.000000 -0.967376 0.600000 0.600000 0.600000
2697.734619 0.000000 936.465210 0.000000 0.916582 0.000000 0.399847 0.600000 0.600000 0.600000
2695.649170 0.000000 939.053040 0.000000 0.908553 0.000000 -0.417770 0.600000 0.600000 0.600000
2688.528320 0.000000 945.937256 0.000000 0.999031 0.000000 0.044017 0.600000 0.600000 0.600000
2701.616699 0.000000 955.244629 0.000000 0.610069 0.000000 -0.792348 0.600000 0.600000 0.600000
2696.920654 0.000000 955.111084 0.000000 0.992502 0.000000 -0.122229 0.600000 0.600000 0.600000
2697.609131 0.000000 947.851013 0.000000 0.729547 0.000000 0.683931 0.600000 0.600000 0.600000
2696.100830 0.000000 947.295593 0.000000 0.966884 0.000000 -0.255215 0.600000 0.600000 0.600000
2701.128174 0.000000 957.897827 0.000000 0.517689 0.000000 0.855569 0.600000 0.600000 0.600000
2700.521484 0.000000 956.540344 0.000000 0.916666 0.000000 -0.399653 0.600000 0.600000 0.600000
2698.848145 0.000000 957.806152 0.000000 0.748373 0.000000 0.663279 0.600000 0.600000 0.600000
2699.360840 0.000000 954.854858 0.000000 0.551002 0.000000 0.834504 0.600000 0.600000 0.600000
2814.140869 0.000000 895.965820 0.000000 0.731956 0.000000 -0.681351 0.600000 0.600000 0.600000
2729.817627 0.000000 989.047180 0.000000 0.999997 0.000000 0.002328 0.600000 0.600000 0.600000
2732.186523 0.000000 987.420288 0.000000 0.753265 0.000000 -0.657717 0.600000 0.600000 0.600000
2733.668213 0.000000 985.729492 0.000000 0.995039 0.000000 -0.099486 0.600000 0.600000 0.600000
2731.934326 0.000000 989.564392 0.000000 0.460656 0.000000 0.887579 0.600000 0.600000 0.600000
2730.219971 0.000000 986.697510 0.000000 0.999587 0.000000 -0.028746 0.600000 0.600000 0.600000
2732.807129 0.000000 984.275574 0.000000 0.828154 0.000000 0.560501 0.600000 0.600000 0.600000
2730.849854 0.000000 988.017822 0.000000 0.270208 0.000000 0.962802 0.600000 0.600000 0.600000
2732.235840 0.000000 985.956848 0.000000 0.849602 0.000000 0.527424 0.600000 0.600000 0.600000
2733.608887 0.000000 987.229004 0.000000 0.659644 0.000000 -0.751578 0.600000 0.600000 0.600000
2730.840332 0.000000 989.790527 0.000000 0.114674 0.000000 -0.993403 0.600000 0.600000 0.600000
2731.353027 0.000000 986.839233 0.000000 0.561682 0.000000 -0.827353 0.600000 0.600000 0.600000
2695.563232 0.000000 1014.188721 0.000000 0.205429 0.000000 -0.978672 0.600000 0.600000 0.600000
2700.826660 0.000000 1012.412720 0.000000 0.930912 0.000000 -0.365243 0.600000 0.600000 0.600000
2694.334961 0.000000 1016.339050 0.000000 0.482175 0.000000 -0.876075 0.600000 0.600000 0.600000
2695.750732 0.000000 1015.785828 0.000000 0.113230 0.000000 0.993569 0.600000 0.600000 0.600000
2701.020020 0.000000 1010.893677 0.000000 0.681112 0.000000 0.732179 0.600000 0.600000 0.600000
2694.585205 0.000000 1015.079590 0.000000 0.378677 0.000000 0.925529 0.600000 0.600000 0.600000
2695.211914 0.000000 1017.252991 0.000000 0.837806 0.000000 0.545968 0.600000 0.600000 0.600000
2720.087402 0.000000 999.440613 0.000000 0.999936 0.000000 0.011306 0.600000 0.600000 0.600000
2720.497070 0.000000 996.243896 0.000000 0.966522 0.000000 0.256586 0.600000 0.600000 0.600000
2727.633301 0.000000 993.390869 0.000000 0.999515 0.000000 0.031141 0.600000 0.600000 0.600000
2722.332031 0.000000 997.098938 0.000000 0.964212 0.000000 0.265132 0.600000 0.600000 0.600000
2727.357910 0.000000 995.291077 0.000000 0.947562 0.000000 0.319573 0.600000 0.600000 0.600000
2722.281738 0.000000 995.460815 0.000000 0.764620 0.000000 0.644481 0.600000 0.600000 0.600000
2726.540771 0.000000 992.297668 0.000000 0.834382 0.000000 -0.551186 0.600000 0.600000 0.600000
2725.580322 0.000000 995.946777 0.000000 0.791117 0.000000 -0.611665 0.600000 0.600000 0.600000
2751.379639 0.000000 1022.044006 0.000000 0.468679 0.000000 0.883368 0.600000 0.600000 0.600000
2803.479980 0.000000 1022.476501 0.000000 0.470744 0.000000 0.882270 0.600000 0.600000 0.600000
2812.952148 0.000000 1004.807922 0.000000 0.974479 0.000000 0.224478 0.600000 0.600000 0.600000
2806.138428 0.000000 1017.736633 0.000000 0.408711 0.000000 -0.912664 0.600000 0.600000 0.600000
2808.499268 0.000000 1021.704529 0.000000 0.999120 0.000000 0.041946 0.600000 0.600000 0.600000
2806.387451 0.000000 1006.654236 0.000000 0.920578 0.000000 0.390558 0.600000 0.600000 0.600000
2802.793213 0.000000 1017.703247 0.000000 0.323195 0.000000 0.946332 0.600000 0.600000 0.600000
2805.926514 0.000000 1009.705261 0.000000 0.987127 0.000000 -0.159938 0.600000 0.600000 0.600000
2811.664795 0.000000 1011.308350 0.000000 0.982785 0.000000 0.184751 0.600000 0.600000 0.600000
2800.534424 0.000000 1017.506470 0.000000 0.825309 0.000000 0.564681 0.600000 0.600000 0.600000
2814.324463 0.000000 996.648743 0.000000 0.091669 0.000000 0.995790 0.600000 0.600000 0.600000
2804.165527 0.000000 1019.288818 0.000000 0.667264 0.000000 -0.744821 0.600000 0.600000 0.600000
2810.312500 0.000000 1022.541260 0.000000 0.551523 0.000000 -0.834160 0.600000 0.600000 0.600000
2814.646729 0.000000 1003.669495 0.000000 0.109768 0.000000 -0.993957 0.600000 0.600000 0.600000
2807.134277 0.000000 1019.276917 0.000000 0.654494 0.000000 0.756067 0.600000 0.600000 0.600000
2800.190430 0.000000 1014.986023 0.000000 0.493117 0.000000 -0.869963 0.600000 0.600000 0.600000
2808.744629 0.000000 1023.495483 0.000000 0.975582 0.000000 -0.219636 0.600000 0.600000 0.600000
2802.934326 0.000000 1015.858337 0.000000 0.994319 0.000000 -0.106437 0.600000 0.600000 0.600000
2807.579102 0.000000 1009.430664 0.000000 0.447501 0.000000 0.894283 0.600000 0.600000 0.600000
2801.393555 0.000000 1015.996460 0.000000 0.108303 0.000000 0.994118 0.600000 0.600000 0.600000
2805.660889 0.000000 1019.142334 0.000000 0.970103 0.000000 -0.242692 0.600000 0.600000 0.600000
2815.290527 0.000000 1002.454468 0.000000 0.999835 0.000000 0.018163 0.600000 0.600000 0.600000
2806.929443 0.000000 1008.138062 0.000000 0.997027 0.000000 0.077053 0.600000 0.600000 0.600000
2814.551270 0.000000 1020.848145 0.000000 0.447278 0.000000 0.894395 0.600000 0.600000 0.600000
2801.759521 0.000000 1017.111511 0.000000 0.938989 0.000000 0.343947 0.600000 0.600000 0.600000
2825.794189 0.000000 797.140930 0.000000 0.999988 0.000000 -0.004928 0.600000 0.600000 0.600000
2818.093506 0.000000 796.895813 0.000000 0.833658 0.000000 -0.552281 0.600000 0.600000 0.600000
2815.364014 0.000000 798.153381 0.000000 0.180051 0.000000 0.983657 0.600000 0.600000 0.600000
2818.103516 0.000000 799.584229 0.000000 0.206696 0.000000 0.978405 0.600000 0.600000 0.600000
2826.552734 0.000000 798.971191 0.000000 0.734708 0.000000 -0.678384 0.600000 0.600000 0.600000
2817.057373 0.000000 798.266418 0.000000 0.691703 0.000000 -0.722182 0.600000 0.600000 0.600000
2865.904297 0.000000 790.577820 0.000000 0.999553 0.000000 -0.029902 0.600000 0.600000 0.600000
2873.150879 0.000000 786.036987 0.000000 0.015588 0.000000 -0.999878 0.600000 0.600000 0.600000
2865.977783 0.000000 784.185364 0.000000 0.868613 0.000000 0.495491 0.600000 0.600000 0.600000
2857.124756 0.000000 772.134155 0.000000 0.009966 0.000000 0.999950 0.600000 0.600000 0.600000
2862.771240 0.000000 781.750305 0.000000 0.953212 0.000000 -0.302301 0.600000 0.600000 0.600000
2861.690918 0.000000 775.277222 0.000000 0.968566 0.000000 -0.248756 0.600000 0.600000 0.600000
2873.639160 0.000000 790.778625 0.000000 0.321659 0.000000 0.946856 0.600000 0.600000 0.600000
2861.556641 0.000000 799.102112 0.000000 0.709651 0.000000 0.704553 0.600000 0.600000 0.600000
2862.660400 0.000000 785.524292 0.000000 0.357774 0.000000 0.933808 0.600000 0.600000 0.600000
2862.651855 0.000000 791.952332 0.000000 0.085992 0.000000 0.996296 0.600000 0.600000 0.600000
2858.668945 0.000000 774.781738 0.000000 0.703845 0.000000 -0.710354 0.600000 0.600000 0.600000
2875.649170 0.000000 787.417725 0.000000 0.999946 0.000000 -0.010438 0.600000 0.600000 0.600000
2860.397705 0.000000 781.540344 0.000000 0.429203 0.000000 0.903208 0.600000 0.600000 0.600000
2862.089600 0.000000 779.437622 0.000000 0.299542 0.000000 0.954083 0.600000 0.600000 0.600000
2873.237793 0.000000 788.472595 0.000000 0.958175 0.000000 0.286183 0.600000 0.600000 0.600000
2861.089111 0.000000 783.745361 0.000000 0.999892 0.000000 -0.014722 0.600000 0.600000 0.600000
2859.449707 0.000000 772.584106 0.000000 0.996203 0.000000 0.087061 0.600000 0.600000 0.600000
2860.429443 0.000000 790.811646 0.000000 0.958756 0.000000 0.284232 0.600000 0.600000 0.600000
2861.636963 0.000000 793.823242 0.000000 0.322910 0.000000 0.946430 0.600000 0.600000 0.600000
2863.845459 0.000000 783.749939 0.000000 0.719171 0.000000 -0.694833 0.600000 0.600000 0.600000
2865.947266 0.000000 782.140503 0.000000 0.608572 0.000000 -0.793499 0.600000 0.600000 0.600000
2869.204102 0.000000 787.658813 0.000000 0.991261 0.000000 -0.131918 0.600000 0.600000 0.600000
2861.659668 0.000000 796.964294 0.000000 0.214673 0.000000 -0.976686 0.600000 0.600000 0.600000
2872.017090 0.000000 789.871887 0.000000 0.807395 0.000000 0.590012 0.600000 0.600000 0.600000
2864.174805 0.000000 791.095398 0.000000 0.811403 0.000000 0.584487 0.600000 0.600000 0.600000
2864.308350 0.000000 782.204041 0.000000 0.185720 0.000000 0.982603 0.600000 0.600000 0.600000
2863.351318 0.000000 780.271179 0.000000 0.275607 0.000000 -0.961270 0.600000 0.600000 0.600000
2874.187744 0.000000 787.131958 0.000000 0.923829 0.000000 0.382804 0.600000 0.600000 0.600000
2862.487305 0.000000 783.212036 0.000000 0.179721 0.000000 0.983718 0.600000 0.600000 0.600000
2860.204590 0.000000 794.050598 0.000000 0.605957 0.000000 -0.795497 0.600000 0.600000 0.600000
2861.577637 0.000000 795.322754 0.000000 0.388259 0.000000 0.921551 0.600000 0.600000 0.600000
2861.158447 0.000000 778.367432 0.000000 0.946556 0.000000 0.322539 0.600000 0.600000 0.600000
2860.757812 0.000000 779.793884 0.000000 0.655308 0.000000 0.755361 0.600000 0.600000 0.600000
2872.742188 0.000000 787.280884 0.000000 0.589564 0.000000 -0.807721 0.600000 0.600000 0.600000
2859.610596 0.000000 773.853394 0.000000 0.195000 0.000000 0.980803 0.600000 0.600000 0.600000
2861.215332 0.000000 776.477966 0.000000 0.305529 0.000000 0.952183 0.600000 0.600000 0.600000
2860.087402 0.000000 777.691772 0.000000 0.689875 0.000000 0.723928 0.600000 0.600000 0.600000
2872.159912 0.000000 786.432190 0.000000 0.668233 0.000000 -0.743952 0.600000 0.600000 0.600000
2863.424805 0.000000 782.739075 0.000000 0.335541 0.000000 0.942026 0.600000 0.600000 0.600000
2875.065674 0.000000 786.593750 0.000000 0.824913 0.000000 -0.565260 0.600000 0.600000 0.600000
2825.794189 0.000000 829.125305 0.000000 0.995485 0.000000 0.094916 0.600000 0.600000 0.600000
2826.797852 0.000000 815.320618 0.000000 0.977346 0.000000 -0.211647 0.600000 0.600000 0.600000
2829.496094 0.000000 803.439209 0.000000 0.308017 0.000000 0.951381 0.600000 0.600000 0.600000
2816.300781 0.000000 821.109314 0.000000 0.931196 0.000000 0.364518 0.600000 0.600000 0.600000
2833.912109 0.000000 822.562195 0.000000 0.190236 0.000000 0.981738 0.600000 0.600000 0.600000
2841.158691 0.000000 818.021362 0.000000 0.675960 0.000000 0.736938 0.600000 0.600000 0.600000
2835.472168 0.000000 830.570251 0.000000 0.473462 0.000000 -0.880814 0.600000 0.600000 0.600000
2823.846680 0.000000 808.314758 0.000000 0.928244 0.000000 -0.371971 0.600000 0.600000 0.600000
2819.395752 0.000000 814.267090 0.000000 0.906955 0.000000 -0.421228 0.600000 0.600000 0.600000
2832.206543 0.000000 810.061646 0.000000 0.676375 0.000000 -0.736558 0.600000 0.600000 0.600000
2833.985596 0.000000 816.169739 0.000000 0.900394 0.000000 -0.435076 0.600000 0.600000 0.600000
2815.501221 0.000000 801.253845 0.000000 0.463391 0.000000 -0.886154 0.600000 0.600000 0.600000
2828.795410 0.000000 820.506470 0.000000 0.512036 0.000000 0.858964 0.600000 0.600000 0.600000
2838.130615 0.000000 825.830383 0.000000 0.871707 0.000000 0.490027 0.600000 0.600000 0.600000
2820.151855 0.000000 804.729370 0.000000 0.838497 0.000000 0.544907 0.600000 0.600000 0.600000
2826.100342 0.000000 799.784546 0.000000 0.690942 0.000000 -0.722910 0.600000 0.600000 0.600000
2845.584961 0.000000 829.962341 0.000000 0.401224 0.000000 -0.915980 0.600000 0.600000 0.600000
2820.998291 0.000000 818.508118 0.000000 0.999484 0.000000 0.032116 0.600000 0.600000 0.600000
2827.820312 0.000000 810.771606 0.000000 0.592226 0.000000 -0.805772 0.600000 0.600000 0.600000
2838.255371 0.000000 821.253906 0.000000 0.475046 0.000000 0.879961 0.600000 0.600000 0.600000
2825.132568 0.000000 804.118530 0.000000 0.498766 0.000000 -0.866737 0.600000 0.600000 0.600000
2838.379639 0.000000 814.747986 0.000000 0.979538 0.000000 0.201260 0.600000 0.600000 0.600000
2823.414551 0.000000 812.898926 0.000000 0.866649 0.000000 0.498918 0.600000 0.600000 0.600000
2835.275391 0.000000 812.397095 0.000000 0.364338 0.000000 0.931267 0.600000 0.600000 0.600000
2830.668213 0.000000 817.508667 0.000000 0.400119 0.000000 0.916463 0.600000 0.600000 0.600000
2835.233154 0.000000 819.323547 0.000000 0.302688 0.000000 0.953090 0.600000 0.600000 0.600000
2819.440918 0.000000 821.349792 0.000000 0.638671 0.000000 0.769480 0.600000 0.600000 0.600000
2826.676758 0.000000 806.766113 0.000000 0.997586 0.000000 -0.069441 0.600000 0.600000 0.600000
2837.918701 0.000000 817.799011 0.000000 0.706463 0.000000 -0.707750 0.600000 0.600000 0.600000
2815.364014 0.000000 830.137756 0.000000 0.634090 0.000000 0.773259 0.600000 0.600000 0.600000
2818.708740 0.000000 801.950867 0.000000 0.853576 0.000000 0.520969 0.600000 0.600000 0.600000
2823.609863 0.000000 801.484619 0.000000 0.900692 0.000000 -0.434459 0.600000 0.600000 0.600000
2832.143799 0.000000 820.038147 0.000000 0.808710 0.000000 0.588208 0.600000 0.600000 0.600000
2821.242920 0.000000 807.320435 0.000000 0.996634 0.000000 -0.081978 0.600000 0.600000 0.600000
2836.615479 0.000000 823.520569 0.000000 0.937226 0.000000 0.348721 0.600000 0.600000 0.600000
2827.053711 0.000000 802.258606 0.000000 0.939727 0.000000 -0.341926 0.600000 0.600000 0.600000
2818.103516 0.000000 831.568604 0.000000 0.296202 0.000000 -0.955125 0.600000 0.600000 0.600000
2828.014404 0.000000 817.969543 0.000000 0.265199 0.000000 0.964194 0.600000 0.600000 0.600000
2822.683350 0.000000 805.189087 0.000000 0.534109 0.000000 0.845415 0.600000 0.600000 0.600000
2825.251221 0.000000 810.345032 0.000000 0.750982 0.000000 -0.660323 0.600000 0.600000 0.600000
2833.456299 0.000000 807.881104 0.000000 0.151014 0.000000 0.988532 0.600000 0.600000 0.600000
2819.395752 0.000000 816.696106 0.000000 0.927372 0.000000 0.374141 0.600000 0.600000 0.600000
2822.112793 0.000000 809.997437 0.000000 0.933278 0.000000 0.359155 0.600000 0.600000 0.600000
2839.431885 0.000000 823.702698 0.000000 0.999615 0.000000 0.027729 0.600000 0.600000 0.600000
2822.995850 0.000000 819.933777 0.000000 0.839298 0.000000 0.543672 0.600000 0.600000 0.600000
2827.457520 0.000000 804.568481 0.000000 0.982842 0.000000 0.184448 0.600000 0.600000 0.600000
2835.990723 0.000000 821.365417 0.000000 0.986247 0.000000 -0.165278 0.600000 0.600000 0.600000
2830.850830 0.000000 805.312683 0.000000 0.751052 0.000000 0.660243 0.600000 0.600000 0.600000
2827.910889 0.000000 829.642517 0.000000 0.076537 0.000000 -0.997067 0.600000 0.600000 0.600000
2824.500732 0.000000 806.260437 0.000000 0.800492 0.000000 -0.599344 0.600000 0.600000 0.600000
2833.316650 0.000000 818.174561 0.000000 0.996799 0.000000 0.079950 0.600000 0.600000 0.600000
2817.399170 0.000000 800.234253 0.000000 0.933975 0.000000 0.357339 0.600000 0.600000 0.600000
2836.018311 0.000000 816.820923 0.000000 0.985224 0.000000 -0.171269 0.600000 0.600000 0.600000
2825.085449 0.000000 816.667969 0.000000 0.339831 0.000000 0.940487 0.600000 0.600000 0.600000
2823.999756 0.000000 828.260437 0.000000 0.986943 0.000000 -0.161071 0.600000 0.600000 0.600000
2824.078369 0.000000 799.610474 0.000000 0.985080 0.000000 0.172099 0.600000 0.600000 0.600000
2837.211914 0.000000 819.643188 0.000000 0.107723 0.000000 0.994181 0.600000 0.600000 0.600000
2830.358154 0.000000 819.390198 0.000000 0.947551 0.000000 0.319603 0.600000 0.600000 0.600000
2825.703369 0.000000 808.527710 0.000000 0.333554 0.000000 0.942731 0.600000 0.600000 0.600000
2816.955322 0.000000 802.542725 0.000000 0.976961 0.000000 0.213418 0.600000 0.600000 0.600000
2833.950684 0.000000 820.743347 0.000000 0.836220 0.000000 0.548395 0.600000 0.600000 0.600000
2815.375488 0.000000 805.850220 0.000000 0.198764 0.000000 0.980047 0.600000 0.600000 0.600000
2828.976807 0.000000 805.552795 0.000000 0.434252 0.000000 0.900791 0.600000 0.600000 0.600000
2823.617920 0.000000 811.115540 0.000000 0.590738 0.000000 0.806863 0.600000 0.600000 0.600000
2819.531006 0.000000 819.566711 0.000000 0.776093 0.000000 -0.630619 0.600000 0.600000 0.600000
2825.495117 0.000000 801.422546 0.000000 0.772841 0.000000 0.634600 0.600000 0.600000 0.600000
2822.124512 0.000000 829.610107 0.000000 0.136230 0.000000 -0.990677 0.600000 0.600000 0.600000
2834.926514 0.000000 823.952087 0.000000 0.743950 0.000000 -0.668235 0.600000 0.600000 0.600000
2844.069580 0.000000 830.769104 0.000000 0.490964 0.000000 0.871180 0.600000 0.600000 0.600000
2819.356201 0.000000 800.276428 0.000000 0.354910 0.000000 -0.934900 0.600000 0.600000 0.600000
2818.258301 0.000000 803.554565 0.000000 0.882888 0.000000 -0.469583 0.600000 0.600000 0.600000
2839.571289 0.000000 817.524414 0.000000 0.500621 0.000000 -0.865667 0.600000 0.600000 0.600000
2822.891602 0.000000 806.920898 0.000000 0.375994 0.000000 0.926622 0.600000 0.600000 0.600000
2815.580811 0.000000 799.682495 0.000000 0.502434 0.000000 -0.864616 0.600000 0.600000 0.600000
2819.924561 0.000000 803.056885 0.000000 0.292728 0.000000 0.956196 0.600000 0.600000 0.600000
2825.856445 0.000000 805.490356 0.000000 0.378555 0.000000 0.925579 0.600000 0.600000 0.600000
2820.056152 0.000000 806.250183 0.000000 0.434215 0.000000 0.900809 0.600000 0.600000 0.600000
2832.662354 0.000000 821.678467 0.000000 0.488989 0.000000 0.872290 0.600000 0.600000 0.600000
2842.745605 0.000000 823.922729 0.000000 0.945406 0.000000 0.325895 0.600000 0.600000 0.600000
2831.691895 0.000000 818.621155 0.000000 0.946213 0.000000 -0.323543 0.600000 0.600000 0.600000
2826.446045 0.000000 803.544556 0.000000 0.599434 0.000000 -0.800424 0.600000 0.600000 0.600000
2827.992432 0.000000 803.298401 0.000000 0.767118 0.000000 0.641506 0.600000 0.600000 0.600000
2832.701172 0.000000 806.477112 0.000000 0.999996 0.000000 -0.002838 0.600000 0.600000 0.600000
2833.540527 0.000000 819.477112 0.000000 0.023522 0.000000 -0.999723 0.600000 0.600000 0.600000
2826.759521 0.000000 800.973083 0.000000 0.664032 0.000000 0.747704 0.600000 0.600000 0.600000
2817.562988 0.000000 801.490051 0.000000 0.996786 0.000000 0.080106 0.600000 0.600000 0.600000
2845.096436 0.000000 831.363159 0.000000 0.779523 0.000000 0.626373 0.600000 0.600000 0.600000
2834.858643 0.000000 821.502625 0.000000 0.128578 0.000000 -0.991699 0.600000 0.600000 0.600000
2834.963379 0.000000 820.376587 0.000000 0.758149 0.000000 -0.652081 0.600000 0.600000 0.600000
2827.790039 0.000000 801.497986 0.000000 0.231638 0.000000 0.972802 0.600000 0.600000 0.600000
2834.308838 0.000000 818.793640 0.000000 0.903303 0.000000 0.429002 0.600000 0.600000 0.600000
2832.658447 0.000000 818.920227 0.000000 0.365289 0.000000 -0.930894 0.600000 0.600000 0.600000
2861.488281 0.000000 803.439209 0.000000 0.992238 0.000000 -0.124350 0.600000 0.600000 0.600000
2865.904297 0.000000 822.562195 0.000000 0.016999 0.000000 -0.999856 0.600000 0.600000 0.600000
2867.464355 0.000000 830.570251 0.000000 0.233015 0.000000 -0.972473 0.600000 0.600000 0.600000
2858.092529 0.000000 799.784546 0.000000 0.455256 0.000000 -0.890361 0.600000 0.600000 0.600000
2877.530518 0.000000 821.508301 0.000000 0.285645 0.000000 -0.958336 0.600000 0.600000 0.600000
2870.247559 0.000000 821.253906 0.000000 0.995695 0.000000 0.092690 0.600000 0.600000 0.600000
2857.124756 0.000000 804.118530 0.000000 0.999032 0.000000 -0.043993 0.600000 0.600000 0.600000
2870.371826 0.000000 814.747986 0.000000 0.696693 0.000000 0.717369 0.600000 0.600000 0.600000
2873.639160 0.000000 822.763000 0.000000 0.800989 0.000000 -0.598679 0.600000 0.600000 0.600000
2867.225342 0.000000 819.323547 0.000000 0.919564 0.000000 0.392940 0.600000 0.600000 0.600000
2866.777588 0.000000 825.796997 0.000000 0.998862 0.000000 0.047695 0.600000 0.600000 0.600000
2858.668945 0.000000 806.766113 0.000000 0.998834 0.000000 0.048266 0.600000 0.600000 0.600000
2862.056885 0.000000 800.469238 0.000000 0.899604 0.000000 -0.436707 0.600000 0.600000 0.600000
2878.016602 0.000000 810.017456 0.000000 0.163241 0.000000 0.986586 0.600000 0.600000 0.600000
2847.356201 0.000000 830.137756 0.000000 0.695058 0.000000 0.718954 0.600000 0.600000 0.600000
2864.429688 0.000000 830.176514 0.000000 0.956650 0.000000 0.291240 0.600000 0.600000 0.600000
2857.243408 0.000000 810.345032 0.000000 0.972207 0.000000 0.234123 0.600000 0.600000 0.600000
2871.424072 0.000000 823.702698 0.000000 0.903346 0.000000 0.428912 0.600000 0.600000 0.600000
2859.449707 0.000000 804.568481 0.000000 0.661224 0.000000 0.750188 0.600000 0.600000 0.600000
2864.518799 0.000000 825.600220 0.000000 0.260042 0.000000 -0.965597 0.600000 0.600000 0.600000
2872.253418 0.000000 815.947510 0.000000 0.940000 0.000000 0.341174 0.600000 0.600000 0.600000
2867.982910 0.000000 821.365417 0.000000 0.992014 0.000000 0.126131 0.600000 0.600000 0.600000
2860.033936 0.000000 800.438660 0.000000 0.993759 0.000000 -0.111545 0.600000 0.600000 0.600000
2857.695557 0.000000 808.527710 0.000000 0.856198 0.000000 0.516647 0.600000 0.600000 0.600000
2878.631104 0.000000 811.763245 0.000000 0.992883 0.000000 0.119091 0.600000 0.600000 0.600000
2872.729004 0.000000 831.589233 0.000000 0.019540 0.000000 0.999809 0.600000 0.600000 0.600000
2860.817871 0.000000 801.880737 0.000000 0.929470 0.000000 -0.368898 0.600000 0.600000 0.600000
2871.563477 0.000000 817.524414 0.000000 0.894110 0.000000 0.447848 0.600000 0.600000 0.600000
2871.156982 0.000000 830.702454 0.000000 1.000000 0.000000 -0.000337 0.600000 0.600000 0.600000
2858.438232 0.000000 803.544556 0.000000 0.154760 0.000000 -0.987952 0.600000 0.600000 0.600000
2876.693359 0.000000 820.334167 0.000000 0.464027 0.000000 0.885821 0.600000 0.600000 0.600000
2859.984619 0.000000 803.298401 0.000000 0.507165 0.000000 0.861849 0.600000 0.600000 0.600000
2869.036133 0.000000 821.995911 0.000000 0.508523 0.000000 -0.861048 0.600000 0.600000 0.600000
2868.106689 0.000000 820.120972 0.000000 0.806922 0.000000 0.590658 0.600000 0.600000 0.600000
2866.850830 0.000000 821.502625 0.000000 0.891932 0.000000 -0.452170 0.600000 0.600000 0.600000
2866.955566 0.000000 820.376587 0.000000 0.576674 0.000000 0.816974 0.600000 0.600000 0.600000
2861.101807 0.000000 800.882935 0.000000 0.902031 0.000000 0.431671 0.600000 0.600000 0.600000
2889.778564 0.000000 797.140930 0.000000 0.798220 0.000000 -0.602366 0.600000 0.600000 0.600000
2887.484375 0.000000 798.686279 0.000000 0.918366 0.000000 -0.395732 0.600000 0.600000 0.600000
2891.895264 0.000000 797.658142 0.000000 0.871515 0.000000 0.490369 0.600000 0.600000 0.600000
2889.032227 0.000000 798.540344 0.000000 0.981870 0.000000 -0.189556 0.600000 0.600000 0.600000
2903.434082 0.000000 810.577209 0.000000 0.919297 0.000000 0.393565 0.600000 0.600000 0.600000
2893.480469 0.000000 803.439209 0.000000 0.780064 0.000000 -0.625699 0.600000 0.600000 0.600000
2884.989258 0.000000 800.000916 0.000000 0.245753 0.000000 0.969333 0.600000 0.600000 0.600000
2899.456543 0.000000 830.570251 0.000000 0.661432 0.000000 -0.750005 0.600000 0.600000 0.600000
2887.831055 0.000000 808.314758 0.000000 0.378786 0.000000 0.925484 0.600000 0.600000 0.600000
2890.084717 0.000000 799.784546 0.000000 0.783078 0.000000 -0.621924 0.600000 0.600000 0.600000
2883.577393 0.000000 824.537109 0.000000 0.885317 0.000000 -0.464988 0.600000 0.600000 0.600000
2879.412842 0.000000 812.044556 0.000000 0.635082 0.000000 0.772445 0.600000 0.600000 0.600000
2879.654297 0.000000 816.687256 0.000000 0.697061 0.000000 0.717012 0.600000 0.600000 0.600000
2891.130859 0.000000 824.810730 0.000000 0.526589 0.000000 0.850120 0.600000 0.600000 0.600000
2902.239746 0.000000 821.253906 0.000000 0.640755 0.000000 0.767746 0.600000 0.600000 0.600000
2887.398926 0.000000 812.898926 0.000000 0.239438 0.000000 -0.970912 0.600000 0.600000 0.600000
2886.010010 0.000000 827.826416 0.000000 0.786357 0.000000 0.617773 0.600000 0.600000 0.600000
2899.259766 0.000000 812.397095 0.000000 0.639652 0.000000 0.768665 0.600000 0.600000 0.600000
2889.108398 0.000000 818.713745 0.000000 0.327860 0.000000 0.944726 0.600000 0.600000 0.600000
2906.054199 0.000000 814.716248 0.000000 0.934947 0.000000 0.354786 0.600000 0.600000 0.600000
2901.903076 0.000000 817.799011 0.000000 0.879212 0.000000 -0.476432 0.600000 0.600000 0.600000
2887.594238 0.000000 801.484619 0.000000 0.983929 0.000000 -0.178562 0.600000 0.600000 0.600000
2888.336426 0.000000 825.824890 0.000000 0.228287 0.000000 0.973594 0.600000 0.600000 0.600000
2881.923340 0.000000 818.620178 0.000000 0.286588 0.000000 0.958054 0.600000 0.600000 0.600000
2907.641357 0.000000 819.402100 0.000000 0.902289 0.000000 -0.431131 0.600000 0.600000 0.600000
2901.768555 0.000000 828.713135 0.000000 0.678791 0.000000 0.734332 0.600000 0.600000 0.600000
2900.599854 0.000000 823.520569 0.000000 0.845087 0.000000 0.534629 0.600000 0.600000 0.600000
2905.520508 0.000000 812.156555 0.000000 0.958247 0.000000 0.285941 0.600000 0.600000 0.600000
2891.998779 0.000000 817.969543 0.000000 0.594718 0.000000 0.803934 0.600000 0.600000 0.600000
2881.977539 0.000000 811.768555 0.000000 0.621762 0.000000 -0.783206 0.600000 0.600000 0.600000
2884.882324 0.000000 812.140869 0.000000 0.275503 0.000000 -0.961300 0.600000 0.600000 0.600000
2889.235596 0.000000 810.345032 0.000000 0.275538 0.000000 0.961290 0.600000 0.600000 0.600000
2898.287842 0.000000 828.312805 0.000000 0.996726 0.000000 -0.080851 0.600000 0.600000 0.600000
2886.288086 0.000000 824.432800 0.000000 0.570650 0.000000 0.821193 0.600000 0.600000 0.600000
2897.440674 0.000000 807.881104 0.000000 0.508344 0.000000 -0.861154 0.600000 0.600000 0.600000
2895.644043 0.000000 802.629578 0.000000 0.890666 0.000000 -0.454659 0.600000 0.600000 0.600000
2879.314453 0.000000 819.004639 0.000000 0.573439 0.000000 -0.819248 0.600000 0.600000 0.600000
2885.599365 0.000000 814.421753 0.000000 0.423382 0.000000 -0.905951 0.600000 0.600000 0.600000
2904.245605 0.000000 815.947510 0.000000 0.424559 0.000000 0.905400 0.600000 0.600000 0.600000
2889.182617 0.000000 823.772095 0.000000 0.043168 0.000000 0.999068 0.600000 0.600000 0.600000
2889.069824 0.000000 816.667969 0.000000 0.635250 0.000000 0.772307 0.600000 0.600000 0.600000
2907.183105 0.000000 817.250000 0.000000 0.052446 0.000000 0.998624 0.600000 0.600000 0.600000
2901.565918 0.000000 830.982544 0.000000 0.502864 0.000000 -0.864365 0.600000 0.600000 0.600000
2890.799805 0.000000 819.873474 0.000000 0.842963 0.000000 0.537971 0.600000 0.600000 0.600000
2904.144531 0.000000 813.796814 0.000000 0.195379 0.000000 0.980728 0.600000 0.600000 0.600000
2888.062744 0.000000 799.610474 0.000000 0.698421 0.000000 0.715687 0.600000 0.600000 0.600000
2881.505371 0.000000 816.113098 0.000000 0.982568 0.000000 0.185903 0.600000 0.600000 0.600000
2887.318848 0.000000 803.384827 0.000000 0.717570 0.000000 0.696486 0.600000 0.600000 0.600000
2889.687744 0.000000 808.527710 0.000000 0.281069 0.000000 -0.959688 0.600000 0.600000 0.600000
2885.550537 0.000000 826.047485 0.000000 0.211770 0.000000 -0.977320 0.600000 0.600000 0.600000
2903.555664 0.000000 817.524414 0.000000 0.142242 0.000000 0.989832 0.600000 0.600000 0.600000
2899.916748 0.000000 829.066406 0.000000 0.969928 0.000000 0.243392 0.600000 0.600000 0.600000
2886.501709 0.000000 800.391418 0.000000 0.806372 0.000000 0.591409 0.600000 0.600000 0.600000
2895.552734 0.000000 800.255798 0.000000 0.795200 0.000000 0.606347 0.600000 0.600000 0.600000
2885.983398 0.000000 813.020874 0.000000 0.482022 0.000000 -0.876159 0.600000 0.600000 0.600000
2884.499512 0.000000 813.461487 0.000000 0.022113 0.000000 0.999755 0.600000 0.600000 0.600000
2907.049805 0.000000 815.713501 0.000000 0.247643 0.000000 0.968851 0.600000 0.600000 0.600000
2896.685547 0.000000 806.477112 0.000000 0.466042 0.000000 0.884762 0.600000 0.600000 0.600000
2897.243652 0.000000 809.212402 0.000000 0.851561 0.000000 0.524256 0.600000 0.600000 0.600000
2901.201904 0.000000 814.498108 0.000000 0.452163 0.000000 -0.891935 0.600000 0.600000 0.600000
2906.261475 0.000000 817.881592 0.000000 0.847199 0.000000 0.531275 0.600000 0.600000 0.600000
2842.836670 0.000000 831.969971 0.000000 0.342423 0.000000 0.939546 0.600000 0.600000 0.600000
2836.803711 0.000000 835.564514 0.000000 0.098326 0.000000 -0.995154 0.600000 0.600000 0.600000
2833.059814 0.000000 831.873169 0.000000 0.674769 0.000000 -0.738029 0.600000 0.600000 0.600000
2826.100342 0.000000 831.768921 0.000000 0.172332 0.000000 0.985039 0.600000 0.600000 0.600000
2825.132568 0.000000 836.102905 0.000000 0.487349 0.000000 0.873207 0.600000 0.600000 0.600000
2840.189941 0.000000 838.331604 0.000000 0.948269 0.000000 0.317467 0.600000 0.600000 0.600000
2836.082031 0.000000 839.796509 0.000000 0.923022 0.000000 -0.384748 0.600000 0.600000 0.600000
2826.676758 0.000000 838.750488 0.000000 0.993518 0.000000 -0.113677 0.600000 0.600000 0.600000
2818.708740 0.000000 833.935242 0.000000 0.545827 0.000000 0.837898 0.600000 0.600000 0.600000
2836.028809 0.000000 832.627380 0.000000 0.944076 0.000000 -0.329728 0.600000 0.600000 0.600000
2837.627686 0.000000 837.920044 0.000000 0.968083 0.000000 -0.250631 0.600000 0.600000 0.600000
2817.399170 0.000000 832.218628 0.000000 0.819628 0.000000 -0.572897 0.600000 0.600000 0.600000
2844.498535 0.000000 832.577881 0.000000 0.848943 0.000000 -0.528485 0.600000 0.600000 0.600000
2840.814697 0.000000 836.677002 0.000000 0.234743 0.000000 0.972057 0.600000 0.600000 0.600000
2819.356201 0.000000 832.260803 0.000000 0.942725 0.000000 -0.333570 0.600000 0.600000 0.600000
2820.136230 0.000000 833.580688 0.000000 0.203521 0.000000 -0.979071 0.600000 0.600000 0.600000
2839.916992 0.000000 839.729248 0.000000 0.554643 0.000000 0.832088 0.600000 0.600000 0.600000
2839.007080 0.000000 837.538818 0.000000 0.957711 0.000000 0.287731 0.600000 0.600000 0.600000
2837.783691 0.000000 836.541748 0.000000 0.975758 0.000000 0.218851 0.600000 0.600000 0.600000
2838.708008 0.000000 838.889404 0.000000 0.123062 0.000000 -0.992399 0.600000 0.600000 0.600000
2836.621826 0.000000 837.093750 0.000000 0.090447 0.000000 0.995901 0.600000 0.600000 0.600000
2845.091553 0.000000 831.620422 0.000000 0.979266 0.000000 0.202579 0.600000 0.600000 0.600000
2875.622070 0.000000 857.764221 0.000000 0.948252 0.000000 0.317520 0.600000 0.600000 0.600000
2848.292969 0.000000 853.093689 0.000000 0.966408 0.000000 -0.257013 0.600000 0.600000 0.600000
2873.150879 0.000000 850.005737 0.000000 0.696843 0.000000 -0.717224 0.600000 0.600000 0.600000
2847.493408 0.000000 833.238220 0.000000 0.099264 0.000000 -0.995061 0.600000 0.600000 0.600000
2865.052002 0.000000 831.873169 0.000000 0.406083 0.000000 0.913836 0.600000 0.600000 0.600000
2877.530518 0.000000 853.492676 0.000000 0.861529 0.000000 -0.507708 0.600000 0.600000 0.600000
2851.585205 0.000000 856.521484 0.000000 0.107991 0.000000 -0.994152 0.600000 0.600000 0.600000
2870.247559 0.000000 853.238281 0.000000 0.870295 0.000000 -0.492530 0.600000 0.600000 0.600000
2872.182129 0.000000 838.331604 0.000000 0.774138 0.000000 0.633017 0.600000 0.600000 0.600000
2847.555664 0.000000 857.145569 0.000000 0.172007 0.000000 0.985096 0.600000 0.600000 0.600000
2871.077881 0.000000 832.305908 0.000000 0.300298 0.000000 -0.953845 0.600000 0.600000 0.600000
2861.556641 0.000000 863.070862 0.000000 0.626409 0.000000 0.779495 0.600000 0.600000 0.600000
2877.134033 0.000000 834.782043 0.000000 0.231527 0.000000 0.972829 0.600000 0.600000 0.600000
2873.744385 0.000000 835.242920 0.000000 0.385499 0.000000 0.922708 0.600000 0.600000 0.600000
2866.777588 0.000000 857.781372 0.000000 0.012002 0.000000 -0.999928 0.600000 0.600000 0.600000
2851.433105 0.000000 853.334167 0.000000 0.905777 0.000000 0.423755 0.600000 0.600000 0.600000
2864.135986 0.000000 852.022522 0.000000 0.805367 0.000000 -0.592776 0.600000 0.600000 0.600000
2875.649170 0.000000 851.386475 0.000000 0.235828 0.000000 0.971795 0.600000 0.600000 0.600000
2868.607666 0.000000 855.504944 0.000000 0.722137 0.000000 -0.691750 0.600000 0.600000 0.600000
2850.095703 0.000000 863.552979 0.000000 0.256731 0.000000 0.966483 0.600000 0.600000 0.600000
2849.760498 0.000000 858.297485 0.000000 0.999974 0.000000 -0.007256 0.600000 0.600000 0.600000
2849.433594 0.000000 855.268127 0.000000 0.411277 0.000000 -0.911510 0.600000 0.600000 0.600000
2876.136719 0.000000 855.435059 0.000000 0.998261 0.000000 -0.058957 0.600000 0.600000 0.600000
2862.665771 0.000000 853.684937 0.000000 0.343679 0.000000 0.939087 0.600000 0.600000 0.600000
2874.650146 0.000000 837.224792 0.000000 0.444347 0.000000 -0.895855 0.600000 0.600000 0.600000
2875.446045 0.000000 853.466980 0.000000 0.090449 0.000000 0.995901 0.600000 0.600000 0.600000
2862.350342 0.000000 851.374573 0.000000 0.999850 0.000000 -0.017317 0.600000 0.600000 0.600000
2849.939209 0.000000 852.425232 0.000000 0.429247 0.000000 -0.903187 0.600000 0.600000 0.600000
2872.806885 0.000000 836.677002 0.000000 0.826899 0.000000 0.562351 0.600000 0.600000 0.600000
2849.049561 0.000000 862.235168 0.000000 0.581370 0.000000 -0.813639 0.600000 0.600000 0.600000
2866.390869 0.000000 832.848694 0.000000 0.299783 0.000000 0.954007 0.600000 0.600000 0.600000
2869.996582 0.000000 854.784668 0.000000 0.217409 0.000000 -0.976081 0.600000 0.600000 0.600000
2877.626221 0.000000 855.811646 0.000000 0.178627 0.000000 -0.983917 0.600000 0.600000 0.600000
2863.684082 0.000000 850.605530 0.000000 0.376728 0.000000 0.926324 0.600000 0.600000 0.600000
2849.984131 0.000000 853.972656 0.000000 0.984424 0.000000 -0.175808 0.600000 0.600000 0.600000
2848.673584 0.000000 856.369873 0.000000 0.264993 0.000000 0.964250 0.600000 0.600000 0.600000
2848.798584 0.000000 854.208069 0.000000 0.018364 0.000000 0.999831 0.600000 0.600000 0.600000
2876.472412 0.000000 854.188599 0.000000 0.977191 0.000000 0.212364 0.600000 0.600000 0.600000
2877.840332 0.000000 854.667603 0.000000 0.331890 0.000000 0.943318 0.600000 0.600000 0.600000
2841.158691 0.000000 881.990112 0.000000 0.628146 0.000000 0.778095 0.600000 0.600000 0.600000
2818.093506 0.000000 892.848938 0.000000 0.084323 0.000000 0.996439 0.600000 0.600000 0.600000
2819.395752 0.000000 878.235840 0.000000 0.498041 0.000000 0.867154 0.600000 0.600000 0.600000
2823.531982 0.000000 886.251221 0.000000 0.228494 0.000000 -0.973545 0.600000 0.600000 0.600000
2844.944336 0.000000 876.870422 0.000000 0.827052 0.000000 -0.562126 0.600000 0.600000 0.600000
2828.795410 0.000000 884.475220 0.000000 0.982669 0.000000 -0.185369 0.600000 0.600000 0.600000
2845.584961 0.000000 893.931091 0.000000 0.994151 0.000000 -0.107996 0.600000 0.600000 0.600000
2820.998291 0.000000 882.476868 0.000000 0.961486 0.000000 0.274854 0.600000 0.600000 0.600000
2823.414551 0.000000 876.867676 0.000000 0.438805 0.000000 -0.898582 0.600000 0.600000 0.600000
2829.698730 0.000000 871.230347 0.000000 0.695391 0.000000 -0.718632 0.600000 0.600000 0.600000
2842.069824 0.000000 878.684998 0.000000 0.746181 0.000000 0.665743 0.600000 0.600000 0.600000
2826.676758 0.000000 870.734863 0.000000 0.412026 0.000000 -0.911172 0.600000 0.600000 0.600000
2837.918701 0.000000 881.767761 0.000000 0.616380 0.000000 0.787449 0.600000 0.600000 0.600000
2815.364014 0.000000 894.106506 0.000000 0.751492 0.000000 -0.659743 0.600000 0.600000 0.600000
2832.143799 0.000000 884.006897 0.000000 0.999589 0.000000 0.028673 0.600000 0.600000 0.600000
2846.393066 0.000000 889.114746 0.000000 0.818948 0.000000 -0.573868 0.600000 0.600000 0.600000
2820.493164 0.000000 894.419617 0.000000 0.774865 0.000000 -0.632127 0.600000 0.600000 0.600000
2817.993164 0.000000 875.737305 0.000000 0.310683 0.000000 0.950514 0.600000 0.600000 0.600000
2844.461426 0.000000 879.567932 0.000000 0.492094 0.000000 -0.870542 0.600000 0.600000 0.600000
2819.395752 0.000000 880.664856 0.000000 0.763368 0.000000 -0.645964 0.600000 0.600000 0.600000
2835.890625 0.000000 878.650879 0.000000 0.616631 0.000000 0.787253 0.600000 0.600000 0.600000
2832.526611 0.000000 889.568970 0.000000 0.999926 0.000000 -0.012164 0.600000 0.600000 0.600000
2828.437256 0.000000 886.764771 0.000000 0.330488 0.000000 0.943810 0.600000 0.600000 0.600000
2840.261230 0.000000 879.916260 0.000000 0.476254 0.000000 0.879308 0.600000 0.600000 0.600000
2835.990723 0.000000 885.334167 0.000000 0.895589 0.000000 0.444883 0.600000 0.600000 0.600000
2830.673584 0.000000 885.669312 0.000000 0.072448 0.000000 -0.997372 0.600000 0.600000 0.600000
2827.955322 0.000000 872.550903 0.000000 0.845393 0.000000 -0.534145 0.600000 0.600000 0.600000
2825.085449 0.000000 880.636719 0.000000 0.998202 0.000000 0.059940 0.600000 0.600000 0.600000
2839.397705 0.000000 883.297058 0.000000 0.814059 0.000000 -0.580783 0.600000 0.600000 0.600000
2824.687500 0.000000 884.751770 0.000000 0.522069 0.000000 -0.852903 0.600000 0.600000 0.600000
2821.112305 0.000000 884.362915 0.000000 0.827469 0.000000 -0.561512 0.600000 0.600000 0.600000
2830.358154 0.000000 883.358948 0.000000 0.139669 0.000000 0.990198 0.600000 0.600000 0.600000
2833.950684 0.000000 884.712097 0.000000 0.365771 0.000000 0.930705 0.600000 0.600000 0.600000
2832.182617 0.000000 887.048523 0.000000 0.411862 0.000000 -0.911246 0.600000 0.600000 0.600000
2834.926514 0.000000 887.920837 0.000000 0.964519 0.000000 0.264014 0.600000 0.600000 0.600000
2841.768311 0.000000 880.479736 0.000000 0.699022 0.000000 0.715100 0.600000 0.600000 0.600000
2832.662354 0.000000 885.647217 0.000000 0.296574 0.000000 -0.955010 0.600000 0.600000 0.600000
2823.719482 0.000000 887.848328 0.000000 0.172130 0.000000 0.985074 0.600000 0.600000 0.600000
2823.234863 0.000000 878.316711 0.000000 0.827264 0.000000 0.561813 0.600000 0.600000 0.600000
2844.204590 0.000000 878.135132 0.000000 0.683329 0.000000 0.730111 0.600000 0.600000 0.600000
2843.065430 0.000000 879.682251 0.000000 0.814558 0.000000 0.580082 0.600000 0.600000 0.600000
2835.278076 0.000000 886.583801 0.000000 0.997724 0.000000 -0.067430 0.600000 0.600000 0.600000
2840.750000 0.000000 883.234009 0.000000 0.141688 0.000000 -0.989911 0.600000 0.600000 0.600000
2820.773193 0.000000 892.087708 0.000000 0.220177 0.000000 0.975460 0.600000 0.600000 0.600000
2835.203369 0.000000 879.800537 0.000000 0.692958 0.000000 0.720978 0.600000 0.600000 0.600000
2826.865723 0.000000 871.970764 0.000000 0.296405 0.000000 -0.955062 0.600000 0.600000 0.600000
2830.025879 0.000000 884.595642 0.000000 0.896278 0.000000 -0.443493 0.600000 0.600000 0.600000
2829.223145 0.000000 872.431091 0.000000 0.733723 0.000000 0.679449 0.600000 0.600000 0.600000
2837.217529 0.000000 878.466858 0.000000 0.813789 0.000000 0.581161 0.600000 0.600000 0.600000
2820.928711 0.000000 893.275879 0.000000 0.009836 0.000000 0.999952 0.600000 0.600000 0.600000
2834.858643 0.000000 885.471375 0.000000 0.306887 0.000000 -0.951746 0.600000 0.600000 0.600000
2836.404785 0.000000 879.686584 0.000000 0.182268 0.000000 -0.983249 0.600000 0.600000 0.600000
2831.689453 0.000000 885.073853 0.000000 0.887558 0.000000 -0.460696 0.600000 0.600000 0.600000
2842.277100 0.000000 881.850342 0.000000 0.514745 0.000000 -0.857343 0.600000 0.600000 0.600000
2843.195312 0.000000 878.588989 0.000000 0.072685 0.000000 -0.997355 0.600000 0.600000 0.600000
2828.095215 0.000000 873.644897 0.000000 0.855343 0.000000 0.518062 0.600000 0.600000 0.600000
2834.963379 0.000000 884.345337 0.000000 0.108279 0.000000 0.994120 0.600000 0.600000 0.600000
2843.838379 0.000000 880.409668 0.000000 0.452288 0.000000 -0.891872 0.600000 0.600000 0.600000
2871.441895 0.000000 874.545959 0.000000 0.923841 0.000000 -0.382777 0.600000 0.600000 0.600000
2875.622070 0.000000 889.748596 0.000000 0.511126 0.000000 -0.859506 0.600000 0.600000 0.600000
2858.790039 0.000000 879.289368 0.000000 0.739608 0.000000 -0.673038 0.600000 0.600000 0.600000
2852.997070 0.000000 863.969666 0.000000 0.569155 0.000000 0.822231 0.600000 0.600000 0.600000
2855.524170 0.000000 886.251221 0.000000 0.751861 0.000000 0.659321 0.600000 0.600000 0.600000
2868.795898 0.000000 867.548889 0.000000 0.399643 0.000000 0.916671 0.600000 0.600000 0.600000
2865.977783 0.000000 880.138489 0.000000 0.293705 0.000000 -0.955896 0.600000 0.600000 0.600000
2860.787598 0.000000 884.475220 0.000000 0.872304 0.000000 -0.488964 0.600000 0.600000 0.600000
2852.144043 0.000000 868.698120 0.000000 0.205580 0.000000 -0.978640 0.600000 0.600000 0.600000
2859.812500 0.000000 874.740356 0.000000 0.445901 0.000000 0.895082 0.600000 0.600000 0.600000
2870.247559 0.000000 885.222656 0.000000 0.565514 0.000000 -0.824739 0.600000 0.600000 0.600000
2857.124756 0.000000 868.087280 0.000000 0.538804 0.000000 -0.842431 0.600000 0.600000 0.600000
2870.371826 0.000000 878.716736 0.000000 0.290680 0.000000 -0.956820 0.600000 0.600000 0.600000
2855.406738 0.000000 876.867676 0.000000 0.988839 0.000000 -0.148987 0.600000 0.600000 0.600000
2847.555664 0.000000 889.129944 0.000000 0.794839 0.000000 0.606820 0.600000 0.600000 0.600000
2865.065430 0.000000 869.147766 0.000000 0.964608 0.000000 -0.263687 0.600000 0.600000 0.600000
2857.116211 0.000000 882.682495 0.000000 0.466912 0.000000 -0.884304 0.600000 0.600000 0.600000
2871.077881 0.000000 864.290283 0.000000 0.800595 0.000000 0.599206 0.600000 0.600000 0.600000
2873.639160 0.000000 886.731750 0.000000 0.966688 0.000000 0.255958 0.600000 0.600000 0.600000
2850.700928 0.000000 865.919617 0.000000 0.651092 0.000000 -0.758999 0.600000 0.600000 0.600000
2852.485352 0.000000 894.419617 0.000000 0.855154 0.000000 -0.518373 0.600000 0.600000 0.600000
2855.492188 0.000000 894.639404 0.000000 0.110726 0.000000 -0.993851 0.600000 0.600000 0.600000
2858.335693 0.000000 885.883606 0.000000 0.768916 0.000000 0.639349 0.600000 0.600000 0.600000
2859.045898 0.000000 866.227356 0.000000 0.893446 0.000000 0.449171 0.600000 0.600000 0.600000
2873.528320 0.000000 876.125305 0.000000 0.297462 0.000000 -0.954734 0.600000 0.600000 0.600000
2852.890137 0.000000 876.109619 0.000000 0.990524 0.000000 0.137342 0.600000 0.600000 0.600000
2849.760498 0.000000 890.281860 0.000000 0.800975 0.000000 -0.598697 0.600000 0.600000 0.600000
2851.387939 0.000000 880.664856 0.000000 0.398009 0.000000 0.917382 0.600000 0.600000 0.600000
2871.424072 0.000000 887.671448 0.000000 0.048524 0.000000 0.998822 0.600000 0.600000 0.600000
2853.357666 0.000000 866.378967 0.000000 0.994173 0.000000 0.107795 0.600000 0.600000 0.600000
2866.546875 0.000000 873.911194 0.000000 0.951735 0.000000 0.306920 0.600000 0.600000 0.600000
2860.429443 0.000000 886.764771 0.000000 0.996278 0.000000 -0.086196 0.600000 0.600000 0.600000
2867.420898 0.000000 869.592712 0.000000 0.143521 0.000000 0.989647 0.600000 0.600000 0.600000
2872.253418 0.000000 879.916260 0.000000 0.172141 0.000000 0.985072 0.600000 0.600000 0.600000
2853.333496 0.000000 886.399109 0.000000 0.093429 0.000000 0.995626 0.600000 0.600000 0.600000
2861.636963 0.000000 889.776367 0.000000 0.974512 0.000000 0.224335 0.600000 0.600000 0.600000
2872.829590 0.000000 872.939392 0.000000 0.511915 0.000000 -0.859036 0.600000 0.600000 0.600000
2849.391357 0.000000 864.203003 0.000000 0.996805 0.000000 -0.079877 0.600000 0.600000 0.600000
2857.077637 0.000000 880.636719 0.000000 0.060374 0.000000 -0.998176 0.600000 0.600000 0.600000
2858.807617 0.000000 883.842224 0.000000 0.877992 0.000000 -0.478675 0.600000 0.600000 0.600000
2872.152344 0.000000 877.765564 0.000000 0.613975 0.000000 0.789326 0.600000 0.600000 0.600000
2870.064941 0.000000 866.038879 0.000000 0.856718 0.000000 0.515785 0.600000 0.600000 0.600000
2856.679688 0.000000 884.751770 0.000000 0.738033 0.000000 0.674765 0.600000 0.600000 0.600000
2849.513184 0.000000 880.081848 0.000000 0.132706 0.000000 0.991155 0.600000 0.600000 0.600000
2848.947510 0.000000 866.511475 0.000000 0.392490 0.000000 0.919756 0.600000 0.600000 0.600000
2866.740723 0.000000 868.005676 0.000000 0.855487 0.000000 0.517824 0.600000 0.600000 0.600000
2851.348389 0.000000 864.245178 0.000000 0.756337 0.000000 -0.654183 0.600000 0.600000 0.600000
2850.250488 0.000000 867.523315 0.000000 0.531361 0.000000 -0.847146 0.600000 0.600000 0.600000
2858.412354 0.000000 881.707092 0.000000 0.579135 0.000000 0.815232 0.600000 0.600000 0.600000
2871.156982 0.000000 894.671204 0.000000 0.995878 0.000000 0.090698 0.600000 0.600000 0.600000
2860.775879 0.000000 888.322449 0.000000 0.994675 0.000000 0.103060 0.600000 0.600000 0.600000
2873.408936 0.000000 874.438904 0.000000 0.645079 0.000000 -0.764116 0.600000 0.600000 0.600000
2851.916748 0.000000 867.025635 0.000000 0.761884 0.000000 -0.647714 0.600000 0.600000 0.600000
2851.305664 0.000000 876.634766 0.000000 0.931928 0.000000 -0.362643 0.600000 0.600000 0.600000
2878.095215 0.000000 880.114380 0.000000 0.794874 0.000000 -0.606774 0.600000 0.600000 0.600000
2855.711670 0.000000 887.848328 0.000000 0.736163 0.000000 -0.676804 0.600000 0.600000 0.600000
2850.004883 0.000000 877.669006 0.000000 0.978790 0.000000 -0.204867 0.600000 0.600000 0.600000
2859.760742 0.000000 880.481323 0.000000 0.890362 0.000000 0.455253 0.600000 0.600000 0.600000
2848.264893 0.000000 890.405579 0.000000 0.791463 0.000000 -0.611217 0.600000 0.600000 0.600000
2876.918457 0.000000 889.113647 0.000000 0.704768 0.000000 -0.709438 0.600000 0.600000 0.600000
2858.431885 0.000000 875.134644 0.000000 0.870604 0.000000 -0.491985 0.600000 0.600000 0.600000
2853.991211 0.000000 876.989624 0.000000 0.338499 0.000000 0.940967 0.600000 0.600000 0.600000
2860.980957 0.000000 882.956177 0.000000 0.998705 0.000000 0.050869 0.600000 0.600000 0.600000
2852.507324 0.000000 877.430237 0.000000 0.738615 0.000000 0.674127 0.600000 0.600000 0.600000
2864.693359 0.000000 870.445862 0.000000 0.798166 0.000000 0.602438 0.600000 0.600000 0.600000
2850.175781 0.000000 881.254150 0.000000 0.374944 0.000000 0.927047 0.600000 0.600000 0.600000
2865.251465 0.000000 873.181152 0.000000 0.802347 0.000000 0.596858 0.600000 0.600000 0.600000
2852.765381 0.000000 892.087708 0.000000 0.746376 0.000000 0.665524 0.600000 0.600000 0.600000
2861.331299 0.000000 885.611450 0.000000 0.991727 0.000000 -0.128367 0.600000 0.600000 0.600000
2849.555176 0.000000 865.458801 0.000000 0.629720 0.000000 -0.776822 0.600000 0.600000 0.600000
2872.502686 0.000000 875.258057 0.000000 0.131000 0.000000 -0.991382 0.600000 0.600000 0.600000
2868.881836 0.000000 866.143494 0.000000 0.994719 0.000000 0.102637 0.600000 0.600000 0.600000
2852.920898 0.000000 893.275879 0.000000 0.867064 0.000000 0.498196 0.600000 0.600000 0.600000
2848.324951 0.000000 864.446838 0.000000 0.916396 0.000000 -0.400272 0.600000 0.600000 0.600000
2861.778564 0.000000 882.171631 0.000000 0.855624 0.000000 -0.517598 0.600000 0.600000 0.600000
2850.348877 0.000000 864.717651 0.000000 0.113185 0.000000 0.993574 0.600000 0.600000 0.600000
2880.048340 0.000000 839.518738 0.000000 0.475955 0.000000 -0.879469 0.600000 0.600000 0.600000
2890.782227 0.000000 847.304993 0.000000 0.331145 0.000000 0.943580 0.600000 0.600000 0.600000
2893.480469 0.000000 835.423584 0.000000 0.804264 0.000000 -0.594272 0.600000 0.600000 0.600000
2896.190918 0.000000 842.046021 0.000000 0.837972 0.000000 0.545713 0.600000 0.600000 0.600000
2897.044189 0.000000 831.873169 0.000000 0.929437 0.000000 -0.368981 0.600000 0.600000 0.600000
2884.982666 0.000000 850.492493 0.000000 0.979718 0.000000 -0.200379 0.600000 0.600000 0.600000
2883.699463 0.000000 841.754150 0.000000 0.968843 0.000000 -0.247678 0.600000 0.600000 0.600000
2893.683105 0.000000 839.245972 0.000000 0.784707 0.000000 0.619866 0.600000 0.600000 0.600000
2889.108398 0.000000 850.698120 0.000000 0.929250 0.000000 0.369450 0.600000 0.600000 0.600000
2894.652588 0.000000 849.493042 0.000000 0.983499 0.000000 -0.180915 0.600000 0.600000 0.600000
2887.087646 0.000000 848.063354 0.000000 0.259067 0.000000 -0.965859 0.600000 0.600000 0.600000
2900.013184 0.000000 832.627380 0.000000 0.925453 0.000000 -0.378863 0.600000 0.600000 0.600000
2891.998779 0.000000 849.953918 0.000000 0.995229 0.000000 0.097571 0.600000 0.600000 0.600000
2881.977539 0.000000 843.752930 0.000000 0.772781 0.000000 -0.634673 0.600000 0.600000 0.600000
2880.469727 0.000000 841.879272 0.000000 0.975314 0.000000 -0.220821 0.600000 0.600000 0.600000
2895.644043 0.000000 834.613953 0.000000 0.850079 0.000000 0.526655 0.600000 0.600000 0.600000
2893.081299 0.000000 847.714111 0.000000 0.880769 0.000000 -0.473546 0.600000 0.600000 0.600000
2891.441895 0.000000 836.552856 0.000000 0.564291 0.000000 -0.825576 0.600000 0.600000 0.600000
2895.837646 0.000000 847.718689 0.000000 0.987083 0.000000 0.160211 0.600000 0.600000 0.600000
2892.961182 0.000000 837.537170 0.000000 0.458479 0.000000 -0.888705 0.600000 0.600000 0.600000
2894.479492 0.000000 847.180786 0.000000 0.516651 0.000000 -0.856196 0.600000 0.600000 0.600000
2892.039062 0.000000 846.819031 0.000000 0.739485 0.000000 0.673173 0.600000 0.600000 0.600000
2893.391846 0.000000 846.433594 0.000000 0.494074 0.000000 -0.869420 0.600000 0.600000 0.600000
2890.782227 0.000000 879.289368 0.000000 0.953815 0.000000 0.300395 0.600000 0.600000 0.600000
2882.077881 0.000000 892.848938 0.000000 0.454828 0.000000 -0.890579 0.600000 0.600000 0.600000
2887.831055 0.000000 872.283508 0.000000 0.929464 0.000000 0.368913 0.600000 0.600000 0.600000
2892.779785 0.000000 884.475220 0.000000 0.999293 0.000000 -0.037602 0.600000 0.600000 0.600000
2884.136230 0.000000 868.698120 0.000000 0.866270 0.000000 -0.499577 0.600000 0.600000 0.600000
2884.982666 0.000000 882.476868 0.000000 0.857241 0.000000 0.514915 0.600000 0.600000 0.600000
2883.577393 0.000000 888.505859 0.000000 0.997693 0.000000 0.067891 0.600000 0.600000 0.600000
2879.654297 0.000000 880.656006 0.000000 0.761894 0.000000 0.647702 0.600000 0.600000 0.600000
2887.398926 0.000000 876.867676 0.000000 0.869925 0.000000 -0.493184 0.600000 0.600000 0.600000
2886.010010 0.000000 891.795166 0.000000 0.699214 0.000000 0.714912 0.600000 0.600000 0.600000
2889.108398 0.000000 882.682495 0.000000 0.140134 0.000000 0.990133 0.600000 0.600000 0.600000
2898.769775 0.000000 889.765747 0.000000 0.462034 0.000000 0.886862 0.600000 0.600000 0.600000
2883.425293 0.000000 885.318542 0.000000 0.025814 0.000000 -0.999667 0.600000 0.600000 0.600000
2896.128174 0.000000 884.006897 0.000000 0.999665 0.000000 0.025862 0.600000 0.600000 0.600000
2885.227295 0.000000 871.289185 0.000000 0.464423 0.000000 -0.885614 0.600000 0.600000 0.600000
2881.977539 0.000000 875.737305 0.000000 0.148144 0.000000 0.988966 0.600000 0.600000 0.600000
2880.678467 0.000000 878.344727 0.000000 0.884768 0.000000 -0.466032 0.600000 0.600000 0.600000
2889.235596 0.000000 874.313782 0.000000 0.896890 0.000000 0.442253 0.600000 0.600000 0.600000
2881.752686 0.000000 890.281860 0.000000 0.444545 0.000000 0.895756 0.600000 0.600000 0.600000
2881.425781 0.000000 887.252502 0.000000 0.866593 0.000000 -0.499015 0.600000 0.600000 0.600000
2880.469727 0.000000 873.863647 0.000000 0.152510 0.000000 -0.988302 0.600000 0.600000 0.600000
2886.980225 0.000000 883.902527 0.000000 0.493191 0.000000 -0.869921 0.600000 0.600000 0.600000
2896.510986 0.000000 889.568970 0.000000 0.822061 0.000000 -0.569400 0.600000 0.600000 0.600000
2894.657959 0.000000 885.669312 0.000000 0.868703 0.000000 0.495334 0.600000 0.600000 0.600000
2889.069824 0.000000 880.636719 0.000000 0.151775 0.000000 0.988415 0.600000 0.600000 0.600000
2888.770264 0.000000 878.494934 0.000000 0.646448 0.000000 -0.762958 0.600000 0.600000 0.600000
2887.187256 0.000000 882.022156 0.000000 0.780792 0.000000 0.624791 0.600000 0.600000 0.600000
2880.939697 0.000000 866.511475 0.000000 0.865012 0.000000 -0.501752 0.600000 0.600000 0.600000
2885.550537 0.000000 890.016235 0.000000 0.998902 0.000000 -0.046848 0.600000 0.600000 0.600000
2882.555420 0.000000 891.497009 0.000000 0.703140 0.000000 -0.711051 0.600000 0.600000 0.600000
2880.644531 0.000000 875.288879 0.000000 0.933753 0.000000 -0.357917 0.600000 0.600000 0.600000
2888.748047 0.000000 877.154419 0.000000 0.998182 0.000000 -0.060268 0.600000 0.600000 0.600000
2888.305664 0.000000 879.657410 0.000000 0.051024 0.000000 -0.998697 0.600000 0.600000 0.600000
2889.571777 0.000000 879.535583 0.000000 0.321626 0.000000 -0.946867 0.600000 0.600000 0.600000
2889.925049 0.000000 878.344238 0.000000 0.584790 0.000000 0.811185 0.600000 0.600000 0.600000
2888.048828 0.000000 877.848816 0.000000 0.096445 0.000000 0.995338 0.600000 0.600000 0.600000
2833.912109 0.000000 918.515320 0.000000 0.928673 0.000000 0.370900 0.600000 0.600000 0.600000
2821.004883 0.000000 895.954041 0.000000 0.999379 0.000000 0.035237 0.600000 0.600000 0.600000
2823.846680 0.000000 904.267883 0.000000 0.869894 0.000000 0.493239 0.600000 0.600000 0.600000
2815.501221 0.000000 897.206970 0.000000 0.308187 0.000000 0.951326 0.600000 0.600000 0.600000
2825.132568 0.000000 900.071655 0.000000 0.569952 0.000000 0.821678 0.600000 0.600000 0.600000
2823.414551 0.000000 908.852051 0.000000 0.929144 0.000000 -0.369718 0.600000 0.600000 0.600000
2830.668213 0.000000 913.461792 0.000000 0.412322 0.000000 0.911038 0.600000 0.600000 0.600000
2830.659668 0.000000 919.889832 0.000000 0.915651 0.000000 -0.401973 0.600000 0.600000 0.600000
2818.708740 0.000000 897.903992 0.000000 0.160400 0.000000 -0.987052 0.600000 0.600000 0.600000
2832.143799 0.000000 915.991272 0.000000 0.939505 0.000000 0.342535 0.600000 0.600000 0.600000
2836.615479 0.000000 919.473694 0.000000 0.173389 0.000000 -0.984853 0.600000 0.600000 0.600000
2827.053711 0.000000 898.211731 0.000000 0.809818 0.000000 0.586681 0.600000 0.600000 0.600000
2828.014404 0.000000 913.922668 0.000000 0.454194 0.000000 0.890903 0.600000 0.600000 0.600000
2832.526611 0.000000 921.553345 0.000000 0.534284 0.000000 -0.845305 0.600000 0.600000 0.600000
2828.437256 0.000000 918.749146 0.000000 0.989333 0.000000 0.145673 0.600000 0.600000 0.600000
2829.644775 0.000000 921.760742 0.000000 0.327436 0.000000 0.944873 0.600000 0.600000 0.600000
2824.500732 0.000000 902.213562 0.000000 0.977115 0.000000 0.212711 0.600000 0.600000 0.600000
2817.399170 0.000000 896.187378 0.000000 0.841495 0.000000 -0.540265 0.600000 0.600000 0.600000
2824.785889 0.000000 910.479309 0.000000 0.080042 0.000000 -0.996791 0.600000 0.600000 0.600000
2846.464600 0.000000 915.629639 0.000000 0.372283 0.000000 -0.928119 0.600000 0.600000 0.600000
2818.308594 0.000000 901.145813 0.000000 0.705018 0.000000 -0.709190 0.600000 0.600000 0.600000
2830.358154 0.000000 915.343323 0.000000 0.998789 0.000000 0.049206 0.600000 0.600000 0.600000
2816.955322 0.000000 898.495850 0.000000 0.526773 0.000000 0.850006 0.600000 0.600000 0.600000
2832.182617 0.000000 919.032898 0.000000 0.427044 0.000000 -0.904231 0.600000 0.600000 0.600000
2834.926514 0.000000 919.905212 0.000000 0.071900 0.000000 0.997412 0.600000 0.600000 0.600000
2819.924561 0.000000 899.010010 0.000000 0.944254 0.000000 -0.329218 0.600000 0.600000 0.600000
2833.385742 0.000000 920.043335 0.000000 0.957765 0.000000 -0.287552 0.600000 0.600000 0.600000
2825.856445 0.000000 901.443481 0.000000 0.594468 0.000000 -0.804120 0.600000 0.600000 0.600000
2831.691895 0.000000 914.574280 0.000000 0.488007 0.000000 -0.872840 0.600000 0.600000 0.600000
2829.243164 0.000000 913.148926 0.000000 0.306216 0.000000 -0.951962 0.600000 0.600000 0.600000
2847.112305 0.000000 916.892822 0.000000 0.626084 0.000000 0.779755 0.600000 0.600000 0.600000
2835.278076 0.000000 918.568176 0.000000 0.092971 0.000000 -0.995669 0.600000 0.600000 0.600000
2824.763672 0.000000 909.138794 0.000000 0.017746 0.000000 0.999843 0.600000 0.600000 0.600000
2830.112793 0.000000 912.295227 0.000000 0.541151 0.000000 -0.840925 0.600000 0.600000 0.600000
2846.853516 0.000000 914.426270 0.000000 0.642939 0.000000 -0.765918 0.600000 0.600000 0.600000
2835.496094 0.000000 920.854675 0.000000 0.998073 0.000000 -0.062056 0.600000 0.600000 0.600000
2846.711426 0.000000 917.948486 0.000000 0.833036 0.000000 -0.553219 0.600000 0.600000 0.600000
2824.890381 0.000000 901.231506 0.000000 0.962933 0.000000 -0.269741 0.600000 0.600000 0.600000
2857.786377 0.000000 925.078430 0.000000 0.058112 0.000000 -0.998310 0.600000 0.600000 0.600000
2871.441895 0.000000 906.530334 0.000000 0.213969 0.000000 -0.976840 0.600000 0.600000 0.600000
2875.622070 0.000000 921.732971 0.000000 0.170794 0.000000 0.985307 0.600000 0.600000 0.600000
2848.292969 0.000000 917.062439 0.000000 0.852736 0.000000 -0.522342 0.600000 0.600000 0.600000
2865.904297 0.000000 918.515320 0.000000 0.940901 0.000000 -0.338682 0.600000 0.600000 0.600000
2855.524170 0.000000 918.235596 0.000000 0.529882 0.000000 -0.848071 0.600000 0.600000 0.600000
2868.795898 0.000000 899.533264 0.000000 0.730391 0.000000 0.683029 0.600000 0.600000 0.600000
2876.507324 0.000000 902.324158 0.000000 0.535112 0.000000 -0.844781 0.600000 0.600000 0.600000
2868.074219 0.000000 903.765259 0.000000 0.026888 0.000000 0.999638 0.600000 0.600000 0.600000
2862.771240 0.000000 909.687805 0.000000 0.893823 0.000000 -0.448420 0.600000 0.600000 0.600000
2857.116211 0.000000 914.666870 0.000000 0.884784 0.000000 -0.466001 0.600000 0.600000 0.600000
2873.639160 0.000000 918.716125 0.000000 0.996407 0.000000 -0.084694 0.600000 0.600000 0.600000
2877.134033 0.000000 898.750793 0.000000 0.039561 0.000000 0.999217 0.600000 0.600000 0.600000
2866.777588 0.000000 921.750122 0.000000 0.935944 0.000000 0.352149 0.600000 0.600000 0.600000
2862.056885 0.000000 896.422363 0.000000 0.578613 0.000000 0.815602 0.600000 0.600000 0.600000
2868.020996 0.000000 896.596130 0.000000 0.567410 0.000000 -0.823436 0.600000 0.600000 0.600000
2878.385254 0.000000 921.099121 0.000000 0.640830 0.000000 -0.767683 0.600000 0.600000 0.600000
2852.485352 0.000000 926.403992 0.000000 0.267803 0.000000 -0.963474 0.600000 0.600000 0.600000
2855.492188 0.000000 926.623779 0.000000 0.708087 0.000000 0.706125 0.600000 0.600000 0.600000
2858.056641 0.000000 908.690369 0.000000 0.999488 0.000000 -0.031986 0.600000 0.600000 0.600000
2857.243408 0.000000 906.298157 0.000000 0.356717 0.000000 0.934213 0.600000 0.600000 0.600000
2871.229492 0.000000 899.997009 0.000000 0.896890 0.000000 -0.442253 0.600000 0.600000 0.600000
2849.433594 0.000000 919.236877 0.000000 0.997718 0.000000 0.067517 0.600000 0.600000 0.600000
2870.589355 0.000000 904.224487 0.000000 0.313426 0.000000 0.949613 0.600000 0.600000 0.600000
2860.397705 0.000000 909.477844 0.000000 0.392000 0.000000 0.919965 0.600000 0.600000 0.600000
2862.089600 0.000000 907.375122 0.000000 0.999759 0.000000 -0.021944 0.600000 0.600000 0.600000
2847.322266 0.000000 914.957764 0.000000 0.292325 0.000000 0.956319 0.600000 0.600000 0.600000
2861.089111 0.000000 911.682861 0.000000 0.195726 0.000000 -0.980659 0.600000 0.600000 0.600000
2864.518799 0.000000 921.553345 0.000000 0.685011 0.000000 0.728533 0.600000 0.600000 0.600000
2878.308838 0.000000 900.695618 0.000000 0.538156 0.000000 0.842845 0.600000 0.600000 0.600000
2857.190430 0.000000 919.725220 0.000000 0.247793 0.000000 0.968813 0.600000 0.600000 0.600000
2870.064941 0.000000 898.023254 0.000000 0.882463 0.000000 0.470383 0.600000 0.600000 0.600000
2860.033936 0.000000 896.391785 0.000000 0.999759 0.000000 0.021939 0.600000 0.600000 0.600000
2855.991943 0.000000 924.213562 0.000000 0.882687 0.000000 0.469961 0.600000 0.600000 0.600000
2856.679688 0.000000 916.736145 0.000000 0.722273 0.000000 0.691608 0.600000 0.600000 0.600000
2878.894531 0.000000 899.013489 0.000000 0.079210 0.000000 0.996858 0.600000 0.600000 0.600000
2849.939209 0.000000 916.393982 0.000000 0.324051 0.000000 0.946040 0.600000 0.600000 0.600000
2854.116699 0.000000 925.563232 0.000000 0.130212 0.000000 -0.991486 0.600000 0.600000 0.600000
2868.479980 0.000000 921.318298 0.000000 0.699981 0.000000 -0.714162 0.600000 0.600000 0.600000
2860.817871 0.000000 897.833862 0.000000 0.830482 0.000000 0.557045 0.600000 0.600000 0.600000
2865.377930 0.000000 920.043335 0.000000 0.366981 0.000000 0.930228 0.600000 0.600000 0.600000
2857.040039 0.000000 926.477844 0.000000 0.729007 0.000000 -0.684507 0.600000 0.600000 0.600000
2855.711670 0.000000 919.832703 0.000000 0.996871 0.000000 0.079049 0.600000 0.600000 0.600000
2863.351318 0.000000 908.208679 0.000000 0.433360 0.000000 -0.901221 0.600000 0.600000 0.600000
2863.823730 0.000000 924.776306 0.000000 0.102212 0.000000 0.994763 0.600000 0.600000 0.600000
2861.661865 0.000000 908.754333 0.000000 0.977126 0.000000 0.212660 0.600000 0.600000 0.600000
2849.984131 0.000000 917.941406 0.000000 0.631157 0.000000 -0.775655 0.600000 0.600000 0.600000
2870.372803 0.000000 905.579041 0.000000 0.869672 0.000000 -0.493630 0.600000 0.600000 0.600000
2853.834717 0.000000 926.905334 0.000000 0.436094 0.000000 0.899901 0.600000 0.600000 0.600000
2857.023193 0.000000 918.256531 0.000000 0.571451 0.000000 0.820636 0.600000 0.600000 0.600000
2866.035156 0.000000 922.902039 0.000000 0.911514 0.000000 0.411270 0.600000 0.600000 0.600000
2856.198730 0.000000 925.493347 0.000000 0.563186 0.000000 -0.826330 0.600000 0.600000 0.600000
2871.606934 0.000000 905.221680 0.000000 0.062485 0.000000 -0.998046 0.600000 0.600000 0.600000
2847.381104 0.000000 916.304321 0.000000 0.596527 0.000000 0.802593 0.600000 0.600000 0.600000
2854.941650 0.000000 924.730835 0.000000 0.573714 0.000000 -0.819056 0.600000 0.600000 0.600000
2871.147217 0.000000 897.446472 0.000000 0.999967 0.000000 0.008131 0.600000 0.600000 0.600000
2867.488281 0.000000 920.854675 0.000000 0.776225 0.000000 -0.630456 0.600000 0.600000 0.600000
2867.058838 0.000000 923.479004 0.000000 0.845104 0.000000 -0.534602 0.600000 0.600000 0.600000
2867.788818 0.000000 922.232178 0.000000 0.978399 0.000000 0.206725 0.600000 0.600000 0.600000
2854.843262 0.000000 927.516602 0.000000 0.995940 0.000000 0.090020 0.600000 0.600000 0.600000
2857.223389 0.000000 924.153076 0.000000 0.805020 0.000000 -0.593248 0.600000 0.600000 0.600000
2847.331543 0.000000 917.584839 0.000000 0.997073 0.000000 -0.076450 0.600000 0.600000 0.600000
2865.180664 0.000000 922.315247 0.000000 0.975287 0.000000 -0.220944 0.600000 0.600000 0.600000
2855.260498 0.000000 925.657593 0.000000 0.998428 0.000000 0.056044 0.600000 0.600000 0.600000
2842.836670 0.000000 927.923096 0.000000 0.011737 0.000000 0.999931 0.600000 0.600000 0.600000
2833.912109 0.000000 950.499695 0.000000 0.715836 0.000000 0.698269 0.600000 0.600000 0.600000
2832.206543 0.000000 937.999146 0.000000 0.665043 0.000000 0.746805 0.600000 0.600000 0.600000
2836.082031 0.000000 935.749634 0.000000 0.399660 0.000000 0.916664 0.600000 0.600000 0.600000
2845.141846 0.000000 930.735168 0.000000 0.763001 0.000000 -0.646398 0.600000 0.600000 0.600000
2835.233154 0.000000 947.261047 0.000000 0.273031 0.000000 -0.962005 0.600000 0.600000 0.600000
2834.785400 0.000000 953.734497 0.000000 0.549197 0.000000 -0.835693 0.600000 0.600000 0.600000
2837.918701 0.000000 945.736511 0.000000 0.866337 0.000000 -0.499459 0.600000 0.600000 0.600000
2834.025146 0.000000 930.416626 0.000000 0.930428 0.000000 0.366475 0.600000 0.600000 0.600000
2837.627686 0.000000 933.873169 0.000000 0.298358 0.000000 -0.954454 0.600000 0.600000 0.600000
2834.554688 0.000000 937.879944 0.000000 0.824578 0.000000 0.565748 0.600000 0.600000 0.600000
2846.316650 0.000000 932.679993 0.000000 0.214462 0.000000 0.976732 0.600000 0.600000 0.600000
2846.199951 0.000000 935.778503 0.000000 0.976359 0.000000 -0.216156 0.600000 0.600000 0.600000
2842.304688 0.000000 958.572510 0.000000 0.091866 0.000000 -0.995771 0.600000 0.600000 0.600000
2843.563477 0.000000 931.642944 0.000000 0.899645 0.000000 -0.436621 0.600000 0.600000 0.600000
2834.748535 0.000000 931.974426 0.000000 0.859622 0.000000 0.510931 0.600000 0.600000 0.600000
2839.948242 0.000000 953.318726 0.000000 0.519486 0.000000 -0.854479 0.600000 0.600000 0.600000
2835.645752 0.000000 930.189270 0.000000 0.985611 0.000000 -0.169032 0.600000 0.600000 0.600000
2837.165771 0.000000 936.881836 0.000000 0.286366 0.000000 0.958120 0.600000 0.600000 0.600000
2838.004395 0.000000 950.737793 0.000000 0.820618 0.000000 -0.571477 0.600000 0.600000 0.600000
2846.737549 0.000000 934.239197 0.000000 0.989136 0.000000 0.147007 0.600000 0.600000 0.600000
2834.785156 0.000000 945.835327 0.000000 0.801584 0.000000 0.597882 0.600000 0.600000 0.600000
2837.445068 0.000000 935.334900 0.000000 0.988128 0.000000 0.153630 0.600000 0.600000 0.600000
2834.866455 0.000000 944.763733 0.000000 0.361653 0.000000 0.932313 0.600000 0.600000 0.600000
2847.275146 0.000000 935.288025 0.000000 0.252723 0.000000 0.967539 0.600000 0.600000 0.600000
2848.056152 0.000000 935.471863 0.000000 0.495078 0.000000 -0.868849 0.600000 0.600000 0.600000
2871.441895 0.000000 938.514709 0.000000 0.884074 0.000000 -0.467347 0.600000 0.600000 0.600000
2852.997070 0.000000 927.938416 0.000000 0.061213 0.000000 0.998125 0.600000 0.600000 0.600000
2868.795898 0.000000 931.517639 0.000000 0.784796 0.000000 0.619754 0.600000 0.600000 0.600000
2876.507324 0.000000 934.308533 0.000000 0.450789 0.000000 0.892630 0.600000 0.600000 0.600000
2877.530518 0.000000 949.445801 0.000000 0.861511 0.000000 -0.507739 0.600000 0.600000 0.600000
2870.247559 0.000000 949.191406 0.000000 0.999757 0.000000 -0.022040 0.600000 0.600000 0.600000
2857.124756 0.000000 932.056030 0.000000 0.285631 0.000000 -0.958340 0.600000 0.600000 0.600000
2865.065430 0.000000 933.116516 0.000000 0.327769 0.000000 0.944758 0.600000 0.600000 0.600000
2871.077881 0.000000 928.259033 0.000000 0.848328 0.000000 -0.529472 0.600000 0.600000 0.600000
2869.910889 0.000000 945.736511 0.000000 0.934364 0.000000 -0.356320 0.600000 0.600000 0.600000
2847.356201 0.000000 958.075256 0.000000 0.524767 0.000000 -0.851246 0.600000 0.600000 0.600000
2855.602051 0.000000 929.422119 0.000000 0.979778 0.000000 -0.200089 0.600000 0.600000 0.600000
2869.776367 0.000000 956.650635 0.000000 0.999492 0.000000 0.031886 0.600000 0.600000 0.600000
2866.017334 0.000000 930.416626 0.000000 0.876568 0.000000 -0.481279 0.600000 0.600000 0.600000
2873.528320 0.000000 940.094055 0.000000 0.280679 0.000000 -0.959802 0.600000 0.600000 0.600000
2860.006592 0.000000 945.907043 0.000000 0.998014 0.000000 -0.062996 0.600000 0.600000 0.600000
2854.675537 0.000000 933.126587 0.000000 0.962609 0.000000 -0.270895 0.600000 0.600000 0.600000
2852.890137 0.000000 940.078369 0.000000 0.804454 0.000000 -0.594015 0.600000 0.600000 0.600000
2853.357666 0.000000 930.347717 0.000000 0.999172 0.000000 -0.040691 0.600000 0.600000 0.600000
2848.477539 0.000000 937.832397 0.000000 0.471321 0.000000 -0.881962 0.600000 0.600000 0.600000
2867.420898 0.000000 933.561462 0.000000 0.235520 0.000000 0.971870 0.600000 0.600000 0.600000
2870.013428 0.000000 940.477783 0.000000 0.951979 0.000000 -0.306162 0.600000 0.600000 0.600000
2878.192139 0.000000 935.778503 0.000000 0.602421 0.000000 -0.798179 0.600000 0.600000 0.600000
2856.492920 0.000000 934.197937 0.000000 0.587128 0.000000 -0.809494 0.600000 0.600000 0.600000
2871.389893 0.000000 947.265808 0.000000 0.773189 0.000000 -0.634176 0.600000 0.600000 0.600000
2878.456787 0.000000 947.614014 0.000000 0.604283 0.000000 -0.796770 0.600000 0.600000 0.600000
2868.149902 0.000000 955.320068 0.000000 0.969335 0.000000 0.245744 0.600000 0.600000 0.600000
2856.070557 0.000000 927.547974 0.000000 0.878975 0.000000 0.476868 0.600000 0.600000 0.600000
2855.326660 0.000000 931.322327 0.000000 0.795439 0.000000 -0.606033 0.600000 0.600000 0.600000
2847.367676 0.000000 933.787720 0.000000 0.267736 0.000000 -0.963492 0.600000 0.600000 0.600000
2857.487305 0.000000 929.360046 0.000000 0.813142 0.000000 0.582065 0.600000 0.600000 0.600000
2866.740723 0.000000 931.974426 0.000000 0.497523 0.000000 -0.867451 0.600000 0.600000 0.600000
2871.563477 0.000000 945.461914 0.000000 0.510527 0.000000 0.859862 0.600000 0.600000 0.600000
2867.637939 0.000000 930.189270 0.000000 0.702301 0.000000 0.711880 0.600000 0.600000 0.600000
2854.883789 0.000000 934.858398 0.000000 0.261582 0.000000 0.965181 0.600000 0.600000 0.600000
2866.098633 0.000000 934.409973 0.000000 0.611665 0.000000 0.791117 0.600000 0.600000 0.600000
2853.549072 0.000000 931.978027 0.000000 0.289420 0.000000 0.957202 0.600000 0.600000 0.600000
2878.729736 0.000000 934.239197 0.000000 0.968236 0.000000 0.250039 0.600000 0.600000 0.600000
2857.848633 0.000000 933.427856 0.000000 0.307515 0.000000 0.951543 0.600000 0.600000 0.600000
2868.568604 0.000000 941.281494 0.000000 0.973805 0.000000 0.227385 0.600000 0.600000 0.600000
2869.645264 0.000000 955.173584 0.000000 0.634686 0.000000 -0.772770 0.600000 0.600000 0.600000
2856.682129 0.000000 930.587646 0.000000 0.630757 0.000000 -0.775980 0.600000 0.600000 0.600000
2853.991211 0.000000 940.958374 0.000000 0.907868 0.000000 -0.419257 0.600000 0.600000 0.600000
2852.507324 0.000000 941.398987 0.000000 0.989623 0.000000 0.143691 0.600000 0.600000 0.600000
2879.104492 0.000000 948.877197 0.000000 0.857603 0.000000 0.514312 0.600000 0.600000 0.600000
2855.988281 0.000000 932.790771 0.000000 0.881974 0.000000 0.471297 0.600000 0.600000 0.600000
2857.379395 0.000000 935.180176 0.000000 0.840030 0.000000 -0.542540 0.600000 0.600000 0.600000
2848.721191 0.000000 956.936646 0.000000 0.803504 0.000000 -0.595299 0.600000 0.600000 0.600000
2857.822510 0.000000 930.444336 0.000000 0.123185 0.000000 0.992384 0.600000 0.600000 0.600000
2868.875488 0.000000 954.368530 0.000000 0.979838 0.000000 -0.199793 0.600000 0.600000 0.600000
2855.920410 0.000000 935.125977 0.000000 0.850333 0.000000 -0.526245 0.600000 0.600000 0.600000
2856.287109 0.000000 931.501648 0.000000 0.581305 0.000000 -0.813686 0.600000 0.600000 0.600000
2884.989258 0.000000 895.954041 0.000000 0.145894 0.000000 0.989300 0.600000 0.600000 0.600000
2887.516357 0.000000 918.235596 0.000000 0.126281 0.000000 0.991995 0.600000 0.600000 0.600000
2900.788086 0.000000 899.533264 0.000000 0.869412 0.000000 0.494088 0.600000 0.600000 0.600000
2884.136230 0.000000 900.682495 0.000000 0.616351 0.000000 0.787472 0.600000 0.600000 0.600000
2883.577393 0.000000 920.490234 0.000000 0.973408 0.000000 -0.229080 0.600000 0.600000 0.600000
2891.804688 0.000000 906.724731 0.000000 0.144854 0.000000 -0.989453 0.600000 0.600000 0.600000
2879.547852 0.000000 921.114319 0.000000 0.979662 0.000000 0.200655 0.600000 0.600000 0.600000
2894.763428 0.000000 909.687805 0.000000 0.979936 0.000000 -0.199314 0.600000 0.600000 0.600000
2896.128174 0.000000 915.991272 0.000000 0.919861 0.000000 -0.392245 0.600000 0.600000 0.600000
2898.009521 0.000000 898.432251 0.000000 0.787779 0.000000 0.615958 0.600000 0.600000 0.600000
2890.048828 0.000000 908.690369 0.000000 0.964851 0.000000 0.262797 0.600000 0.600000 0.600000
2886.667725 0.000000 901.142212 0.000000 0.953774 0.000000 0.300524 0.600000 0.600000 0.600000
2886.288086 0.000000 920.385925 0.000000 0.521710 0.000000 0.853123 0.600000 0.600000 0.600000
2885.349854 0.000000 898.363342 0.000000 0.428870 0.000000 -0.903366 0.600000 0.600000 0.600000
2894.081787 0.000000 907.375122 0.000000 0.110830 0.000000 -0.993839 0.600000 0.600000 0.600000
2898.539062 0.000000 905.895569 0.000000 0.375906 0.000000 0.926658 0.600000 0.600000 0.600000
2899.413086 0.000000 901.577087 0.000000 0.583909 0.000000 0.811819 0.600000 0.600000 0.600000
2883.927002 0.000000 922.968933 0.000000 0.997692 0.000000 -0.067907 0.600000 0.600000 0.600000
2895.627686 0.000000 903.261108 0.000000 0.452595 0.000000 -0.891716 0.600000 0.600000 0.600000
2879.359863 0.000000 901.803345 0.000000 0.815901 0.000000 0.578192 0.600000 0.600000 0.600000
2885.550537 0.000000 922.000610 0.000000 0.626709 0.000000 -0.779253 0.600000 0.600000 0.600000
2889.479492 0.000000 897.375671 0.000000 0.675307 0.000000 -0.737537 0.600000 0.600000 0.600000
2879.311768 0.000000 898.902039 0.000000 0.987775 0.000000 -0.155887 0.600000 0.600000 0.600000
2886.501709 0.000000 896.344543 0.000000 0.987062 0.000000 0.160341 0.600000 0.600000 0.600000
2885.541260 0.000000 899.993652 0.000000 0.542585 0.000000 0.840001 0.600000 0.600000 0.600000
2895.343506 0.000000 908.208679 0.000000 0.001049 0.000000 -0.999999 0.600000 0.600000 0.600000
2888.674316 0.000000 898.603271 0.000000 0.716640 0.000000 0.697443 0.600000 0.600000 0.600000
2884.120605 0.000000 897.549438 0.000000 0.378438 0.000000 0.925627 0.600000 0.600000 0.600000
2887.980469 0.000000 900.806396 0.000000 0.838203 0.000000 0.545358 0.600000 0.600000 0.600000
2886.636230 0.000000 898.300720 0.000000 0.846792 0.000000 0.531924 0.600000 0.600000 0.600000
2884.399414 0.000000 921.465088 0.000000 0.996238 0.000000 0.086660 0.600000 0.600000 0.600000
2879.309326 0.000000 900.524841 0.000000 0.305052 0.000000 -0.952336 0.600000 0.600000 0.600000
2897.088867 0.000000 909.415771 0.000000 0.870729 0.000000 -0.491764 0.600000 0.600000 0.600000
2885.310791 0.000000 920.876953 0.000000 0.169082 0.000000 0.985602 0.600000 0.600000 0.600000
2886.128418 0.000000 899.180298 0.000000 0.925648 0.000000 0.378386 0.600000 0.600000 0.600000
2887.606689 0.000000 898.398499 0.000000 0.767714 0.000000 -0.640792 0.600000 0.600000 0.600000
2880.048340 0.000000 935.471863 0.000000 0.831669 0.000000 -0.555271 0.600000 0.600000 0.600000
2880.285156 0.000000 949.046814 0.000000 0.010845 0.000000 0.999941 0.600000 0.600000 0.600000
2884.982666 0.000000 946.445618 0.000000 0.256728 0.000000 -0.966484 0.600000 0.600000 0.600000
2883.380127 0.000000 944.633606 0.000000 0.449894 0.000000 0.893082 0.600000 0.600000 0.600000
2879.314453 0.000000 946.942139 0.000000 0.633009 0.000000 0.774145 0.600000 0.600000 0.600000
2885.187988 0.000000 944.125732 0.000000 0.440147 0.000000 0.897926 0.600000 0.600000 0.600000
2883.515381 0.000000 947.504211 0.000000 0.935657 0.000000 -0.352911 0.600000 0.600000 0.600000
2883.297852 0.000000 940.603516 0.000000 0.844014 0.000000 -0.536322 0.600000 0.600000 0.600000
2882.263184 0.000000 938.137817 0.000000 0.543781 0.000000 -0.839227 0.600000 0.600000 0.600000
2883.541016 0.000000 939.176941 0.000000 0.545435 0.000000 -0.838153 0.600000 0.600000 0.600000
2885.916260 0.000000 947.771973 0.000000 0.975647 0.000000 -0.219348 0.600000 0.600000 0.600000
2884.579834 0.000000 947.466553 0.000000 0.988837 0.000000 -0.148998 0.600000 0.600000 0.600000
2842.836670 0.000000 959.907471 0.000000 0.950949 0.000000 -0.309347 0.600000 0.600000 0.600000
2835.472168 0.000000 990.492126 0.000000 0.874948 0.000000 0.484216 0.600000 0.600000 0.600000
2838.130615 0.000000 985.752258 0.000000 0.942607 0.000000 -0.333904 0.600000 0.600000 0.600000
2845.944336 0.000000 977.602051 0.000000 0.877381 0.000000 -0.479794 0.600000 0.600000 0.600000
2846.393066 0.000000 985.067871 0.000000 0.722980 0.000000 0.690869 0.600000 0.600000 0.600000
2832.437500 0.000000 990.098389 0.000000 0.925120 0.000000 0.379674 0.600000 0.600000 0.600000
2846.133057 0.000000 959.934570 0.000000 0.829211 0.000000 0.558936 0.600000 0.600000 0.600000
2843.136963 0.000000 988.399414 0.000000 0.156149 0.000000 -0.987733 0.600000 0.600000 0.600000
2841.245605 0.000000 980.378845 0.000000 0.968445 0.000000 -0.249226 0.600000 0.600000 0.600000
2844.901855 0.000000 987.304993 0.000000 0.995201 0.000000 -0.097850 0.600000 0.600000 0.600000
2825.085449 0.000000 976.589844 0.000000 0.256828 0.000000 0.966457 0.600000 0.600000 0.600000
2843.453857 0.000000 981.404480 0.000000 0.951009 0.000000 -0.309164 0.600000 0.600000 0.600000
2842.304688 0.000000 990.556885 0.000000 0.554258 0.000000 -0.832345 0.600000 0.600000 0.600000
2843.262451 0.000000 961.808105 0.000000 0.765590 0.000000 0.643329 0.600000 0.600000 0.600000
2840.024902 0.000000 981.778137 0.000000 0.203011 0.000000 -0.979176 0.600000 0.600000 0.600000
2844.069580 0.000000 990.690979 0.000000 0.776919 0.000000 0.629601 0.600000 0.600000 0.600000
2826.420166 0.000000 977.660217 0.000000 0.338348 0.000000 0.941021 0.600000 0.600000 0.600000
2845.106201 0.000000 978.875793 0.000000 0.824169 0.000000 0.566343 0.600000 0.600000 0.600000
2827.768555 0.000000 976.434448 0.000000 0.833378 0.000000 -0.552703 0.600000 0.600000 0.600000
2842.195557 0.000000 979.038208 0.000000 0.872489 0.000000 0.488634 0.600000 0.600000 0.600000
2844.613525 0.000000 988.775757 0.000000 0.144049 0.000000 0.989570 0.600000 0.600000 0.600000
2842.637695 0.000000 980.313782 0.000000 0.654501 0.000000 -0.756061 0.600000 0.600000 0.600000
2842.052002 0.000000 981.460510 0.000000 0.860981 0.000000 -0.508637 0.600000 0.600000 0.600000
2844.048096 0.000000 978.104126 0.000000 0.766275 0.000000 -0.642513 0.600000 0.600000 0.600000
2857.786377 0.000000 989.047180 0.000000 0.777316 0.000000 -0.629111 0.600000 0.600000 0.600000
2848.056152 0.000000 967.456238 0.000000 0.998116 0.000000 0.061351 0.600000 0.600000 0.600000
2871.441895 0.000000 970.499084 0.000000 0.039057 0.000000 0.999237 0.600000 0.600000 0.600000
2865.904297 0.000000 982.484070 0.000000 0.465606 0.000000 -0.884992 0.600000 0.600000 0.600000
2867.464355 0.000000 990.492126 0.000000 0.843387 0.000000 -0.537306 0.600000 0.600000 0.600000
2851.387939 0.000000 974.188965 0.000000 0.565207 0.000000 -0.824949 0.600000 0.600000 0.600000
2865.977783 0.000000 976.091614 0.000000 0.482923 0.000000 -0.875663 0.600000 0.600000 0.600000
2877.530518 0.000000 981.430176 0.000000 0.983101 0.000000 0.183063 0.600000 0.600000 0.600000
2852.990479 0.000000 978.429993 0.000000 0.983513 0.000000 -0.180838 0.600000 0.600000 0.600000
2851.585205 0.000000 984.458984 0.000000 0.157440 0.000000 -0.987529 0.600000 0.600000 0.600000
2847.662109 0.000000 976.609131 0.000000 0.156095 0.000000 0.987742 0.600000 0.600000 0.600000
2859.812500 0.000000 970.693481 0.000000 0.594346 0.000000 0.804210 0.600000 0.600000 0.600000
2868.074219 0.000000 967.734009 0.000000 0.195444 0.000000 0.980715 0.600000 0.600000 0.600000
2851.707275 0.000000 969.691650 0.000000 0.393437 0.000000 -0.919351 0.600000 0.600000 0.600000
2861.690918 0.000000 967.183472 0.000000 0.981571 0.000000 0.191099 0.600000 0.600000 0.600000
2862.651855 0.000000 983.858582 0.000000 0.280896 0.000000 -0.959738 0.600000 0.600000 0.600000
2855.095459 0.000000 976.000854 0.000000 0.964753 0.000000 -0.263158 0.600000 0.600000 0.600000
2847.356201 0.000000 990.059631 0.000000 0.997614 0.000000 -0.069043 0.600000 0.600000 0.600000
2864.135986 0.000000 979.960022 0.000000 0.336288 0.000000 0.941759 0.600000 0.600000 0.600000
2869.776367 0.000000 988.635010 0.000000 0.837777 0.000000 0.546012 0.600000 0.600000 0.600000
2855.492188 0.000000 990.592529 0.000000 0.563013 0.000000 -0.826448 0.600000 0.600000 0.600000
2860.155273 0.000000 987.420288 0.000000 0.133171 0.000000 -0.991093 0.600000 0.600000 0.600000
2858.056641 0.000000 972.659119 0.000000 0.911575 0.000000 0.411133 0.600000 0.600000 0.600000
2868.906982 0.000000 970.417297 0.000000 0.298810 0.000000 0.954313 0.600000 0.600000 0.600000
2848.686279 0.000000 974.297852 0.000000 0.527101 0.000000 -0.849803 0.600000 0.600000 0.600000
2878.980957 0.000000 987.559204 0.000000 0.536114 0.000000 0.844145 0.600000 0.600000 0.600000
2849.760498 0.000000 986.234985 0.000000 0.059962 0.000000 0.998201 0.600000 0.600000 0.600000
2849.433594 0.000000 983.205627 0.000000 0.782079 0.000000 0.623180 0.600000 0.600000 0.600000
2854.988037 0.000000 979.855652 0.000000 0.986391 0.000000 -0.164419 0.600000 0.600000 0.600000
2867.882812 0.000000 974.604004 0.000000 0.789941 0.000000 -0.613183 0.600000 0.600000 0.600000
2866.546875 0.000000 969.864319 0.000000 0.130046 0.000000 -0.991508 0.600000 0.600000 0.600000
2864.518799 0.000000 985.522095 0.000000 0.265765 0.000000 0.964038 0.600000 0.600000 0.600000
2847.955078 0.000000 987.797241 0.000000 0.522786 0.000000 -0.852464 0.600000 0.600000 0.600000
2867.982910 0.000000 981.287292 0.000000 0.065572 0.000000 -0.997848 0.600000 0.600000 0.600000
2861.636963 0.000000 985.729492 0.000000 0.638996 0.000000 -0.769210 0.600000 0.600000 0.600000
2865.308838 0.000000 978.096436 0.000000 0.679232 0.000000 -0.733923 0.600000 0.600000 0.600000
2868.010498 0.000000 976.742798 0.000000 0.999997 0.000000 -0.002384 0.600000 0.600000 0.600000
2857.077637 0.000000 976.589844 0.000000 0.008569 0.000000 0.999963 0.600000 0.600000 0.600000
2856.778076 0.000000 974.448059 0.000000 0.262472 0.000000 0.964940 0.600000 0.600000 0.600000
2878.456787 0.000000 979.598389 0.000000 0.026658 0.000000 -0.999645 0.600000 0.600000 0.600000
2865.942871 0.000000 980.665222 0.000000 0.979449 0.000000 0.201691 0.600000 0.600000 0.600000
2871.118652 0.000000 987.292542 0.000000 0.844426 0.000000 0.535673 0.600000 0.600000 0.600000
2872.729004 0.000000 991.511108 0.000000 0.631281 0.000000 0.775554 0.600000 0.600000 0.600000
2848.977539 0.000000 966.059631 0.000000 0.274607 0.000000 -0.961556 0.600000 0.600000 0.600000
2851.095947 0.000000 982.849365 0.000000 0.014411 0.000000 0.999896 0.600000 0.600000 0.600000
2869.485596 0.000000 976.062622 0.000000 0.319486 0.000000 -0.947591 0.600000 0.600000 0.600000
2869.157959 0.000000 968.866211 0.000000 0.287157 0.000000 -0.957883 0.600000 0.600000 0.600000
2864.654541 0.000000 981.600342 0.000000 0.205838 0.000000 -0.978586 0.600000 0.600000 0.600000
2854.356201 0.000000 981.186401 0.000000 0.118577 0.000000 0.992945 0.600000 0.600000 0.600000
2871.182861 0.000000 989.038757 0.000000 0.362646 0.000000 0.931927 0.600000 0.600000 0.600000
2853.194580 0.000000 968.765808 0.000000 0.996547 0.000000 0.083028 0.600000 0.600000 0.600000
2863.085205 0.000000 985.977234 0.000000 0.352836 0.000000 -0.935685 0.600000 0.600000 0.600000
2869.437256 0.000000 967.319275 0.000000 0.999992 0.000000 0.003916 0.600000 0.600000 0.600000
2868.673584 0.000000 971.872620 0.000000 0.978080 0.000000 -0.208232 0.600000 0.600000 0.600000
2878.090576 0.000000 986.482971 0.000000 0.894231 0.000000 0.447605 0.600000 0.600000 0.600000
2861.158447 0.000000 970.273682 0.000000 0.766347 0.000000 0.642427 0.600000 0.600000 0.600000
2879.104492 0.000000 980.861572 0.000000 0.901971 0.000000 -0.431797 0.600000 0.600000 0.600000
2860.757812 0.000000 971.700134 0.000000 0.474401 0.000000 -0.880309 0.600000 0.600000 0.600000
2848.673584 0.000000 984.307373 0.000000 0.266508 0.000000 -0.963833 0.600000 0.600000 0.600000
2863.942627 0.000000 984.330444 0.000000 0.948900 0.000000 0.315577 0.600000 0.600000 0.600000
2856.198730 0.000000 989.462097 0.000000 0.795092 0.000000 0.606489 0.600000 0.600000 0.600000
2848.368408 0.000000 975.646179 0.000000 0.696508 0.000000 -0.717549 0.600000 0.600000 0.600000
2863.072266 0.000000 982.716309 0.000000 0.039651 0.000000 -0.999214 0.600000 0.600000 0.600000
2857.223389 0.000000 988.121826 0.000000 0.955721 0.000000 -0.294275 0.600000 0.600000 0.600000
2869.719482 0.000000 973.463074 0.000000 0.342234 0.000000 -0.939615 0.600000 0.600000 0.600000
2839.449707 0.000000 1002.483459 0.000000 0.958775 0.000000 -0.284165 0.600000 0.600000 0.600000
2826.797852 0.000000 1007.226868 0.000000 0.758713 0.000000 -0.651425 0.600000 0.600000 0.600000
2844.515137 0.000000 998.277283 0.000000 0.447318 0.000000 -0.894375 0.600000 0.600000 0.600000
2844.944336 0.000000 1004.807922 0.000000 0.396429 0.000000 -0.918065 0.600000 0.600000 0.600000
2833.059814 0.000000 991.795044 0.000000 0.902147 0.000000 -0.431428 0.600000 0.600000 0.600000
2840.491455 0.000000 1021.704529 0.000000 0.799041 0.000000 0.601276 0.600000 0.600000 0.600000
2815.428467 0.000000 1003.950806 0.000000 0.898728 0.000000 0.438506 0.600000 0.600000 0.600000
2838.255371 0.000000 1013.160156 0.000000 0.166185 0.000000 -0.986095 0.600000 0.600000 0.600000
2840.189941 0.000000 998.253479 0.000000 0.481919 0.000000 -0.876216 0.600000 0.600000 0.600000
2833.073242 0.000000 997.085266 0.000000 0.119456 0.000000 0.992840 0.600000 0.600000 0.600000
2829.564453 0.000000 1022.992737 0.000000 0.764922 0.000000 -0.644123 0.600000 0.600000 0.600000
2830.668213 0.000000 1009.414917 0.000000 0.826586 0.000000 -0.562810 0.600000 0.600000 0.600000
2845.141846 0.000000 994.703918 0.000000 0.185193 0.000000 0.982702 0.600000 0.600000 0.600000
2830.659668 0.000000 1015.842957 0.000000 0.798252 0.000000 -0.602323 0.600000 0.600000 0.600000
2842.069824 0.000000 1006.622498 0.000000 0.596470 0.000000 -0.802635 0.600000 0.600000 0.600000
2816.473633 0.000000 996.243896 0.000000 0.959870 0.000000 -0.280445 0.600000 0.600000 0.600000
2819.440918 0.000000 1013.256042 0.000000 0.586800 0.000000 0.809732 0.600000 0.600000 0.600000
2837.918701 0.000000 1009.705261 0.000000 0.330066 0.000000 0.943958 0.600000 0.600000 0.600000
2846.393066 0.000000 1017.052246 0.000000 0.898891 0.000000 0.438172 0.600000 0.600000 0.600000
2846.133057 0.000000 991.918945 0.000000 0.706942 0.000000 0.707272 0.600000 0.600000 0.600000
2836.615479 0.000000 1015.426819 0.000000 0.985094 0.000000 0.172018 0.600000 0.600000 0.600000
2834.025146 0.000000 994.385376 0.000000 0.992279 0.000000 0.124022 0.600000 0.600000 0.600000
2843.136963 0.000000 1020.383789 0.000000 0.038091 0.000000 0.999274 0.600000 0.600000 0.600000
2828.014404 0.000000 1009.875793 0.000000 0.877118 0.000000 -0.480274 0.600000 0.600000 0.600000
2817.993164 0.000000 1003.674805 0.000000 0.674223 0.000000 0.738528 0.600000 0.600000 0.600000
2834.303467 0.000000 1020.219055 0.000000 0.084868 0.000000 -0.996392 0.600000 0.600000 0.600000
2817.768311 0.000000 1018.219360 0.000000 0.437257 0.000000 0.899337 0.600000 0.600000 0.600000
2817.441406 0.000000 1015.190002 0.000000 0.945037 0.000000 -0.326964 0.600000 0.600000 0.600000
2842.366455 0.000000 999.404846 0.000000 0.975119 0.000000 -0.221682 0.600000 0.600000 0.600000
2829.096924 0.000000 1007.635986 0.000000 0.888257 0.000000 -0.459346 0.600000 0.600000 0.600000
2835.428711 0.000000 997.530212 0.000000 0.189158 0.000000 -0.981947 0.600000 0.600000 0.600000
2819.942627 0.000000 1018.922058 0.000000 0.646561 0.000000 -0.762862 0.600000 0.600000 0.600000
2830.673584 0.000000 1013.606812 0.000000 0.680442 0.000000 0.732802 0.600000 0.600000 0.600000
2842.657959 0.000000 997.146667 0.000000 0.990723 0.000000 -0.135893 0.600000 0.600000 0.600000
2840.837402 0.000000 1000.876892 0.000000 0.605238 0.000000 -0.796045 0.600000 0.600000 0.600000
2830.125244 0.000000 1001.219116 0.000000 0.860981 0.000000 -0.508637 0.600000 0.600000 0.600000
2836.018311 0.000000 1008.727173 0.000000 0.678807 0.000000 -0.734316 0.600000 0.600000 0.600000
2844.901855 0.000000 1019.289368 0.000000 0.718849 0.000000 -0.695166 0.600000 0.600000 0.600000
2839.397705 0.000000 1011.234558 0.000000 0.319961 0.000000 -0.947431 0.600000 0.600000 0.600000
2837.211914 0.000000 1011.549438 0.000000 0.972221 0.000000 0.234063 0.600000 0.600000 0.600000
2830.358154 0.000000 1011.296448 0.000000 0.527731 0.000000 -0.849412 0.600000 0.600000 0.600000
2815.375488 0.000000 997.756470 0.000000 0.064951 0.000000 -0.997888 0.600000 0.600000 0.600000
2834.748535 0.000000 995.943176 0.000000 0.865517 0.000000 0.500880 0.600000 0.600000 0.600000
2839.571289 0.000000 1009.430664 0.000000 0.646198 0.000000 -0.763170 0.600000 0.600000 0.600000
2835.645752 0.000000 994.158020 0.000000 0.675613 0.000000 -0.737256 0.600000 0.600000 0.600000
2834.398682 0.000000 992.770569 0.000000 0.719087 0.000000 -0.694920 0.600000 0.600000 0.600000
2832.802246 0.000000 993.366333 0.000000 0.317294 0.000000 -0.948327 0.600000 0.600000 0.600000
2818.017090 0.000000 1016.655884 0.000000 0.918714 0.000000 0.394923 0.600000 0.600000 0.600000
2842.925293 0.000000 1003.402283 0.000000 0.815920 0.000000 0.578165 0.600000 0.600000 0.600000
2844.624268 0.000000 996.758667 0.000000 0.997303 0.000000 -0.073389 0.600000 0.600000 0.600000
2815.443359 0.000000 1005.457397 0.000000 0.803389 0.000000 0.595455 0.600000 0.600000 0.600000
2837.880371 0.000000 1016.241455 0.000000 0.977343 0.000000 0.211661 0.600000 0.600000 0.600000
2816.272705 0.000000 1018.343079 0.000000 0.999608 0.000000 -0.027987 0.600000 0.600000 0.600000
2831.691895 0.000000 1010.527405 0.000000 0.896994 0.000000 0.442043 0.600000 0.600000 0.600000
2829.243164 0.000000 1009.102051 0.000000 0.243826 0.000000 0.969819 0.600000 0.600000 0.600000
2818.571045 0.000000 1019.434509 0.000000 0.952046 0.000000 -0.305956 0.600000 0.600000 0.600000
2846.098389 0.000000 1018.467346 0.000000 0.997138 0.000000 -0.075606 0.600000 0.600000 0.600000
2828.988770 0.000000 1010.893677 0.000000 0.938814 0.000000 -0.344425 0.600000 0.600000 0.600000
2838.921631 0.000000 1008.138062 0.000000 0.900080 0.000000 0.435725 0.600000 0.600000 0.600000
2816.660156 0.000000 1003.226379 0.000000 0.705120 0.000000 -0.709088 0.600000 0.600000 0.600000
2819.191895 0.000000 1017.721436 0.000000 0.293438 0.000000 0.955978 0.600000 0.600000 0.600000
2835.084473 0.000000 991.539856 0.000000 0.845659 0.000000 -0.533723 0.600000 0.600000 0.600000
2816.681396 0.000000 1016.291748 0.000000 0.429537 0.000000 -0.903049 0.600000 0.600000 0.600000
2834.042969 0.000000 1018.855164 0.000000 0.996804 0.000000 0.079884 0.600000 0.600000 0.600000
2817.258545 0.000000 1019.427185 0.000000 0.993837 0.000000 0.110849 0.600000 0.600000 0.600000
2816.729004 0.000000 1020.905396 0.000000 0.152443 0.000000 0.988312 0.600000 0.600000 0.600000
2842.249023 0.000000 1000.744507 0.000000 0.217515 0.000000 0.976057 0.600000 0.600000 0.600000
2843.370850 0.000000 1021.615540 0.000000 0.585943 0.000000 -0.810352 0.600000 0.600000 0.600000
2829.223145 0.000000 1000.368591 0.000000 0.650058 0.000000 0.759885 0.600000 0.600000 0.600000
2845.605225 0.000000 997.711182 0.000000 0.999774 0.000000 0.021246 0.600000 0.600000 0.600000
2838.359863 0.000000 1011.892944 0.000000 0.813572 0.000000 -0.581464 0.600000 0.600000 0.600000
2838.206299 0.000000 1010.800720 0.000000 0.862693 0.000000 0.505728 0.600000 0.600000 0.600000
2828.095215 0.000000 1001.582397 0.000000 0.759945 0.000000 0.649988 0.600000 0.600000 0.600000
2835.066650 0.000000 1019.432129 0.000000 0.677832 0.000000 -0.735217 0.600000 0.600000 0.600000
2843.246094 0.000000 1000.212219 0.000000 0.999851 0.000000 0.017239 0.600000 0.600000 0.600000
2835.796631 0.000000 1018.185303 0.000000 0.233657 0.000000 0.972319 0.600000 0.600000 0.600000
2834.104980 0.000000 991.793091 0.000000 0.454156 0.000000 -0.890922 0.600000 0.600000 0.600000
2843.844482 0.000000 1001.266785 0.000000 0.859646 0.000000 0.510889 0.600000 0.600000 0.600000
2819.511963 0.000000 1019.790283 0.000000 0.058127 0.000000 -0.998309 0.600000 0.600000 0.600000
2858.790039 0.000000 1007.226868 0.000000 0.344176 0.000000 0.938905 0.600000 0.600000 0.600000
2874.828857 0.000000 991.891846 0.000000 0.847433 0.000000 0.530903 0.600000 0.600000 0.600000
2850.085693 0.000000 1020.786438 0.000000 0.293960 0.000000 0.955818 0.600000 0.600000 0.600000
2855.838867 0.000000 1000.221008 0.000000 0.977762 0.000000 -0.209720 0.600000 0.600000 0.600000
2855.524170 0.000000 1014.188721 0.000000 0.557114 0.000000 -0.830436 0.600000 0.600000 0.600000
2864.198730 0.000000 1001.967896 0.000000 0.264401 0.000000 0.964413 0.600000 0.600000 0.600000
2847.493408 0.000000 993.160095 0.000000 0.739047 0.000000 0.673654 0.600000 0.600000 0.600000
2865.052002 0.000000 991.795044 0.000000 0.803590 0.000000 -0.595184 0.600000 0.600000 0.600000
2852.144043 0.000000 996.635620 0.000000 0.310168 0.000000 -0.950682 0.600000 0.600000 0.600000
2851.585205 0.000000 1016.443359 0.000000 0.899456 0.000000 0.437012 0.600000 0.600000 0.600000
2855.406738 0.000000 1004.805176 0.000000 0.759001 0.000000 0.651089 0.600000 0.600000 0.600000
2847.555664 0.000000 1017.067444 0.000000 0.085954 0.000000 -0.996299 0.600000 0.600000 0.600000
2861.690918 0.000000 999.167847 0.000000 0.797291 0.000000 0.603595 0.600000 0.600000 0.600000
2873.639160 0.000000 1014.669250 0.000000 0.992551 0.000000 -0.121832 0.600000 0.600000 0.600000
2874.988037 0.000000 1001.777039 0.000000 0.754792 0.000000 0.655964 0.600000 0.600000 0.600000
2855.095459 0.000000 1007.985229 0.000000 0.819052 0.000000 0.573720 0.600000 0.600000 0.600000
2855.602051 0.000000 993.390869 0.000000 0.713349 0.000000 -0.700809 0.600000 0.600000 0.600000
2868.020996 0.000000 992.549255 0.000000 0.115631 0.000000 0.993292 0.600000 0.600000 0.600000
2858.056641 0.000000 1004.643494 0.000000 0.951731 0.000000 0.306933 0.600000 0.600000 0.600000
2876.453613 0.000000 1007.505432 0.000000 0.157639 0.000000 -0.987497 0.600000 0.600000 0.600000
2857.243408 0.000000 1002.251282 0.000000 0.659823 0.000000 0.751421 0.600000 0.600000 0.600000
2866.295654 0.000000 1020.219055 0.000000 0.944968 0.000000 -0.327164 0.600000 0.600000 0.600000
2849.760498 0.000000 1018.219360 0.000000 0.208488 0.000000 0.978025 0.600000 0.600000 0.600000
2865.448486 0.000000 999.787354 0.000000 0.937484 0.000000 -0.348029 0.600000 0.600000 0.600000
2854.104980 0.000000 1001.903687 0.000000 0.984963 0.000000 -0.172766 0.600000 0.600000 0.600000
2853.357666 0.000000 994.316467 0.000000 0.576456 0.000000 0.817128 0.600000 0.600000 0.600000
2860.397705 0.000000 1005.430969 0.000000 0.994544 0.000000 0.104315 0.600000 0.600000 0.600000
2861.089111 0.000000 1007.635986 0.000000 0.204230 0.000000 -0.978923 0.600000 0.600000 0.600000
2878.308838 0.000000 996.648743 0.000000 0.379515 0.000000 0.925186 0.600000 0.600000 0.600000
2847.955078 0.000000 1019.781616 0.000000 0.641138 0.000000 -0.767425 0.600000 0.600000 0.600000
2851.934814 0.000000 1018.922058 0.000000 0.701304 0.000000 0.712863 0.600000 0.600000 0.600000
2867.982910 0.000000 1013.271667 0.000000 0.153824 0.000000 -0.988098 0.600000 0.600000 0.600000
2862.843018 0.000000 997.218933 0.000000 0.614341 0.000000 0.789041 0.600000 0.600000 0.600000
2857.190430 0.000000 1015.678345 0.000000 0.999954 0.000000 0.009566 0.600000 0.600000 0.600000
2853.333496 0.000000 1014.336609 0.000000 0.222513 0.000000 0.974930 0.600000 0.600000 0.600000
2878.309326 0.000000 1006.461792 0.000000 0.656585 0.000000 0.754252 0.600000 0.600000 0.600000
2872.829590 0.000000 1000.876892 0.000000 0.496640 0.000000 0.867957 0.600000 0.600000 0.600000
2856.778076 0.000000 1006.432434 0.000000 0.986783 0.000000 -0.162048 0.600000 0.600000 0.600000
2863.635498 0.000000 999.214233 0.000000 0.167621 0.000000 0.985851 0.600000 0.600000 0.600000
2855.326660 0.000000 995.291077 0.000000 0.729544 0.000000 0.683934 0.600000 0.600000 0.600000
2855.195068 0.000000 1009.959656 0.000000 0.998925 0.000000 -0.046362 0.600000 0.600000 0.600000
2857.695557 0.000000 1000.433960 0.000000 0.938127 0.000000 -0.346291 0.600000 0.600000 0.600000
2853.558350 0.000000 1017.953735 0.000000 0.995405 0.000000 -0.095756 0.600000 0.600000 0.600000
2866.390869 0.000000 992.770569 0.000000 0.143895 0.000000 -0.989593 0.600000 0.600000 0.600000
2850.009277 0.000000 1016.655884 0.000000 0.595903 0.000000 0.803056 0.600000 0.600000 0.600000
2856.872559 0.000000 1003.769836 0.000000 0.796525 0.000000 -0.604606 0.600000 0.600000 0.600000
2848.264893 0.000000 1018.343079 0.000000 0.406415 0.000000 -0.913688 0.600000 0.600000 0.600000
2854.196533 0.000000 1003.392883 0.000000 0.925331 0.000000 -0.379160 0.600000 0.600000 0.600000
2854.080078 0.000000 1009.147034 0.000000 0.274659 0.000000 0.961542 0.600000 0.600000 0.600000
2858.751709 0.000000 992.879333 0.000000 0.699411 0.000000 0.714720 0.600000 0.600000 0.600000
2874.241211 0.000000 1000.744507 0.000000 0.178103 0.000000 0.984012 0.600000 0.600000 0.600000
2862.660889 0.000000 998.483826 0.000000 0.886075 0.000000 0.463541 0.600000 0.600000 0.600000
2862.527588 0.000000 999.986938 0.000000 0.515830 0.000000 -0.856691 0.600000 0.600000 0.600000
2866.850830 0.000000 1013.408875 0.000000 0.387394 0.000000 -0.921914 0.600000 0.600000 0.600000
2866.955566 0.000000 1012.282837 0.000000 0.995349 0.000000 0.096337 0.600000 0.600000 0.600000
2889.778564 0.000000 989.047180 0.000000 0.596004 0.000000 -0.802981 0.600000 0.600000 0.600000
2890.782227 0.000000 975.242493 0.000000 0.954218 0.000000 0.299112 0.600000 0.600000 0.600000
2897.969971 0.000000 976.091614 0.000000 0.752692 0.000000 -0.658372 0.600000 0.600000 0.600000
2891.130859 0.000000 984.732605 0.000000 0.873615 0.000000 0.486618 0.600000 0.600000 0.600000
2879.547852 0.000000 985.083069 0.000000 0.114009 0.000000 0.993480 0.600000 0.600000 0.600000
2905.631348 0.000000 982.684875 0.000000 0.988596 0.000000 0.150589 0.600000 0.600000 0.600000
2893.548828 0.000000 991.008362 0.000000 0.118637 0.000000 -0.992938 0.600000 0.600000 0.600000
2888.336426 0.000000 985.746765 0.000000 0.999934 0.000000 -0.011463 0.600000 0.600000 0.600000
2896.128174 0.000000 979.960022 0.000000 0.961947 0.000000 0.273238 0.600000 0.600000 0.600000
2887.484375 0.000000 990.592529 0.000000 0.052741 0.000000 -0.998608 0.600000 0.600000 0.600000
2890.327881 0.000000 981.836731 0.000000 0.976169 0.000000 -0.217011 0.600000 0.600000 0.600000
2890.048828 0.000000 972.659119 0.000000 0.981139 0.000000 -0.193305 0.600000 0.600000 0.600000
2891.998779 0.000000 977.891418 0.000000 0.916232 0.000000 0.400649 0.600000 0.600000 0.600000
2881.752686 0.000000 986.234985 0.000000 0.546349 0.000000 -0.837558 0.600000 0.600000 0.600000
2883.380127 0.000000 976.617981 0.000000 0.754881 0.000000 0.655861 0.600000 0.600000 0.600000
2905.229980 0.000000 980.378845 0.000000 0.984193 0.000000 -0.177097 0.600000 0.600000 0.600000
2879.314453 0.000000 978.926514 0.000000 0.577125 0.000000 0.816656 0.600000 0.600000 0.600000
2879.947266 0.000000 987.797241 0.000000 0.589850 0.000000 -0.807513 0.600000 0.600000 0.600000
2889.182617 0.000000 983.693970 0.000000 0.889374 0.000000 -0.457179 0.600000 0.600000 0.600000
2890.180908 0.000000 986.697510 0.000000 0.474914 0.000000 -0.880032 0.600000 0.600000 0.600000
2907.438232 0.000000 981.404480 0.000000 0.530337 0.000000 -0.847787 0.600000 0.600000 0.600000
2890.799805 0.000000 979.795349 0.000000 0.759475 0.000000 0.650536 0.600000 0.600000 0.600000
2888.671875 0.000000 980.704895 0.000000 0.884397 0.000000 -0.466736 0.600000 0.600000 0.600000
2881.505371 0.000000 976.034973 0.000000 0.953814 0.000000 -0.300397 0.600000 0.600000 0.600000
2894.342529 0.000000 979.312073 0.000000 0.917216 0.000000 0.398390 0.600000 0.600000 0.600000
2883.515381 0.000000 979.488586 0.000000 0.301948 0.000000 0.953324 0.600000 0.600000 0.600000
2890.404541 0.000000 977.660217 0.000000 0.534165 0.000000 0.845380 0.600000 0.600000 0.600000
2880.481445 0.000000 977.921631 0.000000 0.740924 0.000000 0.671589 0.600000 0.600000 0.600000
2880.257080 0.000000 986.358704 0.000000 0.536488 0.000000 -0.843908 0.600000 0.600000 0.600000
2888.873779 0.000000 987.095459 0.000000 0.867208 0.000000 -0.497947 0.600000 0.600000 0.600000
2892.173340 0.000000 990.895020 0.000000 0.380710 0.000000 -0.924695 0.600000 0.600000 0.600000
2881.242920 0.000000 987.442810 0.000000 0.263073 0.000000 0.964776 0.600000 0.600000 0.600000
2879.373291 0.000000 980.273071 0.000000 0.670881 0.000000 0.741565 0.600000 0.600000 0.600000
2886.835449 0.000000 991.485352 0.000000 0.992166 0.000000 0.124927 0.600000 0.600000 0.600000
2925.472656 0.000000 963.361084 0.000000 0.723585 0.000000 0.690235 0.600000 0.600000 0.600000
2938.813232 0.000000 959.907471 0.000000 0.456026 0.000000 -0.889966 0.600000 0.600000 0.600000
2932.780273 0.000000 963.502014 0.000000 0.461322 0.000000 0.887233 0.600000 0.600000 0.600000
2923.796875 0.000000 970.693481 0.000000 0.663328 0.000000 0.748329 0.600000 0.600000 0.600000
2932.058594 0.000000 967.734009 0.000000 0.828998 0.000000 0.559252 0.600000 0.600000 0.600000
2929.049805 0.000000 965.100891 0.000000 0.776974 0.000000 0.629532 0.600000 0.600000 0.600000
2941.118408 0.000000 962.719543 0.000000 0.951793 0.000000 -0.306742 0.600000 0.600000 0.600000
2921.227783 0.000000 970.266907 0.000000 0.406598 0.000000 -0.913607 0.600000 0.600000 0.600000
2930.531250 0.000000 969.864319 0.000000 0.424164 0.000000 -0.905585 0.600000 0.600000 0.600000
2923.434082 0.000000 964.490356 0.000000 0.984936 0.000000 -0.172919 0.600000 0.600000 0.600000
2931.405273 0.000000 965.545837 0.000000 0.626970 0.000000 -0.779044 0.600000 0.600000 0.600000
2939.239014 0.000000 961.808105 0.000000 0.568077 0.000000 -0.822975 0.600000 0.600000 0.600000
2924.953369 0.000000 965.474670 0.000000 0.638584 0.000000 0.769552 0.600000 0.600000 0.600000
2939.540039 0.000000 963.627319 0.000000 0.506436 0.000000 -0.862277 0.600000 0.600000 0.600000
2940.475098 0.000000 960.515381 0.000000 0.850435 0.000000 -0.526081 0.600000 0.600000 0.600000
2933.142334 0.000000 968.866211 0.000000 0.719453 0.000000 -0.694541 0.600000 0.600000 0.600000
2915.290039 0.000000 972.587891 0.000000 0.976714 0.000000 0.214545 0.600000 0.600000 0.600000
2935.893555 0.000000 967.666748 0.000000 0.658070 0.000000 0.752957 0.600000 0.600000 0.600000
2934.357178 0.000000 969.547791 0.000000 0.430365 0.000000 0.902655 0.600000 0.600000 0.600000
2938.163818 0.000000 961.015320 0.000000 0.383322 0.000000 0.923615 0.600000 0.600000 0.600000
2935.591309 0.000000 969.190430 0.000000 0.996548 0.000000 -0.083021 0.600000 0.600000 0.600000
2893.480469 0.000000 995.345459 0.000000 0.536263 0.000000 -0.844051 0.600000 0.600000 0.600000
2879.412842 0.000000 1003.950806 0.000000 0.746131 0.000000 0.665799 0.600000 0.600000 0.600000
2883.699463 0.000000 1001.676025 0.000000 0.351274 0.000000 0.936273 0.600000 0.600000 0.600000
2880.458008 0.000000 996.243896 0.000000 0.373564 0.000000 -0.927604 0.600000 0.600000 0.600000
2891.038086 0.000000 994.164856 0.000000 0.709520 0.000000 -0.704686 0.600000 0.600000 0.600000
2881.977539 0.000000 1003.674805 0.000000 0.177307 0.000000 0.984156 0.600000 0.600000 0.600000
2891.441895 0.000000 996.474731 0.000000 0.953936 0.000000 0.300011 0.600000 0.600000 0.600000
2882.292969 0.000000 997.098938 0.000000 0.605810 0.000000 0.795609 0.600000 0.600000 0.600000
2879.359863 0.000000 997.756470 0.000000 0.864050 0.000000 0.503406 0.600000 0.600000 0.600000
2892.961182 0.000000 997.459045 0.000000 0.966465 0.000000 -0.256799 0.600000 0.600000 0.600000
2880.779541 0.000000 1004.720398 0.000000 0.996505 0.000000 -0.083528 0.600000 0.600000 0.600000
2879.334961 0.000000 1007.048706 0.000000 0.173178 0.000000 -0.984891 0.600000 0.600000 0.600000
2881.997070 0.000000 1005.606506 0.000000 0.116875 0.000000 0.993147 0.600000 0.600000 0.600000
2885.186768 0.000000 1000.750183 0.000000 0.926774 0.000000 -0.375620 0.600000 0.600000 0.600000
2883.541016 0.000000 1003.145691 0.000000 0.663763 0.000000 0.747943 0.600000 0.600000 0.600000
2880.644531 0.000000 1003.226379 0.000000 0.034039 0.000000 -0.999421 0.600000 0.600000 0.600000
2892.984863 0.000000 991.531860 0.000000 0.368131 0.000000 0.929774 0.600000 0.600000 0.600000
2881.552002 0.000000 996.280823 0.000000 0.968875 0.000000 0.247549 0.600000 0.600000 0.600000
2880.276123 0.000000 997.263428 0.000000 0.905597 0.000000 0.424140 0.600000 0.600000 0.600000
2881.316895 0.000000 1002.429932 0.000000 0.991021 0.000000 0.133706 0.600000 0.600000 0.600000
2963.440918 0.000000 958.507751 0.000000 0.935963 0.000000 0.352097 0.600000 0.600000 0.600000
2957.533203 0.000000 959.023987 0.000000 0.992828 0.000000 0.119551 0.600000 0.600000 0.600000
2962.754150 0.000000 953.734497 0.000000 0.886780 0.000000 0.462191 0.600000 0.600000 0.600000
2960.406250 0.000000 958.114014 0.000000 0.635184 0.000000 0.772361 0.600000 0.600000 0.600000
2962.272217 0.000000 956.250305 0.000000 0.252258 0.000000 0.967660 0.600000 0.600000 0.600000
2954.521484 0.000000 958.893066 0.000000 0.331131 0.000000 -0.943585 0.600000 0.600000 0.600000
2963.901123 0.000000 957.003906 0.000000 0.014118 0.000000 -0.999900 0.600000 0.600000 0.600000
2961.887939 0.000000 958.532837 0.000000 0.998322 0.000000 -0.057905 0.600000 0.600000 0.600000
2963.464844 0.000000 952.839050 0.000000 0.171426 0.000000 0.985197 0.600000 0.600000 0.600000
2943.469971 0.000000 961.175720 0.000000 0.784928 0.000000 0.619587 0.600000 0.600000 0.600000
2954.069092 0.000000 959.706421 0.000000 0.763516 0.000000 0.645789 0.600000 0.600000 0.600000
2953.101318 0.000000 964.040405 0.000000 0.703322 0.000000 0.710872 0.600000 0.600000 0.600000
2958.033447 0.000000 960.391113 0.000000 0.933881 0.000000 -0.357583 0.600000 0.600000 0.600000
2963.997559 0.000000 960.564880 0.000000 0.209892 0.000000 -0.977725 0.600000 0.600000 0.600000
2949.211670 0.000000 967.242310 0.000000 0.237313 0.000000 0.971433 0.600000 0.600000 0.600000
2950.652100 0.000000 965.110962 0.000000 0.607416 0.000000 -0.794384 0.600000 0.600000 0.600000
2949.334229 0.000000 962.332092 0.000000 0.988517 0.000000 0.151108 0.600000 0.600000 0.600000
2956.010498 0.000000 960.360535 0.000000 0.693308 0.000000 0.720641 0.600000 0.600000 0.600000
2946.277344 0.000000 965.114563 0.000000 0.620140 0.000000 0.784491 0.600000 0.600000 0.600000
2956.794434 0.000000 961.802612 0.000000 0.634909 0.000000 0.772587 0.600000 0.600000 0.600000
2949.525635 0.000000 963.962402 0.000000 0.999271 0.000000 -0.038166 0.600000 0.600000 0.600000
2949.268799 0.000000 965.513672 0.000000 0.524956 0.000000 -0.851129 0.600000 0.600000 0.600000
2951.964844 0.000000 964.775146 0.000000 0.109162 0.000000 -0.994024 0.600000 0.600000 0.600000
2951.469482 0.000000 965.836548 0.000000 0.627516 0.000000 -0.778604 0.600000 0.600000 0.600000
2673.951172 0.000000 1046.452759 0.000000 0.879202 0.000000 0.476450 0.600000 0.600000 0.600000
2681.197754 0.000000 1041.911987 0.000000 0.998384 0.000000 0.056833 0.600000 0.600000 0.600000
2671.006592 0.000000 1051.459961 0.000000 0.801486 0.000000 0.598014 0.600000 0.600000 0.600000
2678.294434 0.000000 1045.144531 0.000000 0.218857 0.000000 0.975757 0.600000 0.600000 0.600000
2682.108887 0.000000 1038.606934 0.000000 0.764910 0.000000 0.644137 0.600000 0.600000 0.600000
2676.654541 0.000000 1047.411255 0.000000 0.937295 0.000000 -0.348538 0.600000 0.600000 0.600000
2684.500488 0.000000 1039.489746 0.000000 0.359851 0.000000 -0.933010 0.600000 0.600000 0.600000
2679.470947 0.000000 1047.593262 0.000000 0.601519 0.000000 0.798858 0.600000 0.600000 0.600000
2672.565674 0.000000 1049.490845 0.000000 0.363884 0.000000 -0.931444 0.600000 0.600000 0.600000
2676.029785 0.000000 1045.256104 0.000000 0.920572 0.000000 -0.390574 0.600000 0.600000 0.600000
2672.804688 0.000000 1051.339600 0.000000 0.564648 0.000000 0.825332 0.600000 0.600000 0.600000
2671.132080 0.000000 1049.946045 0.000000 0.037797 0.000000 -0.999285 0.600000 0.600000 0.600000
2733.519531 0.000000 1027.329834 0.000000 0.582058 0.000000 -0.813148 0.600000 0.600000 0.600000
2746.860107 0.000000 1023.876221 0.000000 0.452263 0.000000 0.891885 0.600000 0.600000 0.600000
2736.229980 0.000000 1033.952271 0.000000 0.117515 0.000000 -0.993071 0.600000 0.600000 0.600000
2749.165283 0.000000 1026.688354 0.000000 0.079550 0.000000 0.996831 0.600000 0.600000 0.600000
2745.775635 0.000000 1027.149170 0.000000 0.789974 0.000000 0.613140 0.600000 0.600000 0.600000
2732.186523 0.000000 1051.389038 0.000000 0.973483 0.000000 -0.228758 0.600000 0.600000 0.600000
2743.260742 0.000000 1027.934448 0.000000 0.833856 0.000000 0.551983 0.600000 0.600000 0.600000
2734.120850 0.000000 1035.312622 0.000000 0.007971 0.000000 0.999968 0.600000 0.600000 0.600000
2735.683105 0.000000 1026.520264 0.000000 0.594733 0.000000 -0.803924 0.600000 0.600000 0.600000
2734.874268 0.000000 1029.203369 0.000000 0.933699 0.000000 -0.358059 0.600000 0.600000 0.600000
2733.668213 0.000000 1049.698242 0.000000 0.808748 0.000000 0.588156 0.600000 0.600000 0.600000
2734.148682 0.000000 1033.203491 0.000000 0.169103 0.000000 -0.985598 0.600000 0.600000 0.600000
2747.285889 0.000000 1025.776855 0.000000 0.922610 0.000000 0.385735 0.600000 0.600000 0.600000
2750.925781 0.000000 1026.950928 0.000000 0.680353 0.000000 0.732884 0.600000 0.600000 0.600000
2733.000244 0.000000 1029.443481 0.000000 0.147123 0.000000 -0.989118 0.600000 0.600000 0.600000
2748.521973 0.000000 1024.484131 0.000000 0.208810 0.000000 0.977956 0.600000 0.600000 0.600000
2732.807129 0.000000 1048.244263 0.000000 0.736120 0.000000 0.676851 0.600000 0.600000 0.600000
2750.374268 0.000000 1025.473877 0.000000 0.646538 0.000000 0.762882 0.600000 0.600000 0.600000
2737.282715 0.000000 1033.103027 0.000000 0.140192 0.000000 0.990124 0.600000 0.600000 0.600000
2735.949707 0.000000 1028.665894 0.000000 0.996626 0.000000 0.082072 0.600000 0.600000 0.600000
2735.719727 0.000000 1029.907593 0.000000 0.448152 0.000000 0.893957 0.600000 0.600000 0.600000
2701.527344 0.000000 1059.314209 0.000000 0.920093 0.000000 -0.391699 0.600000 0.600000 0.600000
2692.183105 0.000000 1060.604370 0.000000 0.710050 0.000000 0.704151 0.600000 0.600000 0.600000
2693.274170 0.000000 1063.195435 0.000000 0.184568 0.000000 0.982820 0.600000 0.600000 0.600000
2694.714600 0.000000 1061.064087 0.000000 0.099472 0.000000 -0.995040 0.600000 0.600000 0.600000
2699.488770 0.000000 1060.443481 0.000000 0.882108 0.000000 0.471047 0.600000 0.600000 0.600000
2718.347900 0.000000 1060.617432 0.000000 0.059072 0.000000 -0.998254 0.600000 0.600000 0.600000
2715.293701 0.000000 1057.761230 0.000000 0.033196 0.000000 0.999449 0.600000 0.600000 0.600000
2718.933594 0.000000 1058.935303 0.000000 0.983365 0.000000 0.181640 0.600000 0.600000 0.600000
2701.008057 0.000000 1061.427856 0.000000 0.950146 0.000000 0.311805 0.600000 0.600000 0.600000
2719.451904 0.000000 1067.919556 0.000000 0.101972 0.000000 0.994787 0.600000 0.600000 0.600000
2719.350830 0.000000 1058.823853 0.000000 0.806350 0.000000 0.591438 0.600000 0.600000 0.600000
2751.516846 0.000000 1025.144409 0.000000 0.943044 0.000000 0.332667 0.600000 0.600000 0.600000
2755.730713 0.000000 1033.660400 0.000000 0.655705 0.000000 -0.755018 0.600000 0.600000 0.600000
2782.408691 0.000000 1049.036621 0.000000 0.886217 0.000000 0.463271 0.600000 0.600000 0.600000
2779.152588 0.000000 1052.368164 0.000000 0.965498 0.000000 -0.260410 0.600000 0.600000 0.600000
2783.004395 0.000000 1051.527954 0.000000 0.292895 0.000000 0.956145 0.600000 0.600000 0.600000
2780.160156 0.000000 1047.341309 0.000000 0.476063 0.000000 -0.879411 0.600000 0.600000 0.600000
2783.119385 0.000000 1046.919067 0.000000 0.919573 0.000000 -0.392919 0.600000 0.600000 0.600000
2753.414795 0.000000 1024.124878 0.000000 0.368526 0.000000 -0.929617 0.600000 0.600000 0.600000
2780.917480 0.000000 1051.273682 0.000000 0.208835 0.000000 -0.977951 0.600000 0.600000 0.600000
2782.480225 0.000000 1043.567139 0.000000 0.888022 0.000000 -0.459800 0.600000 0.600000 0.600000
2780.085205 0.000000 1054.659668 0.000000 0.139445 0.000000 -0.990230 0.600000 0.600000 0.600000
2751.343018 0.000000 1026.839478 0.000000 0.155048 0.000000 -0.987907 0.600000 0.600000 0.600000
2780.629150 0.000000 1052.744507 0.000000 0.969379 0.000000 0.245568 0.600000 0.600000 0.600000
2783.127930 0.000000 1044.830322 0.000000 0.418785 0.000000 0.908086 0.600000 0.600000 0.600000
2782.869141 0.000000 1042.363770 0.000000 0.992027 0.000000 0.126022 0.600000 0.600000 0.600000
2807.457520 0.000000 1034.467896 0.000000 0.982781 0.000000 -0.184774 0.600000 0.600000 0.600000
2784.308594 0.000000 1045.000000 0.000000 0.668119 0.000000 0.744054 0.600000 0.600000 0.600000
2804.811523 0.000000 1027.470825 0.000000 0.770460 0.000000 -0.637489 0.600000 0.600000 0.600000
2812.952148 0.000000 1036.792236 0.000000 0.984106 0.000000 0.177584 0.600000 0.600000 0.600000
2801.067627 0.000000 1023.779419 0.000000 0.403017 0.000000 0.915192 0.600000 0.600000 0.600000
2783.677734 0.000000 1040.577881 0.000000 0.491247 0.000000 -0.871020 0.600000 0.600000 0.600000
2806.387451 0.000000 1038.638672 0.000000 0.591445 0.000000 -0.806345 0.600000 0.600000 0.600000
2787.722900 0.000000 1033.660400 0.000000 0.820635 0.000000 -0.571453 0.600000 0.600000 0.600000
2783.571289 0.000000 1049.051758 0.000000 0.976579 0.000000 -0.215157 0.600000 0.600000 0.600000
2810.077637 0.000000 1038.606934 0.000000 0.731099 0.000000 -0.682271 0.600000 0.600000 0.600000
2787.448730 0.000000 1045.240479 0.000000 0.972480 0.000000 0.232987 0.600000 0.600000 0.600000
2804.036621 0.000000 1024.533569 0.000000 0.987837 0.000000 -0.155492 0.600000 0.600000 0.600000
2785.946777 0.000000 1042.510742 0.000000 0.427147 0.000000 -0.904182 0.600000 0.600000 0.600000
2809.543945 0.000000 1036.047119 0.000000 0.371981 0.000000 0.928240 0.600000 0.600000 0.600000
2786.000977 0.000000 1035.659180 0.000000 0.926090 0.000000 0.377303 0.600000 0.600000 0.600000
2804.922607 0.000000 1034.385986 0.000000 0.183909 0.000000 -0.982943 0.600000 0.600000 0.600000
2806.604980 0.000000 1032.161987 0.000000 0.932464 0.000000 -0.361263 0.600000 0.600000 0.600000
2783.337891 0.000000 1042.895264 0.000000 0.591371 0.000000 0.806400 0.600000 0.600000 0.600000
2783.970703 0.000000 1051.765991 0.000000 0.851334 0.000000 0.524625 0.600000 0.600000 0.600000
2806.029053 0.000000 1036.430908 0.000000 0.705771 0.000000 -0.708440 0.600000 0.600000 0.600000
2808.167969 0.000000 1037.687378 0.000000 0.267332 0.000000 0.963605 0.600000 0.600000 0.600000
2783.424561 0.000000 1046.711548 0.000000 0.813980 0.000000 0.580893 0.600000 0.600000 0.600000
2785.954834 0.000000 1044.331421 0.000000 0.998835 0.000000 0.048253 0.600000 0.600000 0.600000
2802.406494 0.000000 1024.754883 0.000000 0.981807 0.000000 0.189882 0.600000 0.600000 0.600000
2800.810059 0.000000 1025.350708 0.000000 0.208331 0.000000 0.978058 0.600000 0.600000 0.600000
2807.588623 0.000000 1036.074097 0.000000 0.164909 0.000000 0.986309 0.600000 0.600000 0.600000
2812.632080 0.000000 1028.743042 0.000000 0.998931 0.000000 -0.046217 0.600000 0.600000 0.600000
2786.286621 0.000000 1034.090942 0.000000 0.839217 0.000000 0.543796 0.600000 0.600000 0.600000
2787.564453 0.000000 1035.130127 0.000000 0.308430 0.000000 0.951247 0.600000 0.600000 0.600000
2804.689209 0.000000 1035.841309 0.000000 0.679625 0.000000 -0.733560 0.600000 0.600000 0.600000
2809.292236 0.000000 1023.911621 0.000000 0.722588 0.000000 -0.691279 0.600000 0.600000 0.600000
2806.241943 0.000000 1035.077271 0.000000 0.422908 0.000000 -0.906172 0.600000 0.600000 0.600000
2806.936523 0.000000 1037.525269 0.000000 0.408069 0.000000 0.912951 0.600000 0.600000 0.600000
2813.613037 0.000000 1029.695557 0.000000 0.629257 0.000000 -0.777197 0.600000 0.600000 0.600000
2808.151611 0.000000 1023.869995 0.000000 0.558573 0.000000 -0.829455 0.600000 0.600000 0.600000
2783.708252 0.000000 1047.747192 0.000000 0.151024 0.000000 -0.988530 0.600000 0.600000 0.600000
2778.852295 0.000000 1055.860596 0.000000 0.737449 0.000000 0.675403 0.600000 0.600000 0.600000
2781.157471 0.000000 1058.672729 0.000000 0.656709 0.000000 -0.754144 0.600000 0.600000 0.600000
2777.767822 0.000000 1059.133545 0.000000 0.992893 0.000000 -0.119009 0.600000 0.600000 0.600000
2782.332275 0.000000 1060.617432 0.000000 0.879493 0.000000 0.475913 0.600000 0.600000 0.600000
2779.278076 0.000000 1057.761230 0.000000 0.733985 0.000000 0.679166 0.600000 0.600000 0.600000
2782.917969 0.000000 1058.935303 0.000000 0.088957 0.000000 -0.996036 0.600000 0.600000 0.600000
2779.579102 0.000000 1059.580444 0.000000 0.922531 0.000000 0.385924 0.600000 0.600000 0.600000
2780.514160 0.000000 1056.468506 0.000000 0.873403 0.000000 0.486999 0.600000 0.600000 0.600000
2776.830322 0.000000 1060.567627 0.000000 0.870911 0.000000 -0.491441 0.600000 0.600000 0.600000
2775.022705 0.000000 1061.429443 0.000000 0.274718 0.000000 0.961525 0.600000 0.600000 0.600000
2777.684326 0.000000 1061.095581 0.000000 0.924516 0.000000 -0.381142 0.600000 0.600000 0.600000
2783.509033 0.000000 1057.128784 0.000000 0.531292 0.000000 0.847189 0.600000 0.600000 0.600000
2784.481445 0.000000 1060.212646 0.000000 0.931013 0.000000 0.364987 0.600000 0.600000 0.600000
2783.383301 0.000000 1061.725220 0.000000 0.432711 0.000000 -0.901533 0.600000 0.600000 0.600000
2797.706543 0.000000 1095.120972 0.000000 0.737907 0.000000 0.674903 0.600000 0.600000 0.600000
2802.793213 0.000000 1113.656372 0.000000 0.968555 0.000000 0.248798 0.600000 0.600000 0.600000
2805.791992 0.000000 1116.572510 0.000000 0.557996 0.000000 -0.829844 0.600000 0.600000 0.600000
2798.105225 0.000000 1099.281372 0.000000 0.999073 0.000000 0.043038 0.600000 0.600000 0.600000
2805.589355 0.000000 1118.841919 0.000000 0.171924 0.000000 0.985110 0.600000 0.600000 0.600000
2796.205322 0.000000 1094.821533 0.000000 0.763497 0.000000 -0.645811 0.600000 0.600000 0.600000
2799.523926 0.000000 1096.611816 0.000000 0.662830 0.000000 -0.748770 0.600000 0.600000 0.600000
2805.007080 0.000000 1117.676514 0.000000 0.851735 0.000000 0.523973 0.600000 0.600000 0.600000
2797.230957 0.000000 1096.321655 0.000000 0.197663 0.000000 0.980270 0.600000 0.600000 0.600000
2804.778320 0.000000 1116.159302 0.000000 0.853482 0.000000 -0.521123 0.600000 0.600000 0.600000
2796.103027 0.000000 1097.535522 0.000000 0.801019 0.000000 0.598638 0.600000 0.600000 0.600000
2797.503906 0.000000 1123.282959 0.000000 0.039651 0.000000 0.999214 0.600000 0.600000 0.600000
2791.539795 0.000000 1142.126221 0.000000 0.692299 0.000000 0.721611 0.600000 0.600000 0.600000
2804.811523 0.000000 1123.423950 0.000000 0.954321 0.000000 -0.298785 0.600000 0.600000 0.600000
2800.214355 0.000000 1129.905396 0.000000 0.420343 0.000000 0.907366 0.600000 0.600000 0.600000
2796.803223 0.000000 1140.350220 0.000000 0.253399 0.000000 0.967362 0.600000 0.600000 0.600000
2789.006104 0.000000 1138.351929 0.000000 0.086325 0.000000 -0.996267 0.600000 0.600000 0.600000
2795.154297 0.000000 1144.654541 0.000000 0.448902 0.000000 0.893581 0.600000 0.600000 0.600000
2804.089844 0.000000 1127.655884 0.000000 0.916245 0.000000 0.400619 0.600000 0.600000 0.600000
2798.786865 0.000000 1133.578369 0.000000 0.309767 0.000000 -0.950813 0.600000 0.600000 0.600000
2791.111084 0.000000 1135.922729 0.000000 0.623451 0.000000 -0.781863 0.600000 0.600000 0.600000
2794.684570 0.000000 1126.609863 0.000000 0.227892 0.000000 -0.973686 0.600000 0.600000 0.600000
2798.072510 0.000000 1120.312988 0.000000 0.949967 0.000000 0.312351 0.600000 0.600000 0.600000
2792.359863 0.000000 1145.668579 0.000000 0.608442 0.000000 -0.793598 0.600000 0.600000 0.600000
2794.351318 0.000000 1141.758545 0.000000 0.121828 0.000000 0.992551 0.600000 0.600000 0.600000
2807.245117 0.000000 1123.887573 0.000000 0.213582 0.000000 -0.976925 0.600000 0.600000 0.600000
2805.635498 0.000000 1125.779419 0.000000 0.024168 0.000000 -0.999708 0.600000 0.600000 0.600000
2800.867188 0.000000 1132.253540 0.000000 0.618166 0.000000 -0.786047 0.600000 0.600000 0.600000
2799.667480 0.000000 1122.473389 0.000000 0.161426 0.000000 0.986885 0.600000 0.600000 0.600000
2802.562500 0.000000 1129.786255 0.000000 0.793907 0.000000 0.608039 0.600000 0.600000 0.600000
2792.508545 0.000000 1126.104126 0.000000 0.921561 0.000000 -0.388235 0.600000 0.600000 0.600000
2794.823242 0.000000 1139.717285 0.000000 0.560593 0.000000 0.828091 0.600000 0.600000 0.600000
2796.049561 0.000000 1120.282471 0.000000 0.999625 0.000000 -0.027397 0.600000 0.600000 0.600000
2789.120117 0.000000 1140.237915 0.000000 0.958603 0.000000 0.284747 0.600000 0.600000 0.600000
2789.211426 0.000000 1136.031982 0.000000 0.350737 0.000000 -0.936474 0.600000 0.600000 0.600000
2805.476807 0.000000 1119.527832 0.000000 0.926254 0.000000 0.376900 0.600000 0.600000 0.600000
2796.833496 0.000000 1121.724487 0.000000 0.549403 0.000000 -0.835558 0.600000 0.600000 0.600000
2799.576172 0.000000 1120.099609 0.000000 0.712317 0.000000 -0.701858 0.600000 0.600000 0.600000
2795.018311 0.000000 1143.123535 0.000000 0.725977 0.000000 0.687719 0.600000 0.600000 0.600000
2790.212158 0.000000 1131.330444 0.000000 0.162652 0.000000 0.986684 0.600000 0.600000 0.600000
2795.715820 0.000000 1141.288208 0.000000 0.926291 0.000000 -0.376809 0.600000 0.600000 0.600000
2805.452881 0.000000 1127.241211 0.000000 0.306684 0.000000 0.951811 0.600000 0.600000 0.600000
2790.006836 0.000000 1132.864624 0.000000 0.255129 0.000000 0.966907 0.600000 0.600000 0.600000
2796.000244 0.000000 1123.142212 0.000000 0.968373 0.000000 0.249507 0.600000 0.600000 0.600000
2826.797852 0.000000 1039.211304 0.000000 0.806731 0.000000 0.590919 0.600000 0.600000 0.600000
2842.836670 0.000000 1023.876221 0.000000 0.245939 0.000000 -0.969285 0.600000 0.600000 0.600000
2819.395752 0.000000 1038.157715 0.000000 0.182576 0.000000 0.983192 0.600000 0.600000 0.600000
2820.151855 0.000000 1028.619995 0.000000 0.006737 0.000000 -0.999977 0.600000 0.600000 0.600000
2815.428467 0.000000 1035.935181 0.000000 0.160280 0.000000 0.987072 0.600000 0.600000 0.600000
2823.103271 0.000000 1039.969604 0.000000 0.448489 0.000000 -0.893788 0.600000 0.600000 0.600000
2830.064697 0.000000 1024.359863 0.000000 0.858447 0.000000 -0.512903 0.600000 0.600000 0.600000
2817.993164 0.000000 1035.659180 0.000000 0.453595 0.000000 0.891208 0.600000 0.600000 0.600000
2822.683350 0.000000 1029.079712 0.000000 0.428910 0.000000 -0.903347 0.600000 0.600000 0.600000
2825.251221 0.000000 1034.235596 0.000000 0.997872 0.000000 0.065198 0.600000 0.600000 0.600000
2821.614990 0.000000 1038.312378 0.000000 0.731729 0.000000 -0.681596 0.600000 0.600000 0.600000
2825.085449 0.000000 1040.558594 0.000000 0.693456 0.000000 -0.720499 0.600000 0.600000 0.600000
2818.308594 0.000000 1029.083252 0.000000 0.009768 0.000000 0.999952 0.600000 0.600000 0.600000
2817.520996 0.000000 1040.003662 0.000000 0.247608 0.000000 -0.968860 0.600000 0.600000 0.600000
2823.334473 0.000000 1027.275513 0.000000 0.991703 0.000000 -0.128553 0.600000 0.600000 0.600000
2821.203613 0.000000 1040.078857 0.000000 0.155185 0.000000 0.987885 0.600000 0.600000 0.600000
2823.617920 0.000000 1035.006226 0.000000 0.935731 0.000000 0.352716 0.600000 0.600000 0.600000
2831.568359 0.000000 1024.146484 0.000000 0.967435 0.000000 0.253118 0.600000 0.600000 0.600000
2824.880371 0.000000 1035.754272 0.000000 0.292528 0.000000 -0.956257 0.600000 0.600000 0.600000
2823.234863 0.000000 1038.238647 0.000000 0.662412 0.000000 -0.749140 0.600000 0.600000 0.600000
2822.204346 0.000000 1035.377319 0.000000 0.926130 0.000000 -0.377203 0.600000 0.600000 0.600000
2826.439697 0.000000 1035.056519 0.000000 0.783571 0.000000 0.621302 0.600000 0.600000 0.600000
2820.821533 0.000000 1034.536865 0.000000 0.299822 0.000000 -0.953995 0.600000 0.600000 0.600000
2816.660156 0.000000 1035.210693 0.000000 0.654311 0.000000 -0.756225 0.600000 0.600000 0.600000
2818.647217 0.000000 1039.324097 0.000000 0.999966 0.000000 -0.008215 0.600000 0.600000 0.600000
2824.321289 0.000000 1039.579224 0.000000 0.712209 0.000000 -0.701968 0.600000 0.600000 0.600000
2825.587402 0.000000 1039.457520 0.000000 0.322978 0.000000 0.946407 0.600000 0.600000 0.600000
2831.150879 0.000000 1025.286133 0.000000 0.998662 0.000000 -0.051720 0.600000 0.600000 0.600000
2825.940674 0.000000 1038.266113 0.000000 0.437419 0.000000 -0.899258 0.600000 0.600000 0.600000
2823.082275 0.000000 1034.144287 0.000000 0.050867 0.000000 -0.998705 0.600000 0.600000 0.600000
2823.105225 0.000000 1035.846191 0.000000 0.983389 0.000000 -0.181512 0.600000 0.600000 0.600000
"}
